
   INFO  Server running on [http://127.0.0.1:8000].  

  Press Ctrl+C to stop the server


   INFO  Server running on [http://127.0.0.1:8000].  

  Press Ctrl+C to stop the server

  2026-09-28 07:36:57 ....................................................................... ~ 3s
  2026-09-28 07:37:00 /image/categories/academic/1.jpg ...................................... ~ 0s
  2026-09-28 07:37:00 /image/logo/logo1x1.png ............................................... ~ 0s
  2026-09-28 07:37:00 /vendor/livewire/livewire.js?id=e949cd11 .............................. ~ 0s
  2026-09-28 07:37:00 /pwa/manifest.json .................................................... ~ 0s
  2026-09-28 07:37:02 /image/resaltado/001/IMG-20260228-WA0000.jpg .......................... ~ 0s
  2026-09-28 07:37:02 /image/resaltado/001/IMG-20260228-WA0001.jpg .......................... ~ 0s
  2026-09-28 07:37:02 /image/resaltado/001/IMG-20260228-WA0002.jpg .......................... ~ 0s
  2026-09-28 07:37:02 /image/categories/svg/folder.svg ...................................... ~ 0s
  2026-09-28 07:37:12 /videos/census/newCatch.mp4 ........................................... ~ 0s
  2026-09-28 07:37:13 /pwa/icon_192.png ..................................................... ~ 0s
  2026-09-28 07:41:51 ....................................................................... ~ 0s
  2026-09-28 07:41:51 /image/logo/logo1x1.png ............................................... ~ 0s
  2026-09-28 07:41:51 /image/brand/512.png .................................................. ~ 0s
  2026-09-28 07:41:51 /vendor/livewire/livewire.js?id=e949cd11 .............................. ~ 0s
  2026-09-28 07:41:53 ....................................................................... ~ 0s
  2026-09-28 07:41:53 ....................................................................... ~ 2s
  2026-09-28 07:41:55 /favicon.ico .......................................................... ~ 0s
  2026-09-28 07:44:22 ....................................................................... ~ 0s
  2026-09-28 07:44:22 ....................................................................... ~ 1s
  2026-09-28 07:44:23 /image/logo/logo1x1.png ............................................... ~ 0s
  2026-09-28 07:44:23 /vendor/livewire/livewire.js?id=e949cd11 .............................. ~ 0s
  2026-09-28 07:44:23 ....................................................................... ~ 0s
  2026-09-28 07:44:23 ....................................................................... ~ 0s
  2026-09-28 07:44:27 ....................................................................... ~ 0s
  2026-09-28 07:44:27 /image/logo/logo1x1.png ............................................... ~ 0s
  2026-09-28 07:44:27 /vendor/livewire/livewire.js?id=e949cd11 .............................. ~ 0s
  2026-09-28 07:44:28 ....................................................................... ~ 0s
  2026-09-28 07:44:58 ....................................................................... ~ 0s
  2026-09-28 07:45:28 ....................................................................... ~ 0s
  2026-09-28 07:45:58 ....................................................................... ~ 0s
  2026-09-28 07:46:28 ....................................................................... ~ 0s
  2026-09-28 07:46:38 ....................................................................... ~ 1s
  2026-09-28 07:46:53 ....................................................................... ~ 2s
  2026-09-28 07:46:55 /vendor/livewire/livewire.js?id=e949cd11 .............................. ~ 0s
  2026-09-28 07:46:55 /image/logo/logo1x1.png ............................................... ~ 0s
  2026-09-28 07:46:55 /image/categories/academic/1.jpg ...................................... ~ 0s
  2026-09-28 07:46:55 /image/resaltado/001/IMG-20260228-WA0000.jpg .......................... ~ 0s
  2026-09-28 07:46:55 /image/categories/academic/2.jpg ...................................... ~ 0s
  2026-09-28 07:46:55 /image/resaltado/001/IMG-20260228-WA0001.jpg .......................... ~ 0s
  2026-09-28 07:46:55 /image/resaltado/001/IMG-20260228-WA0002.jpg .......................... ~ 0s
  2026-09-28 07:46:55 /image/categories/svg/folder.svg ...................................... ~ 0s
  2026-09-28 07:46:56 /videos/census/newCatch.mp4 ........................................... ~ 0s
  2026-09-28 07:46:58 ....................................................................... ~ 0s
  2026-09-28 07:46:58 ....................................................................... ~ 1s
  2026-09-28 07:46:59 /vendor/livewire/livewire.js?id=e949cd11 .............................. ~ 0s
  2026-09-28 07:46:59 /image/brand/512.png .................................................. ~ 0s
  2026-09-28 07:46:59 /image/logo/logo1x1.png ............................................... ~ 0s
  2026-09-28 07:47:02 ....................................................................... ~ 0s
  2026-09-28 07:47:02 ....................................................................... ~ 1s
  2026-09-28 07:47:03 /vendor/livewire/livewire.js?id=e949cd11 .............................. ~ 0s
  2026-09-28 07:47:03 /image/logo/logo1x1.png ............................................... ~ 0s
  2026-09-28 07:47:04 ....................................................................... ~ 0s
  2026-09-28 07:47:06 ....................................................................... ~ 2s
  2026-09-28 07:47:08 /vendor/livewire/livewire.js?id=e949cd11 .............................. ~ 0s
  2026-09-28 07:47:08 /image/logo/logo1x1.png ............................................... ~ 0s
  2026-09-28 07:47:08 ....................................................................... ~ 1s
  2026-09-28 07:47:10 ....................................................................... ~ 0s
  2026-09-28 07:47:16 ....................................................................... ~ 0s
  2026-09-28 07:47:16 ....................................................................... ~ 0s
  2026-09-28 07:47:16 ....................................................................... ~ 1s
  2026-09-28 07:47:28 ....................................................................... ~ 0s
  2026-09-28 07:47:38 ....................................................................... ~ 0s
  2026-09-28 07:47:58 ....................................................................... ~ 0s
  2026-09-28 07:48:08 ....................................................................... ~ 0s
  2026-09-28 07:48:28 ....................................................................... ~ 0s
  2026-09-28 07:48:38 ....................................................................... ~ 0s
  2026-09-28 07:48:58 ....................................................................... ~ 0s
  2026-09-28 07:49:08 ....................................................................... ~ 0s
  2026-09-28 07:49:28 ....................................................................... ~ 0s
  2026-09-28 07:49:39 ....................................................................... ~ 0s
  2026-09-28 07:49:58 ....................................................................... ~ 0s
  2026-09-28 07:50:09 ....................................................................... ~ 0s
  2026-09-28 07:50:26 ....................................................................... ~ 0s
  2026-09-28 07:50:28 ....................................................................... ~ 0s
  2026-09-28 07:50:39 ....................................................................... ~ 0s
  2026-09-28 07:50:44 ....................................................................... ~ 0s
  2026-09-28 07:50:44 ....................................................................... ~ 0s
  2026-09-28 07:50:44 ....................................................................... ~ 1s
  2026-09-28 07:50:58 ....................................................................... ~ 0s
  2026-09-28 07:51:09 ....................................................................... ~ 0s
  2026-09-28 07:51:28 ....................................................................... ~ 0s
  2026-09-28 07:51:39 ....................................................................... ~ 1s
  2026-09-28 07:51:58 ....................................................................... ~ 0s
  2026-09-28 07:52:09 ....................................................................... ~ 1s
  2026-09-28 07:52:28 ....................................................................... ~ 0s
  2026-09-28 07:52:40 ....................................................................... ~ 0s
  2026-09-28 07:52:58 ....................................................................... ~ 0s
  2026-09-28 07:53:10 ....................................................................... ~ 0s
  2026-09-28 07:53:28 ....................................................................... ~ 0s
  2026-09-28 07:53:40 ....................................................................... ~ 0s
  2026-09-28 07:53:58 ....................................................................... ~ 0s
  2026-09-28 07:54:03 ....................................................................... ~ 0s
  2026-09-28 07:54:10 ....................................................................... ~ 0s
  2026-09-28 07:54:28 ....................................................................... ~ 0s
  2026-09-28 07:54:40 ....................................................................... ~ 0s
  2026-09-28 07:54:58 ....................................................................... ~ 0s
  2026-09-28 07:55:10 ....................................................................... ~ 0s
  2026-09-28 07:55:28 ....................................................................... ~ 0s
  2026-09-28 07:55:40 ....................................................................... ~ 0s
  2026-09-28 07:55:58 ....................................................................... ~ 0s
  2026-09-28 07:56:11 ....................................................................... ~ 0s
  2026-09-28 07:56:28 ....................................................................... ~ 0s
  2026-09-28 07:56:41 ....................................................................... ~ 0s
  2026-09-28 07:56:58 ....................................................................... ~ 0s
  2026-09-28 07:57:11 ....................................................................... ~ 0s
  2026-09-28 07:57:28 ....................................................................... ~ 0s

   INFO  Server running on [http://127.0.0.1:8000].  

  Press Ctrl+C to stop the server

  2026-09-28 16:29:51 ....................................................................... ~ 2s
  2026-09-28 16:29:53 /image/logo/logo1x1.png ............................................... ~ 0s
  2026-09-28 16:29:53 /image/categories/academic/1.jpg ...................................... ~ 0s
  2026-09-28 16:29:53 /image/categories/academic/2.jpg ...................................... ~ 0s
  2026-09-28 16:29:53 /vendor/livewire/livewire.js?id=e949cd11 .............................. ~ 0s
  2026-09-28 16:29:53 /pwa/manifest.json .................................................... ~ 0s
  2026-09-28 16:29:53 /image/resaltado/001/IMG-20260228-WA0000.jpg .......................... ~ 0s
  2026-09-28 16:29:53 /image/resaltado/001/IMG-20260228-WA0001.jpg .......................... ~ 0s
  2026-09-28 16:29:53 /image/resaltado/001/IMG-20260228-WA0002.jpg .......................... ~ 0s
  2026-09-28 16:29:53 /image/categories/svg/folder.svg ...................................... ~ 0s
  2026-09-28 16:30:02 /videos/census/newCatch.mp4 ........................................... ~ 0s
  2026-09-28 16:30:02 /pwa/icon_192.png ..................................................... ~ 0s
  2026-09-28 16:30:08 ....................................................................... ~ 0s
  2026-09-28 16:30:08 ....................................................................... ~ 1s
  2026-09-28 16:30:09 /image/logo/logo1x1.png ............................................... ~ 0s
  2026-09-28 16:30:09 /vendor/livewire/livewire.js?id=e949cd11 .............................. ~ 0s
  2026-09-28 16:30:09 ....................................................................... ~ 0s
  2026-09-28 16:30:17 ....................................................................... ~ 1s
  2026-09-28 16:30:18 /image/logo/logo1x1.png ............................................... ~ 0s
  2026-09-28 16:30:18 /vendor/livewire/livewire.js?id=e949cd11 .............................. ~ 0s
  2026-09-28 16:30:18 ....................................................................... ~ 0s
  2026-09-28 16:30:48 ....................................................................... ~ 0s
  2026-09-28 16:31:18 ....................................................................... ~ 0s
  2026-09-28 16:31:48 ....................................................................... ~ 0s
  2026-09-28 16:32:18 ....................................................................... ~ 0s
  2026-09-28 16:32:48 ....................................................................... ~ 0s
  2026-09-28 16:33:18 ....................................................................... ~ 0s
  2026-09-28 16:33:48 ....................................................................... ~ 0s
  2026-09-28 16:34:18 ....................................................................... ~ 0s
  2026-09-28 16:34:48 ....................................................................... ~ 0s
  2026-09-28 16:35:18 ....................................................................... ~ 0s
  2026-09-28 16:35:48 ....................................................................... ~ 0s
  2026-09-28 16:36:18 ....................................................................... ~ 0s
  2026-09-28 16:36:48 ....................................................................... ~ 0s
  2026-09-28 16:37:18 ....................................................................... ~ 0s
  2026-09-28 16:37:48 ....................................................................... ~ 0s
  2026-09-28 16:38:18 ....................................................................... ~ 0s
  2026-09-28 16:38:48 ....................................................................... ~ 0s
  2026-09-28 16:39:18 ....................................................................... ~ 0s
  2026-09-28 16:39:48 ....................................................................... ~ 0s
  2026-09-28 16:40:18 ....................................................................... ~ 0s
  2026-09-28 16:40:48 ....................................................................... ~ 0s
  2026-09-28 16:41:18 ....................................................................... ~ 0s
  2026-09-28 16:41:48 ....................................................................... ~ 0s
  2026-09-28 16:41:55 ....................................................................... ~ 0s
  2026-09-28 16:41:55 /image/logo/logo1x1.png ............................................... ~ 1s
  2026-09-28 16:41:56 /vendor/livewire/livewire.js?id=e949cd11 .............................. ~ 0s
  2026-09-28 16:41:58 ....................................................................... ~ 0s
  2026-09-28 16:41:58 /favicon.svg .......................................................... ~ 0s
  2026-09-28 16:42:03 ....................................................................... ~ 0s
  2026-09-28 16:42:03 /image/logo/logo1x1.png ............................................... ~ 0s
  2026-09-28 16:42:03 /vendor/livewire/livewire.js?id=e949cd11 .............................. ~ 0s
  2026-09-28 16:42:05 ....................................................................... ~ 0s
  2026-09-28 16:42:05 /favicon.svg .......................................................... ~ 0s
  2026-09-28 16:42:18 ....................................................................... ~ 0s
  2026-09-28 16:42:18 /image/logo/logo1x1.png ............................................... ~ 0s
  2026-09-28 16:42:18 /vendor/livewire/livewire.js?id=e949cd11 .............................. ~ 0s
  2026-09-28 16:42:19 ....................................................................... ~ 0s
  2026-09-28 16:42:19 /favicon.svg .......................................................... ~ 0s
  2026-09-28 16:42:30 ....................................................................... ~ 0s
  2026-09-28 16:42:30 /image/logo/logo1x1.png ............................................... ~ 0s
  2026-09-28 16:42:30 /vendor/livewire/livewire.js?id=e949cd11 .............................. ~ 0s
  2026-09-28 16:42:32 ....................................................................... ~ 1s
  2026-09-28 16:42:33 /favicon.svg .......................................................... ~ 0s
  2026-09-28 16:42:39 ....................................................................... ~ 1s
  2026-09-28 16:42:40 /image/logo/logo1x1.png ............................................... ~ 0s
  2026-09-28 16:42:40 /vendor/livewire/livewire.js?id=e949cd11 .............................. ~ 0s
  2026-09-28 16:42:41 ....................................................................... ~ 0s
  2026-09-28 16:42:41 /favicon.svg .......................................................... ~ 0s
  2026-09-28 16:42:49 ....................................................................... ~ 0s
  2026-09-28 16:42:49 /image/logo/logo1x1.png ............................................... ~ 0s
  2026-09-28 16:42:49 /vendor/livewire/livewire.js?id=e949cd11 .............................. ~ 0s
  2026-09-28 16:42:51 ....................................................................... ~ 0s
  2026-09-28 16:42:51 /favicon.svg .......................................................... ~ 0s
  2026-09-28 16:43:01 ....................................................................... ~ 0s
  2026-09-28 16:43:01 /image/logo/logo1x1.png ............................................... ~ 0s
  2026-09-28 16:43:01 /vendor/livewire/livewire.js?id=e949cd11 .............................. ~ 0s
  2026-09-28 16:43:02 ....................................................................... ~ 0s
  2026-09-28 16:43:02 /favicon.svg .......................................................... ~ 0s
  2026-09-28 16:43:05 ....................................................................... ~ 0s
  2026-09-28 16:43:05 /image/logo/logo1x1.png ............................................... ~ 0s
  2026-09-28 16:43:05 /vendor/livewire/livewire.js?id=e949cd11 .............................. ~ 0s
  2026-09-28 16:43:06 ....................................................................... ~ 0s
  2026-09-28 16:43:06 /favicon.svg .......................................................... ~ 0s
  2026-09-28 16:43:36 ....................................................................... ~ 0s
  2026-09-28 16:44:06 ....................................................................... ~ 0s
  2026-09-28 16:44:36 ....................................................................... ~ 0s
  2026-09-28 16:45:06 ....................................................................... ~ 0s
  2026-09-28 16:45:36 ....................................................................... ~ 0s
  2026-09-28 16:46:06 ....................................................................... ~ 0s
  2026-09-28 16:46:36 ....................................................................... ~ 0s
  2026-09-28 16:47:06 ....................................................................... ~ 0s
  2026-09-28 16:47:36 ....................................................................... ~ 0s
  2026-09-28 16:48:06 ....................................................................... ~ 0s
  2026-09-28 16:48:36 ....................................................................... ~ 0s
  2026-09-28 16:49:06 ....................................................................... ~ 0s
  2026-09-28 16:49:36 ....................................................................... ~ 0s
  2026-09-28 16:50:06 ....................................................................... ~ 0s
  2026-09-28 16:50:36 ....................................................................... ~ 0s
  2026-09-28 16:51:06 ....................................................................... ~ 0s
  2026-09-28 16:51:36 ....................................................................... ~ 0s
  2026-09-28 16:52:06 ....................................................................... ~ 0s
  2026-09-28 16:52:36 ....................................................................... ~ 0s
  2026-09-28 16:53:06 ....................................................................... ~ 0s
  2026-09-28 16:53:36 ....................................................................... ~ 0s
  2026-09-28 16:54:06 ....................................................................... ~ 0s
  2026-09-28 16:54:36 ....................................................................... ~ 0s
  2026-09-28 16:54:48 ....................................................................... ~ 1s
  2026-09-28 16:54:49 /image/logo/logo1x1.png ............................................... ~ 0s
  2026-09-28 16:54:49 /vendor/livewire/livewire.js?id=e949cd11 .............................. ~ 0s
  2026-09-28 16:54:49 ....................................................................... ~ 0s
  2026-09-28 16:54:49 /favicon.svg .......................................................... ~ 0s
  2026-09-28 16:54:52 ....................................................................... ~ 0s
  2026-09-28 16:54:52 /image/logo/logo1x1.png ............................................... ~ 0s
  2026-09-28 16:54:52 /vendor/livewire/livewire.js?id=e949cd11 .............................. ~ 0s
  2026-09-28 16:54:52 ....................................................................... ~ 0s
  2026-09-28 16:55:06 ....................................................................... ~ 0s
  2026-09-28 16:55:14 ....................................................................... ~ 0s
  2026-09-28 16:55:22 ....................................................................... ~ 0s
  2026-09-28 16:55:52 ....................................................................... ~ 0s
  2026-09-28 16:56:22 ....................................................................... ~ 0s
  2026-09-28 16:56:22 ....................................................................... ~ 0s
  2026-09-28 16:56:29 ....................................................................... ~ 0s
  2026-09-28 16:56:37 ....................................................................... ~ 0s
  2026-09-28 16:56:52 ....................................................................... ~ 0s
  2026-09-28 16:57:07 ....................................................................... ~ 0s
  2026-09-28 16:57:22 ....................................................................... ~ 0s
  2026-09-28 16:57:37 ....................................................................... ~ 0s
  2026-09-28 16:57:52 ....................................................................... ~ 0s
  2026-09-28 16:58:07 ....................................................................... ~ 0s
  2026-09-28 16:58:22 ....................................................................... ~ 0s
  2026-09-28 16:58:37 ....................................................................... ~ 0s
  2026-09-28 16:58:52 ....................................................................... ~ 0s
  2026-09-28 16:59:07 ....................................................................... ~ 0s
  2026-09-28 16:59:22 ....................................................................... ~ 0s
  2026-09-28 16:59:37 ....................................................................... ~ 0s
  2026-09-28 16:59:52 ....................................................................... ~ 0s
  2026-09-28 17:00:07 ....................................................................... ~ 0s
  2026-09-28 17:00:22 ....................................................................... ~ 0s
  2026-09-28 17:00:37 ....................................................................... ~ 0s
  2026-09-28 17:00:52 ....................................................................... ~ 0s
  2026-09-28 17:01:07 ....................................................................... ~ 0s
  2026-09-28 17:01:22 ....................................................................... ~ 0s
  2026-09-28 17:01:37 ....................................................................... ~ 0s
  2026-09-28 17:01:52 ....................................................................... ~ 0s
  2026-09-28 17:02:07 ....................................................................... ~ 0s
  2026-09-28 17:02:22 ....................................................................... ~ 0s
  2026-09-28 17:02:37 ....................................................................... ~ 0s
  2026-09-28 17:02:52 ....................................................................... ~ 0s
  2026-09-28 17:03:07 ....................................................................... ~ 0s
  2026-09-28 17:03:22 ....................................................................... ~ 0s
  2026-09-28 17:03:37 ....................................................................... ~ 0s
  2026-09-28 17:03:52 ....................................................................... ~ 0s
  2026-09-28 17:04:07 ....................................................................... ~ 0s
  2026-09-28 17:04:22 ....................................................................... ~ 0s
  2026-09-28 17:04:37 ....................................................................... ~ 0s
  2026-09-28 17:04:52 ....................................................................... ~ 0s
  2026-09-28 17:05:07 ....................................................................... ~ 0s
  2026-09-28 17:05:22 ....................................................................... ~ 0s
  2026-09-28 17:05:37 ....................................................................... ~ 0s
  2026-09-28 17:05:52 ....................................................................... ~ 0s
  2026-09-28 17:06:07 ....................................................................... ~ 0s
  2026-09-28 17:06:22 ....................................................................... ~ 0s
  2026-09-28 17:06:37 ....................................................................... ~ 0s
  2026-09-28 17:06:52 ....................................................................... ~ 0s
  2026-09-28 17:07:07 ....................................................................... ~ 0s
  2026-09-28 17:07:22 ....................................................................... ~ 0s
  2026-09-28 17:07:37 ....................................................................... ~ 0s
  2026-09-28 17:07:52 ....................................................................... ~ 0s
  2026-09-28 17:08:07 ....................................................................... ~ 0s
  2026-09-28 17:08:22 ....................................................................... ~ 0s
  2026-09-28 17:08:37 ....................................................................... ~ 0s
  2026-09-28 17:08:52 ....................................................................... ~ 0s
  2026-09-28 17:09:07 ....................................................................... ~ 0s
  2026-09-28 17:09:22 ....................................................................... ~ 0s
  2026-09-28 17:09:37 ....................................................................... ~ 0s
  2026-09-28 17:09:52 ....................................................................... ~ 0s
  2026-09-28 17:10:07 ....................................................................... ~ 0s
  2026-09-28 17:10:22 ....................................................................... ~ 0s
  2026-09-28 17:10:37 ....................................................................... ~ 0s
  2026-09-28 17:10:52 ....................................................................... ~ 0s
  2026-09-28 17:11:07 ....................................................................... ~ 0s
  2026-09-28 17:11:22 ....................................................................... ~ 0s
  2026-09-28 17:11:37 ....................................................................... ~ 0s
  2026-09-28 17:11:52 ....................................................................... ~ 0s
  2026-09-28 17:12:07 ....................................................................... ~ 0s
  2026-09-28 17:12:22 ....................................................................... ~ 0s
  2026-09-28 17:12:37 ....................................................................... ~ 0s
  2026-09-28 17:12:52 ....................................................................... ~ 0s
  2026-09-28 17:13:07 ....................................................................... ~ 0s
  2026-09-28 17:13:22 ....................................................................... ~ 0s
  2026-09-28 17:13:37 ....................................................................... ~ 0s
  2026-09-28 17:13:52 ....................................................................... ~ 0s
  2026-09-28 17:14:07 ....................................................................... ~ 0s
  2026-09-28 17:14:22 ....................................................................... ~ 0s
  2026-09-28 17:14:37 ....................................................................... ~ 0s
  2026-09-28 17:14:52 ....................................................................... ~ 0s
  2026-09-28 17:15:07 ....................................................................... ~ 0s
  2026-09-28 17:15:22 ....................................................................... ~ 0s
  2026-09-28 17:15:37 ....................................................................... ~ 0s
  2026-09-28 17:15:52 ....................................................................... ~ 0s
  2026-09-28 17:16:07 ....................................................................... ~ 0s
  2026-09-28 17:16:22 ....................................................................... ~ 0s
  2026-09-28 17:16:37 ....................................................................... ~ 0s
  2026-09-28 17:16:52 ....................................................................... ~ 0s
  2026-09-28 17:17:07 ....................................................................... ~ 0s
  2026-09-28 17:17:22 ....................................................................... ~ 0s
  2026-09-28 17:17:37 ....................................................................... ~ 0s
  2026-09-28 17:17:52 ....................................................................... ~ 0s
  2026-09-28 17:18:07 ....................................................................... ~ 0s
  2026-09-28 17:18:22 ....................................................................... ~ 0s
  2026-09-28 17:18:37 ....................................................................... ~ 0s
  2026-09-28 17:18:52 ....................................................................... ~ 0s
  2026-09-28 17:19:07 ....................................................................... ~ 0s
  2026-09-28 17:19:22 ....................................................................... ~ 0s
  2026-09-28 17:19:37 ....................................................................... ~ 0s
  2026-09-28 17:19:52 ....................................................................... ~ 0s
  2026-09-28 17:20:07 ....................................................................... ~ 0s
  2026-09-28 17:20:22 ....................................................................... ~ 0s
  2026-09-28 17:20:37 ....................................................................... ~ 0s
  2026-09-28 17:20:52 ....................................................................... ~ 0s
  2026-09-28 17:21:07 ....................................................................... ~ 0s
  2026-09-28 17:21:22 ....................................................................... ~ 0s
  2026-09-28 17:21:37 ....................................................................... ~ 0s
  2026-09-28 17:21:52 ....................................................................... ~ 0s
  2026-09-28 17:22:07 ....................................................................... ~ 0s
  2026-09-28 17:22:22 ....................................................................... ~ 0s
  2026-09-28 17:22:37 ....................................................................... ~ 0s
  2026-09-28 17:22:52 ....................................................................... ~ 0s
  2026-09-28 17:23:07 ....................................................................... ~ 0s
  2026-09-28 17:23:22 ....................................................................... ~ 0s
  2026-09-28 17:23:37 ....................................................................... ~ 0s
  2026-09-28 17:23:52 ....................................................................... ~ 0s
  2026-09-28 17:24:07 ....................................................................... ~ 0s
  2026-09-28 17:24:22 ....................................................................... ~ 0s
  2026-09-28 17:24:37 ....................................................................... ~ 0s
  2026-09-28 17:24:52 ....................................................................... ~ 0s
  2026-09-28 17:25:07 ....................................................................... ~ 0s
  2026-09-28 17:25:22 ....................................................................... ~ 0s
  2026-09-28 17:25:37 ....................................................................... ~ 0s
  2026-09-28 17:25:52 ....................................................................... ~ 0s
  2026-09-28 17:26:07 ....................................................................... ~ 0s
  2026-09-28 17:26:22 ....................................................................... ~ 0s
  2026-09-28 17:26:37 ....................................................................... ~ 0s
  2026-09-28 17:26:52 ....................................................................... ~ 0s
  2026-09-28 17:27:07 ....................................................................... ~ 0s
  2026-09-28 17:27:22 ....................................................................... ~ 0s
  2026-09-28 17:27:37 ....................................................................... ~ 0s
  2026-09-28 17:27:52 ....................................................................... ~ 0s
  2026-09-28 17:28:07 ....................................................................... ~ 0s
  2026-09-28 17:28:22 ....................................................................... ~ 0s
  2026-09-28 17:28:37 ....................................................................... ~ 0s
  2026-09-28 17:28:52 ....................................................................... ~ 0s
  2026-09-28 17:29:07 ....................................................................... ~ 0s
  2026-09-28 17:29:22 ....................................................................... ~ 0s
  2026-09-28 17:29:37 ....................................................................... ~ 0s
  2026-09-28 17:29:52 ....................................................................... ~ 0s
  2026-09-28 17:30:07 ....................................................................... ~ 0s
  2026-09-28 17:30:22 ....................................................................... ~ 0s
  2026-09-28 17:30:37 ....................................................................... ~ 0s
  2026-09-28 17:30:52 ....................................................................... ~ 0s
  2026-09-28 17:31:07 ....................................................................... ~ 0s
  2026-09-28 17:31:22 ....................................................................... ~ 0s
  2026-09-28 17:31:37 ....................................................................... ~ 0s
  2026-09-28 17:31:52 ....................................................................... ~ 0s
  2026-09-28 17:32:07 ....................................................................... ~ 0s
  2026-09-28 17:32:22 ....................................................................... ~ 0s
  2026-09-28 17:32:37 ....................................................................... ~ 0s
  2026-09-28 17:32:52 ....................................................................... ~ 0s
  2026-09-28 17:33:07 ....................................................................... ~ 0s
  2026-09-28 17:33:22 ....................................................................... ~ 0s
  2026-09-28 17:33:37 ....................................................................... ~ 0s
  2026-09-28 17:33:52 ....................................................................... ~ 0s
  2026-09-28 17:34:07 ....................................................................... ~ 0s
  2026-09-28 17:34:22 ....................................................................... ~ 0s
  2026-09-28 17:34:37 ....................................................................... ~ 0s
  2026-09-28 17:34:52 ....................................................................... ~ 0s
  2026-09-28 17:35:07 ....................................................................... ~ 0s
  2026-09-28 17:35:22 ....................................................................... ~ 0s
  2026-09-28 17:35:37 ....................................................................... ~ 0s
  2026-09-28 17:35:52 ....................................................................... ~ 0s
  2026-09-28 17:36:07 ....................................................................... ~ 0s
  2026-09-28 17:36:22 ....................................................................... ~ 0s
  2026-09-28 17:36:37 ....................................................................... ~ 0s
  2026-09-28 17:36:52 ....................................................................... ~ 0s
  2026-09-28 17:37:07 ....................................................................... ~ 0s
  2026-09-28 17:37:22 ....................................................................... ~ 0s
  2026-09-28 17:37:37 ....................................................................... ~ 0s
  2026-09-28 17:37:52 ....................................................................... ~ 0s
  2026-09-28 17:38:07 ....................................................................... ~ 0s
  2026-09-28 17:38:22 ....................................................................... ~ 0s
  2026-09-28 17:38:37 ....................................................................... ~ 0s
  2026-09-28 17:38:52 ....................................................................... ~ 0s
  2026-09-28 17:39:07 ....................................................................... ~ 0s
  2026-09-28 17:39:22 ....................................................................... ~ 0s
  2026-09-28 17:39:37 ....................................................................... ~ 0s
  2026-09-28 17:39:52 ....................................................................... ~ 0s
  2026-09-28 17:40:07 ....................................................................... ~ 0s
  2026-09-28 17:40:22 ....................................................................... ~ 0s
  2026-09-28 17:40:37 ....................................................................... ~ 0s
  2026-09-28 17:40:52 ....................................................................... ~ 0s
  2026-09-28 17:41:07 ....................................................................... ~ 0s
  2026-09-28 17:41:22 ....................................................................... ~ 0s
  2026-09-28 17:41:37 ....................................................................... ~ 0s
  2026-09-28 17:41:52 ....................................................................... ~ 0s
  2026-09-28 17:42:07 ....................................................................... ~ 0s
  2026-09-28 17:42:22 ....................................................................... ~ 0s
  2026-09-28 17:42:37 ....................................................................... ~ 0s
  2026-09-28 17:42:52 ....................................................................... ~ 0s
  2026-09-28 17:43:07 ....................................................................... ~ 0s
  2026-09-28 17:43:22 ....................................................................... ~ 0s
  2026-09-28 17:43:37 ....................................................................... ~ 0s
  2026-09-28 17:43:52 ....................................................................... ~ 0s
  2026-09-28 17:44:07 ....................................................................... ~ 0s
  2026-09-28 17:44:22 ....................................................................... ~ 0s
  2026-09-28 17:44:37 ....................................................................... ~ 0s
  2026-09-28 17:44:52 ....................................................................... ~ 0s
  2026-09-28 17:45:07 ....................................................................... ~ 0s
  2026-09-28 17:45:22 ....................................................................... ~ 0s
  2026-09-28 17:45:37 ....................................................................... ~ 0s
  2026-09-28 17:45:52 ....................................................................... ~ 0s
  2026-09-28 17:46:07 ....................................................................... ~ 0s
  2026-09-28 17:46:22 ....................................................................... ~ 0s
  2026-09-28 17:46:37 ....................................................................... ~ 0s
  2026-09-28 17:46:52 ....................................................................... ~ 0s
  2026-09-28 17:47:07 ....................................................................... ~ 0s
  2026-09-28 17:47:22 ....................................................................... ~ 0s
  2026-09-28 17:47:37 ....................................................................... ~ 0s
  2026-09-28 17:47:52 ....................................................................... ~ 0s
  2026-09-28 17:48:07 ....................................................................... ~ 0s
  2026-09-28 17:48:22 ....................................................................... ~ 0s
  2026-09-28 17:48:37 ....................................................................... ~ 0s
  2026-09-28 17:48:52 ....................................................................... ~ 0s
  2026-09-28 17:49:07 ....................................................................... ~ 0s
  2026-09-28 17:49:22 ....................................................................... ~ 0s
  2026-09-28 17:49:37 ....................................................................... ~ 0s
  2026-09-28 17:49:52 ....................................................................... ~ 0s
  2026-09-28 17:50:07 ....................................................................... ~ 0s
  2026-09-28 17:50:22 ....................................................................... ~ 0s
  2026-09-28 17:50:37 ....................................................................... ~ 0s
  2026-09-28 17:50:52 ....................................................................... ~ 0s
  2026-09-28 17:51:07 ....................................................................... ~ 0s
  2026-09-28 17:51:22 ....................................................................... ~ 0s
  2026-09-28 17:51:37 ....................................................................... ~ 0s
  2026-09-28 17:51:52 ....................................................................... ~ 0s
  2026-09-28 17:52:07 ....................................................................... ~ 0s
  2026-09-28 17:52:22 ....................................................................... ~ 0s
  2026-09-28 17:52:37 ....................................................................... ~ 0s
  2026-09-28 17:52:52 ....................................................................... ~ 0s
  2026-09-28 17:53:07 ....................................................................... ~ 0s
  2026-09-28 17:53:22 ....................................................................... ~ 0s
  2026-09-28 17:53:37 ....................................................................... ~ 0s
  2026-09-28 17:53:52 ....................................................................... ~ 0s
  2026-09-28 17:54:07 ....................................................................... ~ 0s
  2026-09-28 17:54:22 ....................................................................... ~ 0s
  2026-09-28 17:54:37 ....................................................................... ~ 0s
  2026-09-28 17:54:52 ....................................................................... ~ 0s
  2026-09-28 17:55:07 ....................................................................... ~ 0s
  2026-09-28 17:55:22 ....................................................................... ~ 0s
  2026-09-28 17:55:37 ....................................................................... ~ 0s
  2026-09-28 17:55:52 ....................................................................... ~ 0s
  2026-09-28 17:56:07 ....................................................................... ~ 0s
  2026-09-28 17:56:22 ....................................................................... ~ 0s
  2026-09-28 17:56:37 ....................................................................... ~ 0s
  2026-09-28 17:56:52 ....................................................................... ~ 0s
  2026-09-28 17:57:07 ....................................................................... ~ 0s
  2026-09-28 17:57:22 ....................................................................... ~ 0s
  2026-09-28 17:57:37 ....................................................................... ~ 0s
  2026-09-28 17:57:52 ....................................................................... ~ 0s
  2026-09-28 17:58:07 ....................................................................... ~ 0s
  2026-09-28 17:58:22 ....................................................................... ~ 0s
  2026-09-28 17:58:37 ....................................................................... ~ 0s
  2026-09-28 17:58:52 ....................................................................... ~ 0s
  2026-09-28 17:59:07 ....................................................................... ~ 0s
  2026-09-28 17:59:22 ....................................................................... ~ 0s
  2026-09-28 17:59:37 ....................................................................... ~ 0s
  2026-09-28 17:59:52 ....................................................................... ~ 0s
  2026-09-28 18:00:07 ....................................................................... ~ 0s
  2026-09-28 18:00:22 ....................................................................... ~ 0s
  2026-09-28 18:00:37 ....................................................................... ~ 0s
  2026-09-28 18:00:52 ....................................................................... ~ 0s
  2026-09-28 18:01:07 ....................................................................... ~ 0s
  2026-09-28 18:01:22 ....................................................................... ~ 0s
  2026-09-28 18:01:37 ....................................................................... ~ 0s
  2026-09-28 18:01:52 ....................................................................... ~ 0s
  2026-09-28 18:02:07 ....................................................................... ~ 0s
  2026-09-28 18:02:22 ....................................................................... ~ 0s
  2026-09-28 18:02:37 ....................................................................... ~ 0s
  2026-09-28 18:02:52 ....................................................................... ~ 0s
  2026-09-28 18:03:07 ....................................................................... ~ 0s
  2026-09-28 18:03:22 ....................................................................... ~ 0s
  2026-09-28 18:03:37 ....................................................................... ~ 0s
  2026-09-28 18:03:52 ....................................................................... ~ 0s
  2026-09-28 18:04:07 ....................................................................... ~ 0s
  2026-09-28 18:04:22 ....................................................................... ~ 0s
  2026-09-28 18:04:37 ....................................................................... ~ 0s
  2026-09-28 18:04:52 ....................................................................... ~ 0s
  2026-09-28 18:05:07 ....................................................................... ~ 0s
  2026-09-28 18:05:22 ....................................................................... ~ 0s
  2026-09-28 18:05:37 ....................................................................... ~ 0s
  2026-09-28 18:05:46 ....................................................................... ~ 1s
  2026-09-28 18:05:47 /image/logo/logo1x1.png ............................................... ~ 0s
  2026-09-28 18:05:47 /vendor/livewire/livewire.js?id=e949cd11 .............................. ~ 0s
  2026-09-28 18:05:48 ....................................................................... ~ 0s
  2026-09-28 18:05:49 ....................................................................... ~ 0s
  2026-09-28 18:05:49 ....................................................................... ~ 0s
  2026-09-28 18:05:55 ....................................................................... ~ 0s
  2026-09-28 18:06:00 ....................................................................... ~ 0s
  2026-09-28 18:06:02 ....................................................................... ~ 0s
  2026-09-28 18:06:17 ....................................................................... ~ 1s
  2026-09-28 18:06:47 ....................................................................... ~ 1s
  2026-09-28 18:07:17 ....................................................................... ~ 1s
  2026-09-28 18:07:43 ....................................................................... ~ 0s
  2026-09-28 18:07:44 ....................................................................... ~ 0s
  2026-09-28 18:07:47 ....................................................................... ~ 1s
  2026-09-28 18:08:17 ....................................................................... ~ 1s
  2026-09-28 18:08:38 ....................................................................... ~ 1s
  2026-09-28 18:08:40 ....................................................................... ~ 0s
  2026-09-28 18:08:47 ....................................................................... ~ 1s
  2026-09-28 18:09:00 ....................................................................... ~ 0s
  2026-09-28 18:09:04 ....................................................................... ~ 0s
  2026-09-28 18:09:05 ....................................................................... ~ 1s
  2026-09-28 18:09:17 ....................................................................... ~ 1s
  2026-09-28 18:09:47 ....................................................................... ~ 1s
  2026-09-28 18:09:56 ....................................................................... ~ 1s
  2026-09-28 18:09:57 /image/logo/logo1x1.png ............................................... ~ 0s
  2026-09-28 18:09:57 /vendor/livewire/livewire.js?id=e949cd11 .............................. ~ 0s
  2026-09-28 18:09:59 ....................................................................... ~ 0s
  2026-09-28 18:09:59 ....................................................................... ~ 0s
  2026-09-28 18:09:59 /favicon.svg .......................................................... ~ 0s
  2026-09-28 18:10:00 ....................................................................... ~ 0s
  2026-09-28 18:10:01 ....................................................................... ~ 0s
  2026-09-28 18:10:06 ....................................................................... ~ 0s
  2026-09-28 18:10:06 /image/logo/logo1x1.png ............................................... ~ 0s
  2026-09-28 18:10:06 /vendor/livewire/livewire.js?id=e949cd11 .............................. ~ 0s
  2026-09-28 18:10:07 ....................................................................... ~ 0s
  2026-09-28 18:10:08 ....................................................................... ~ 0s
  2026-09-28 18:10:08 ....................................................................... ~ 0s
  2026-09-28 18:10:08 /favicon.svg .......................................................... ~ 0s
  2026-09-28 18:10:12 ....................................................................... ~ 0s
  2026-09-28 18:10:12 /image/logo/logo1x1.png ............................................... ~ 1s
  2026-09-28 18:10:13 /vendor/livewire/livewire.js?id=e949cd11 .............................. ~ 0s
  2026-09-28 18:10:14 ....................................................................... ~ 0s
  2026-09-28 18:10:14 ....................................................................... ~ 1s
  2026-09-28 18:10:15 /favicon.svg .......................................................... ~ 0s
  2026-09-28 18:10:15 ....................................................................... ~ 0s
  2026-09-28 18:10:15 ....................................................................... ~ 0s
  2026-09-28 18:10:35 ....................................................................... ~ 0s
  2026-09-28 18:10:37 ....................................................................... ~ 0s
  2026-09-28 18:10:40 ....................................................................... ~ 1s
  2026-09-28 18:10:41 /image/logo/logo1x1.png ............................................... ~ 0s
  2026-09-28 18:10:41 /vendor/livewire/livewire.js?id=e949cd11 .............................. ~ 0s
  2026-09-28 18:10:42 ....................................................................... ~ 0s
  2026-09-28 18:10:43 ....................................................................... ~ 0s
  2026-09-28 18:10:43 ....................................................................... ~ 0s
  2026-09-28 18:10:43 /favicon.svg .......................................................... ~ 0s
  2026-09-28 18:10:48 ....................................................................... ~ 0s
  2026-09-28 18:10:48 /image/logo/logo1x1.png ............................................... ~ 1s
  2026-09-28 18:10:49 /vendor/livewire/livewire.js?id=e949cd11 .............................. ~ 0s
  2026-09-28 18:10:50 ....................................................................... ~ 0s
  2026-09-28 18:10:50 ....................................................................... ~ 0s
  2026-09-28 18:10:51 ....................................................................... ~ 0s
  2026-09-28 18:10:51 /favicon.svg .......................................................... ~ 0s
  2026-09-28 18:11:20 ....................................................................... ~ 0s
  2026-09-28 18:11:50 ....................................................................... ~ 0s
  2026-09-28 18:11:58 ....................................................................... ~ 0s
  2026-09-28 18:11:58 /image/logo/logo1x1.png ............................................... ~ 0s
  2026-09-28 18:11:58 /vendor/livewire/livewire.js?id=e949cd11 .............................. ~ 0s
  2026-09-28 18:11:59 ....................................................................... ~ 0s
  2026-09-28 18:12:00 ....................................................................... ~ 0s
  2026-09-28 18:12:00 ....................................................................... ~ 1s
  2026-09-28 18:12:01 /favicon.svg .......................................................... ~ 0s
  2026-09-28 18:12:01 ....................................................................... ~ 1s
  2026-09-28 18:12:13 ....................................................................... ~ 1s
  2026-09-28 18:12:14 /image/logo/logo1x1.png ............................................... ~ 0s
  2026-09-28 18:12:14 /vendor/livewire/livewire.js?id=e949cd11 .............................. ~ 0s
  2026-09-28 18:12:15 ....................................................................... ~ 0s
  2026-09-28 18:12:16 ....................................................................... ~ 0s
  2026-09-28 18:12:17 ....................................................................... ~ 0s
  2026-09-28 18:12:17 /favicon.svg .......................................................... ~ 0s
  2026-09-28 18:12:27 ....................................................................... ~ 0s
  2026-09-28 18:12:27 /image/logo/logo1x1.png ............................................... ~ 1s
  2026-09-28 18:12:28 /vendor/livewire/livewire.js?id=e949cd11 .............................. ~ 0s
  2026-09-28 18:12:28 ....................................................................... ~ 1s
  2026-09-28 18:12:29 ....................................................................... ~ 0s
  2026-09-28 18:12:29 ....................................................................... ~ 0s
  2026-09-28 18:12:29 ....................................................................... ~ 0s
  2026-09-28 18:12:29 /favicon.svg .......................................................... ~ 0s
  2026-09-28 18:12:59 ....................................................................... ~ 0s
  2026-09-28 18:13:29 ....................................................................... ~ 0s
  2026-09-28 18:13:59 ....................................................................... ~ 0s
  2026-09-28 18:14:29 ....................................................................... ~ 0s
  2026-09-28 18:14:59 ....................................................................... ~ 0s
  2026-09-28 18:15:29 ....................................................................... ~ 0s
  2026-09-28 18:15:52 ....................................................................... ~ 1s
  2026-09-28 18:15:53 /image/logo/logo1x1.png ............................................... ~ 0s
  2026-09-28 18:15:53 /vendor/livewire/livewire.js?id=e949cd11 .............................. ~ 0s
  2026-09-28 18:15:53 ....................................................................... ~ 0s
  2026-09-28 18:15:54 ....................................................................... ~ 0s
  2026-09-28 18:15:54 ....................................................................... ~ 0s
  2026-09-28 18:15:55 ....................................................................... ~ 0s
  2026-09-28 18:15:55 /favicon.svg .......................................................... ~ 0s
  2026-09-28 18:15:58 ....................................................................... ~ 0s
  2026-09-28 18:15:58 /image/logo/logo1x1.png ............................................... ~ 0s
  2026-09-28 18:15:58 /vendor/livewire/livewire.js?id=e949cd11 .............................. ~ 0s
  2026-09-28 18:16:00 ....................................................................... ~ 0s
  2026-09-28 18:16:00 ....................................................................... ~ 1s
  2026-09-28 18:16:01 ....................................................................... ~ 0s
  2026-09-28 18:16:01 ....................................................................... ~ 1s
  2026-09-28 18:16:02 ....................................................................... ~ 0s
  2026-09-28 18:16:03 ....................................................................... ~ 0s
  2026-09-28 18:16:03 ....................................................................... ~ 0s
  2026-09-28 18:16:05 ....................................................................... ~ 1s
  2026-09-28 18:16:06 /image/logo/logo1x1.png ............................................... ~ 0s
  2026-09-28 18:16:06 /vendor/livewire/livewire.js?id=e949cd11 .............................. ~ 0s
  2026-09-28 18:16:07 ....................................................................... ~ 0s
  2026-09-28 18:16:23 ....................................................................... ~ 1s
  2026-09-28 18:16:36 ....................................................................... ~ 1s
  2026-09-28 18:16:37 ....................................................................... ~ 1s
  2026-09-28 18:16:39 ....................................................................... ~ 1s
  2026-09-28 18:16:40 ....................................................................... ~ 1s
  2026-09-28 18:16:42 ....................................................................... ~ 0s
  2026-09-28 18:17:36 ....................................................................... ~ 1s
  2026-09-28 18:17:37 ....................................................................... ~ 0s
  2026-09-28 18:17:41 ....................................................................... ~ 1s
  2026-09-28 18:17:42 /favicon.ico .......................................................... ~ 0s
  2026-09-28 18:18:24 ....................................................................... ~ 0s
  2026-09-28 18:18:24 /image/logo/logo1x1.png ............................................... ~ 0s
  2026-09-28 18:18:24 /vendor/livewire/livewire.js?id=e949cd11 .............................. ~ 0s
  2026-09-28 18:18:24 ....................................................................... ~ 0s
  2026-09-28 18:18:31 ....................................................................... ~ 0s
  2026-09-28 18:17:42 ..................................................................... ~ 102s
  2026-09-28 18:19:24 ....................................................................... ~ 0s
  2026-09-28 18:19:54 ....................................................................... ~ 0s
  2026-09-28 18:20:24 ....................................................................... ~ 0s
  2026-09-28 18:20:26 ....................................................................... ~ 1s
  2026-09-28 18:20:27 /image/logo/logo1x1.png ............................................... ~ 0s
  2026-09-28 18:20:27 /vendor/livewire/livewire.js?id=e949cd11 .............................. ~ 0s
  2026-09-28 18:20:27 ....................................................................... ~ 1s
  2026-09-28 18:20:28 ....................................................................... ~ 0s
  2026-09-28 18:20:28 /favicon.svg .......................................................... ~ 0s
  2026-09-28 18:20:28 /image/logo/logo1x1.png ............................................... ~ 0s
  2026-09-28 18:20:28 /vendor/livewire/livewire.js?id=e949cd11 .............................. ~ 0s
  2026-09-28 18:20:28 ....................................................................... ~ 0s
  2026-09-28 18:20:29 ....................................................................... ~ 1s
  2026-09-28 18:20:30 ....................................................................... ~ 0s
  2026-09-28 18:20:30 /favicon.svg .......................................................... ~ 0s
  2026-09-28 18:20:36 ....................................................................... ~ 0s
  2026-09-28 18:20:36 /image/logo/logo1x1.png ............................................... ~ 0s
  2026-09-28 18:20:36 /vendor/livewire/livewire.js?id=e949cd11 .............................. ~ 0s
  2026-09-28 18:20:36 ....................................................................... ~ 1s
  2026-09-28 18:20:37 ....................................................................... ~ 0s
  2026-09-28 18:20:37 ....................................................................... ~ 0s
  2026-09-28 18:20:37 /favicon.svg .......................................................... ~ 0s
  2026-09-28 18:20:37 /image/logo/logo1x1.png ............................................... ~ 0s
  2026-09-28 18:20:37 /vendor/livewire/livewire.js?id=e949cd11 .............................. ~ 0s
  2026-09-28 18:20:38 ....................................................................... ~ 1s
  2026-09-28 18:20:39 ....................................................................... ~ 0s
  2026-09-28 18:20:39 /favicon.svg .......................................................... ~ 0s
  2026-09-28 18:20:42 ....................................................................... ~ 1s
  2026-09-28 18:20:43 /image/logo/logo1x1.png ............................................... ~ 0s
  2026-09-28 18:20:43 /vendor/livewire/livewire.js?id=e949cd11 .............................. ~ 0s
  2026-09-28 18:20:43 ....................................................................... ~ 0s
  2026-09-28 18:20:43 ....................................................................... ~ 1s
  2026-09-28 18:20:43 /favicon.svg .......................................................... ~ 1s
  2026-09-28 18:20:44 /image/logo/logo1x1.png ............................................... ~ 0s
  2026-09-28 18:20:44 /vendor/livewire/livewire.js?id=e949cd11 .............................. ~ 0s
  2026-09-28 18:20:44 ....................................................................... ~ 0s
  2026-09-28 18:20:45 ....................................................................... ~ 0s
  2026-09-28 18:20:45 ....................................................................... ~ 0s
  2026-09-28 18:20:49 ....................................................................... ~ 1s
  2026-09-28 18:20:50 ....................................................................... ~ 0s
  2026-09-28 18:20:50 /image/logo/logo1x1.png ............................................... ~ 0s
  2026-09-28 18:20:50 /image/logo/logo1x1.png ............................................... ~ 0s
  2026-09-28 18:20:50 /vendor/livewire/livewire.js?id=e949cd11 .............................. ~ 0s
  2026-09-28 18:20:50 ....................................................................... ~ 0s
  2026-09-28 18:20:50 /vendor/livewire/livewire.js?id=e949cd11 .............................. ~ 0s
  2026-09-28 18:20:51 ....................................................................... ~ 0s
  2026-09-28 18:20:51 /favicon.svg .......................................................... ~ 0s
  2026-09-28 18:20:51 ....................................................................... ~ 0s
  2026-09-28 18:20:51 ....................................................................... ~ 1s
  2026-09-28 18:20:52 /favicon.svg .......................................................... ~ 0s
  2026-09-28 18:20:56 ....................................................................... ~ 1s
  2026-09-28 18:20:57 ....................................................................... ~ 0s
  2026-09-28 18:20:57 /image/logo/logo1x1.png ............................................... ~ 0s
  2026-09-28 18:20:57 /vendor/livewire/livewire.js?id=e949cd11 .............................. ~ 0s
  2026-09-28 18:20:57 /image/logo/logo1x1.png ............................................... ~ 0s
  2026-09-28 18:20:57 ....................................................................... ~ 0s
  2026-09-28 18:20:57 /vendor/livewire/livewire.js?id=e949cd11 .............................. ~ 0s
  2026-09-28 18:20:58 ....................................................................... ~ 0s
  2026-09-28 18:20:58 /favicon.svg .......................................................... ~ 0s
  2026-09-28 18:20:58 ....................................................................... ~ 0s
  2026-09-28 18:20:58 ....................................................................... ~ 1s
  2026-09-28 18:20:59 /favicon.svg .......................................................... ~ 0s
  2026-09-28 18:21:04 ....................................................................... ~ 1s
  2026-09-28 18:21:05 ....................................................................... ~ 0s
  2026-09-28 18:21:05 /image/logo/logo1x1.png ............................................... ~ 0s
  2026-09-28 18:21:05 /vendor/livewire/livewire.js?id=e949cd11 .............................. ~ 0s
  2026-09-28 18:21:05 /image/logo/logo1x1.png ............................................... ~ 0s
  2026-09-28 18:21:05 /vendor/livewire/livewire.js?id=e949cd11 .............................. ~ 0s
  2026-09-28 18:21:05 ....................................................................... ~ 1s
  2026-09-28 18:21:06 ....................................................................... ~ 0s
  2026-09-28 18:21:06 /favicon.svg .......................................................... ~ 0s
  2026-09-28 18:21:08 ....................................................................... ~ 0s
  2026-09-28 18:21:08 ....................................................................... ~ 0s
  2026-09-28 18:21:08 /favicon.svg .......................................................... ~ 0s
  2026-09-28 18:21:13 ....................................................................... ~ 0s
  2026-09-28 18:21:13 /image/logo/logo1x1.png ............................................... ~ 0s
  2026-09-28 18:21:13 ....................................................................... ~ 1s
  2026-09-28 18:21:13 /vendor/livewire/livewire.js?id=e949cd11 .............................. ~ 1s
  2026-09-28 18:21:14 /image/logo/logo1x1.png ............................................... ~ 0s
  2026-09-28 18:21:14 /vendor/livewire/livewire.js?id=e949cd11 .............................. ~ 0s
  2026-09-28 18:21:14 ....................................................................... ~ 0s
  2026-09-28 18:21:14 ....................................................................... ~ 0s
  2026-09-28 18:21:14 /favicon.svg .......................................................... ~ 0s
  2026-09-28 18:21:15 ....................................................................... ~ 0s
  2026-09-28 18:21:15 ....................................................................... ~ 0s
  2026-09-28 18:21:15 /favicon.svg .......................................................... ~ 0s
  2026-09-28 18:21:20 ....................................................................... ~ 0s
  2026-09-28 18:21:20 ....................................................................... ~ 1s
  2026-09-28 18:21:21 /image/logo/logo1x1.png ............................................... ~ 0s
  2026-09-28 18:21:21 /vendor/livewire/livewire.js?id=e949cd11 .............................. ~ 0s
  2026-09-28 18:21:21 /image/logo/logo1x1.png ............................................... ~ 0s
  2026-09-28 18:21:21 /vendor/livewire/livewire.js?id=e949cd11 .............................. ~ 0s
  2026-09-28 18:21:21 ....................................................................... ~ 0s
  2026-09-28 18:21:22 ....................................................................... ~ 0s
  2026-09-28 18:21:22 /favicon.svg .......................................................... ~ 0s
  2026-09-28 18:21:22 ....................................................................... ~ 0s
  2026-09-28 18:21:22 ....................................................................... ~ 0s
  2026-09-28 18:21:22 /favicon.svg .......................................................... ~ 0s
  2026-09-28 18:21:37 ....................................................................... ~ 1s
  2026-09-28 18:21:38 ....................................................................... ~ 0s
  2026-09-28 18:21:38 /image/logo/logo1x1.png ............................................... ~ 0s
  2026-09-28 18:21:38 /vendor/livewire/livewire.js?id=e949cd11 .............................. ~ 0s
  2026-09-28 18:21:38 /image/logo/logo1x1.png ............................................... ~ 0s
  2026-09-28 18:21:38 /vendor/livewire/livewire.js?id=e949cd11 .............................. ~ 0s
  2026-09-28 18:21:38 ....................................................................... ~ 0s
  2026-09-28 18:21:39 ....................................................................... ~ 0s
  2026-09-28 18:21:39 /favicon.svg .......................................................... ~ 0s
  2026-09-28 18:21:40 ....................................................................... ~ 0s
  2026-09-28 18:21:40 ....................................................................... ~ 0s
  2026-09-28 18:21:40 /favicon.svg .......................................................... ~ 0s
  2026-09-28 18:22:09 ....................................................................... ~ 0s
  2026-09-28 18:22:11 ....................................................................... ~ 0s
  2026-09-28 18:22:39 ....................................................................... ~ 0s
  2026-09-28 18:22:41 ....................................................................... ~ 0s
  2026-09-28 18:23:09 ....................................................................... ~ 0s
  2026-09-28 18:23:11 ....................................................................... ~ 0s
  2026-09-28 18:23:39 ....................................................................... ~ 0s
  2026-09-28 18:23:41 ....................................................................... ~ 0s
  2026-09-28 18:24:09 ....................................................................... ~ 0s
  2026-09-28 18:24:11 ....................................................................... ~ 0s
  2026-09-28 18:24:39 ....................................................................... ~ 0s
  2026-09-28 18:24:42 ....................................................................... ~ 0s
  2026-09-28 18:25:09 ....................................................................... ~ 0s
  2026-09-28 18:25:39 ....................................................................... ~ 0s
  2026-09-28 18:26:09 ....................................................................... ~ 0s
  2026-09-28 18:26:39 ....................................................................... ~ 0s
  2026-09-28 18:26:42 ....................................................................... ~ 0s
  2026-09-28 18:26:42 ....................................................................... ~ 0s
  2026-09-28 18:27:09 ....................................................................... ~ 0s
  2026-09-28 18:27:39 ....................................................................... ~ 0s
  2026-09-28 18:28:09 ....................................................................... ~ 0s
  2026-09-28 18:28:39 ....................................................................... ~ 0s
  2026-09-28 18:28:42 ....................................................................... ~ 0s
  2026-09-28 18:28:42 ....................................................................... ~ 1s
  2026-09-28 18:28:53 ....................................................................... ~ 1s
  2026-09-28 18:28:54 /image/logo/logo1x1.png ............................................... ~ 0s
  2026-09-28 18:28:54 /vendor/livewire/livewire.js?id=e949cd11 .............................. ~ 0s
  2026-09-28 18:28:56 ....................................................................... ~ 0s
  2026-09-28 18:28:59 ....................................................................... ~ 1s
  2026-09-28 18:29:00 /image/logo/logo1x1.png ............................................... ~ 0s
  2026-09-28 18:29:00 /vendor/livewire/livewire.js?id=e949cd11 .............................. ~ 0s
  2026-09-28 18:29:01 ....................................................................... ~ 0s
  2026-09-28 18:29:05 ....................................................................... ~ 0s
  2026-09-28 18:29:05 /image/logo/logo1x1.png ............................................... ~ 0s
  2026-09-28 18:29:05 /vendor/livewire/livewire.js?id=e949cd11 .............................. ~ 0s
  2026-09-28 18:29:06 ....................................................................... ~ 0s
  2026-09-28 18:29:10 ....................................................................... ~ 0s
  2026-09-28 18:29:10 /image/logo/logo1x1.png ............................................... ~ 0s
  2026-09-28 18:29:10 /vendor/livewire/livewire.js?id=e949cd11 .............................. ~ 0s
  2026-09-28 18:29:11 ....................................................................... ~ 0s
  2026-09-28 18:29:40 ....................................................................... ~ 0s
  2026-09-28 18:29:47 ....................................................................... ~ 2s
  2026-09-28 18:29:49 ....................................................................... ~ 1s
  2026-09-28 18:29:50 /image/logo/logo1x1.png ............................................... ~ 0s
  2026-09-28 18:29:50 /vendor/livewire/livewire.js?id=e949cd11 .............................. ~ 0s
  2026-09-28 18:29:50 /image/logo/logo1x1.png ............................................... ~ 0s
  2026-09-28 18:29:50 /vendor/livewire/livewire.js?id=e949cd11 .............................. ~ 0s
  2026-09-28 18:29:50 ....................................................................... ~ 0s
  2026-09-28 18:29:51 ....................................................................... ~ 0s
  2026-09-28 18:29:51 /favicon.svg .......................................................... ~ 0s
  2026-09-28 18:29:53 ....................................................................... ~ 0s
  2026-09-28 18:29:53 ....................................................................... ~ 0s
  2026-09-28 18:29:53 /favicon.svg .......................................................... ~ 0s
  2026-09-28 18:30:20 ....................................................................... ~ 0s
  2026-09-28 18:30:24 ....................................................................... ~ 0s
  2026-09-28 18:30:50 ....................................................................... ~ 0s
  2026-09-28 18:30:54 ....................................................................... ~ 0s
  2026-09-28 18:30:56 ....................................................................... ~ 1s
  2026-09-28 18:30:57 /image/logo/logo1x1.png ............................................... ~ 0s
  2026-09-28 18:30:57 /vendor/livewire/livewire.js?id=e949cd11 .............................. ~ 0s
  2026-09-28 18:30:57 ....................................................................... ~ 0s
  2026-09-28 18:31:24 ....................................................................... ~ 0s
  2026-09-28 18:31:54 ....................................................................... ~ 0s
  2026-09-28 18:32:24 ....................................................................... ~ 0s
  2026-09-28 18:33:40 ....................................................................... ~ 0s
  2026-09-28 18:33:40 ....................................................................... ~ 0s
  2026-09-28 18:35:42 ....................................................................... ~ 0s
  2026-09-28 18:35:43 ....................................................................... ~ 0s
  2026-09-28 18:36:42 ....................................................................... ~ 1s
  2026-09-28 18:37:42 ....................................................................... ~ 0s
  2026-09-28 18:37:42 ....................................................................... ~ 1s
  2026-09-28 18:39:00 ....................................................................... ~ 0s
  2026-09-28 18:39:03 ....................................................................... ~ 0s
  2026-09-28 18:39:03 ....................................................................... ~ 0s
  2026-09-28 18:39:05 ....................................................................... ~ 0s
  2026-09-28 18:39:23 ....................................................................... ~ 0s
  2026-09-28 18:39:53 ....................................................................... ~ 0s
  2026-09-28 18:40:23 ....................................................................... ~ 0s
  2026-09-28 18:40:30 ....................................................................... ~ 0s
  2026-09-28 18:41:04 ....................................................................... ~ 0s
  2026-09-28 18:41:10 ....................................................................... ~ 0s
  2026-09-28 18:41:10 ...................................................................... ~ 83s
  2026-09-28 18:41:11 ...................................................................... ~ 82s
  2026-09-28 18:42:40 ....................................................................... ~ 0s
  2026-09-28 18:42:53 ....................................................................... ~ 0s
  2026-09-28 18:43:01 ....................................................................... ~ 0s
  2026-09-28 18:43:03 ....................................................................... ~ 0s
  2026-09-28 18:43:23 ....................................................................... ~ 0s
  2026-09-28 18:43:59 ....................................................................... ~ 0s
  2026-09-28 18:44:18 ....................................................................... ~ 1s
  2026-09-28 18:44:19 /image/logo/logo1x1.png ............................................... ~ 0s
  2026-09-28 18:44:19 /vendor/livewire/livewire.js?id=e949cd11 .............................. ~ 0s
  2026-09-28 18:44:19 ....................................................................... ~ 1s
  2026-09-28 18:44:20 ....................................................................... ~ 1s
  2026-09-28 18:44:21 /image/logo/logo1x1.png ............................................... ~ 0s
  2026-09-28 18:44:21 /vendor/livewire/livewire.js?id=e949cd11 .............................. ~ 0s
  2026-09-28 18:44:22 ....................................................................... ~ 0s
  2026-09-28 18:44:22 ....................................................................... ~ 0s
  2026-09-28 18:44:22 /favicon.svg .......................................................... ~ 0s
  2026-09-28 18:44:23 ....................................................................... ~ 0s
  2026-09-28 18:44:23 /favicon.svg .......................................................... ~ 0s
  2026-09-28 18:44:32 ....................................................................... ~ 0s
  2026-09-28 18:44:32 /image/logo/logo1x1.png ............................................... ~ 0s
  2026-09-28 18:44:32 /vendor/livewire/livewire.js?id=e949cd11 .............................. ~ 0s
  2026-09-28 18:44:32 ....................................................................... ~ 2s
  2026-09-28 18:44:34 ....................................................................... ~ 0s
  2026-09-28 18:44:34 /image/logo/logo1x1.png ............................................... ~ 0s
  2026-09-28 18:44:34 /vendor/livewire/livewire.js?id=e949cd11 .............................. ~ 0s
  2026-09-28 18:44:35 ....................................................................... ~ 0s
  2026-09-28 18:44:35 ....................................................................... ~ 0s
  2026-09-28 18:44:35 /favicon.svg .......................................................... ~ 0s
  2026-09-28 18:44:36 ....................................................................... ~ 0s
  2026-09-28 18:44:36 /favicon.svg .......................................................... ~ 0s
  2026-09-28 18:44:48 ....................................................................... ~ 1s
  2026-09-28 18:44:49 ....................................................................... ~ 2s
  2026-09-28 18:44:51 ....................................................................... ~ 0s
  2026-09-28 18:44:51 /image/logo/logo1x1.png ............................................... ~ 0s
  2026-09-28 18:44:51 /vendor/livewire/livewire.js?id=e949cd11 .............................. ~ 0s
  2026-09-28 18:44:51 /image/logo/logo1x1.png ............................................... ~ 0s
  2026-09-28 18:44:51 /vendor/livewire/livewire.js?id=e949cd11 .............................. ~ 0s
  2026-09-28 18:44:52 ....................................................................... ~ 0s
  2026-09-28 18:44:52 ....................................................................... ~ 0s
  2026-09-28 18:44:52 ....................................................................... ~ 0s
  2026-09-28 18:44:52 /favicon.svg .......................................................... ~ 0s
  2026-09-28 18:44:52 /favicon.svg .......................................................... ~ 0s
  2026-09-28 18:44:58 ....................................................................... ~ 1s
  2026-09-28 18:44:59 /image/logo/logo1x1.png ............................................... ~ 0s
  2026-09-28 18:44:59 /vendor/livewire/livewire.js?id=e949cd11 .............................. ~ 0s
  2026-09-28 18:44:59 ....................................................................... ~ 0s
  2026-09-28 18:44:59 ....................................................................... ~ 2s
  2026-09-28 18:45:01 /image/logo/logo1x1.png ............................................... ~ 0s
  2026-09-28 18:45:01 /vendor/livewire/livewire.js?id=e949cd11 .............................. ~ 0s
  2026-09-28 18:45:04 ....................................................................... ~ 0s
  2026-09-28 18:45:04 ....................................................................... ~ 1s
  2026-09-28 18:45:04 ....................................................................... ~ 1s
  2026-09-28 18:45:05 /favicon.svg .......................................................... ~ 0s
  2026-09-28 18:45:05 /favicon.svg .......................................................... ~ 0s
  2026-09-28 18:45:34 ....................................................................... ~ 0s
  2026-09-28 18:45:35 ....................................................................... ~ 0s
  2026-09-28 18:46:04 ....................................................................... ~ 0s
  2026-09-28 18:46:05 ....................................................................... ~ 0s
  2026-09-28 18:46:06 ....................................................................... ~ 0s
  2026-09-28 18:46:06 ....................................................................... ~ 1s
  2026-09-28 18:46:07 ....................................................................... ~ 0s
  2026-09-28 18:46:07 /image/logo/logo1x1.png ............................................... ~ 0s
  2026-09-28 18:46:07 /vendor/livewire/livewire.js?id=e949cd11 .............................. ~ 0s
  2026-09-28 18:46:07 /image/logo/logo1x1.png ............................................... ~ 0s
  2026-09-28 18:46:07 /vendor/livewire/livewire.js?id=e949cd11 .............................. ~ 0s
  2026-09-28 18:46:11 ....................................................................... ~ 0s
  2026-09-28 18:46:11 /favicon.svg .......................................................... ~ 0s
  2026-09-28 18:46:11 ....................................................................... ~ 0s
  2026-09-28 18:46:11 ....................................................................... ~ 1s
  2026-09-28 18:46:12 /favicon.svg .......................................................... ~ 0s
  2026-09-28 18:46:16 ....................................................................... ~ 0s
  2026-09-28 18:46:16 /image/logo/logo1x1.png ............................................... ~ 0s
  2026-09-28 18:46:16 /vendor/livewire/livewire.js?id=e949cd11 .............................. ~ 0s
  2026-09-28 18:46:16 ....................................................................... ~ 3s
  2026-09-28 18:46:16 ....................................................................... ~ 3s
  2026-09-28 18:46:19 /image/logo/logo1x1.png ............................................... ~ 0s
  2026-09-28 18:46:19 /vendor/livewire/livewire.js?id=e949cd11 .............................. ~ 0s
  2026-09-28 18:46:20 ....................................................................... ~ 0s
  2026-09-28 18:46:20 /favicon.svg .......................................................... ~ 0s
  2026-09-28 18:46:21 ....................................................................... ~ 0s
  2026-09-28 18:46:21 ....................................................................... ~ 0s
  2026-09-28 18:46:21 /favicon.svg .......................................................... ~ 0s
  2026-09-28 18:46:24 ....................................................................... ~ 1s
  2026-09-28 18:46:25 ....................................................................... ~ 1s
  2026-09-28 18:46:26 ....................................................................... ~ 1s
  2026-09-28 18:46:26 /image/logo/logo1x1.png ............................................... ~ 1s
  2026-09-28 18:46:26 /vendor/livewire/livewire.js?id=e949cd11 .............................. ~ 1s
  2026-09-28 18:46:27 /image/logo/logo1x1.png ............................................... ~ 0s
  2026-09-28 18:46:27 /vendor/livewire/livewire.js?id=e949cd11 .............................. ~ 0s
  2026-09-28 18:46:28 ....................................................................... ~ 0s
  2026-09-28 18:46:28 /favicon.svg .......................................................... ~ 0s
  2026-09-28 18:46:28 ....................................................................... ~ 1s
  2026-09-28 18:46:28 /favicon.svg .......................................................... ~ 1s
  2026-09-28 18:46:29 ....................................................................... ~ 0s
  2026-09-28 18:46:38 ....................................................................... ~ 0s
  2026-09-28 18:46:38 ....................................................................... ~ 1s
  2026-09-28 18:46:39 /image/logo/logo1x1.png ............................................... ~ 0s
  2026-09-28 18:46:39 /vendor/livewire/livewire.js?id=e949cd11 .............................. ~ 0s
  2026-09-28 18:46:40 /image/logo/logo1x1.png ............................................... ~ 0s
  2026-09-28 18:46:40 /vendor/livewire/livewire.js?id=e949cd11 .............................. ~ 0s
  2026-09-28 18:46:40 ....................................................................... ~ 0s
  2026-09-28 18:46:41 ....................................................................... ~ 1s
  2026-09-28 18:46:42 ....................................................................... ~ 0s
  2026-09-28 18:46:42 /favicon.svg .......................................................... ~ 0s
  2026-09-28 18:46:42 /favicon.svg .......................................................... ~ 0s
  2026-09-28 18:46:42 ....................................................................... ~ 0s
  2026-09-28 18:46:46 ....................................................................... ~ 0s
  2026-09-28 18:46:46 /image/logo/logo1x1.png ............................................... ~ 0s
  2026-09-28 18:46:46 /vendor/livewire/livewire.js?id=e949cd11 .............................. ~ 0s
  2026-09-28 18:46:46 ....................................................................... ~ 2s
  2026-09-28 18:46:48 ....................................................................... ~ 0s
  2026-09-28 18:46:48 /image/logo/logo1x1.png ............................................... ~ 0s
  2026-09-28 18:46:48 /vendor/livewire/livewire.js?id=e949cd11 .............................. ~ 0s
  2026-09-28 18:46:49 ....................................................................... ~ 0s
  2026-09-28 18:46:49 ....................................................................... ~ 0s
  2026-09-28 18:46:49 /favicon.svg .......................................................... ~ 0s
  2026-09-28 18:46:49 ....................................................................... ~ 0s
  2026-09-28 18:46:49 /favicon.svg .......................................................... ~ 0s
  2026-09-28 18:47:03 ....................................................................... ~ 0s
  2026-09-28 18:47:03 /image/logo/logo1x1.png ............................................... ~ 0s
  2026-09-28 18:47:03 /vendor/livewire/livewire.js?id=e949cd11 .............................. ~ 0s
  2026-09-28 18:47:03 ....................................................................... ~ 2s
  2026-09-28 18:47:03 ....................................................................... ~ 2s
  2026-09-28 18:47:05 /image/logo/logo1x1.png ............................................... ~ 0s
  2026-09-28 18:47:05 /vendor/livewire/livewire.js?id=e949cd11 .............................. ~ 0s
  2026-09-28 18:47:06 ....................................................................... ~ 0s
  2026-09-28 18:47:06 ....................................................................... ~ 1s
  2026-09-28 18:47:07 /favicon.svg .......................................................... ~ 0s
  2026-09-28 18:47:07 ....................................................................... ~ 0s
  2026-09-28 18:47:07 /favicon.svg .......................................................... ~ 0s
  2026-09-28 18:47:36 ....................................................................... ~ 0s
  2026-09-28 18:47:37 ....................................................................... ~ 0s
  2026-09-28 18:48:06 ....................................................................... ~ 0s
  2026-09-28 18:48:07 ....................................................................... ~ 0s
  2026-09-28 18:48:30 ....................................................................... ~ 0s
  2026-09-28 18:48:36 ....................................................................... ~ 0s
  2026-09-28 18:48:37 ....................................................................... ~ 0s
  2026-09-28 18:48:40 ....................................................................... ~ 0s
  2026-09-28 18:48:40 ....................................................................... ~ 2s
  2026-09-28 18:48:40 /image/logo/logo1x1.png ............................................... ~ 2s
  2026-09-28 18:48:42 /vendor/livewire/livewire.js?id=e949cd11 .............................. ~ 0s
  2026-09-28 18:48:44 ....................................................................... ~ 1s
  2026-09-28 18:48:45 ....................................................................... ~ 0s
  2026-09-28 18:48:45 /favicon.svg .......................................................... ~ 0s
  2026-09-28 18:48:45 /image/logo/logo1x1.png ............................................... ~ 0s
  2026-09-28 18:48:45 /vendor/livewire/livewire.js?id=e949cd11 .............................. ~ 0s
  2026-09-28 18:48:45 ....................................................................... ~ 0s
  2026-09-28 18:48:46 ....................................................................... ~ 0s
  2026-09-28 18:48:46 ....................................................................... ~ 0s
  2026-09-28 18:48:46 /favicon.svg .......................................................... ~ 0s
  2026-09-28 18:49:15 ....................................................................... ~ 0s
  2026-09-28 18:49:16 ....................................................................... ~ 0s
  2026-09-28 18:49:37 ....................................................................... ~ 0s
  2026-09-28 18:49:37 ....................................................................... ~ 2s
  2026-09-28 18:49:40 ....................................................................... ~ 0s
  2026-09-28 18:49:39 /image/logo/logo1x1.png ............................................... ~ 1s
  2026-09-28 18:49:39 /vendor/livewire/livewire.js?id=e949cd11 .............................. ~ 1s
  2026-09-28 18:49:40 /image/logo/logo1x1.png ............................................... ~ 0s
  2026-09-28 18:49:40 /vendor/livewire/livewire.js?id=e949cd11 .............................. ~ 0s
  2026-09-28 18:49:41 ....................................................................... ~ 0s
  2026-09-28 18:49:41 /favicon.svg .......................................................... ~ 0s
  2026-09-28 18:49:42 ....................................................................... ~ 0s
  2026-09-28 18:49:42 ....................................................................... ~ 1s
  2026-09-28 18:49:43 /favicon.svg .......................................................... ~ 0s
  2026-09-28 18:50:12 ....................................................................... ~ 0s
  2026-09-28 18:50:12 ....................................................................... ~ 0s
  2026-09-28 18:50:25 ....................................................................... ~ 0s
  2026-09-28 18:50:26 ....................................................................... ~ 1s
  2026-09-28 18:50:27 ....................................................................... ~ 2s
  2026-09-28 18:50:29 ....................................................................... ~ 0s
  2026-09-28 18:50:29 /image/logo/logo1x1.png ............................................... ~ 0s
  2026-09-28 18:50:29 /vendor/livewire/livewire.js?id=e949cd11 .............................. ~ 0s
  2026-09-28 18:50:29 /image/logo/logo1x1.png ............................................... ~ 0s
  2026-09-28 18:50:29 /vendor/livewire/livewire.js?id=e949cd11 .............................. ~ 0s
  2026-09-28 18:50:31 ....................................................................... ~ 0s
  2026-09-28 18:50:31 /favicon.svg .......................................................... ~ 0s
  2026-09-28 18:50:31 ....................................................................... ~ 0s
  2026-09-28 18:50:32 ....................................................................... ~ 0s
  2026-09-28 18:50:32 /favicon.svg .......................................................... ~ 0s
  2026-09-28 18:50:33 ....................................................................... ~ 1s
  2026-09-28 18:50:34 /image/logo/logo1x1.png ............................................... ~ 0s
  2026-09-28 18:50:34 /vendor/livewire/livewire.js?id=e949cd11 .............................. ~ 0s
  2026-09-28 18:50:34 ....................................................................... ~ 1s
  2026-09-28 18:50:35 ....................................................................... ~ 0s
  2026-09-28 18:50:36 /image/logo/logo1x1.png ............................................... ~ 0s
  2026-09-28 18:50:36 /vendor/livewire/livewire.js?id=e949cd11 .............................. ~ 0s
  2026-09-28 18:50:37 ....................................................................... ~ 0s
  2026-09-28 18:50:37 ....................................................................... ~ 0s
  2026-09-28 18:50:37 ....................................................................... ~ 0s
  2026-09-28 18:50:37 /favicon.svg .......................................................... ~ 0s
  2026-09-28 18:50:37 /favicon.svg .......................................................... ~ 0s
  2026-09-28 18:50:40 ....................................................................... ~ 1s
  2026-09-28 18:50:41 ....................................................................... ~ 1s
  2026-09-28 18:50:42 ....................................................................... ~ 0s
  2026-09-28 18:50:42 /image/logo/logo1x1.png ............................................... ~ 0s
  2026-09-28 18:50:42 /vendor/livewire/livewire.js?id=e949cd11 .............................. ~ 0s
  2026-09-28 18:50:42 /image/logo/logo1x1.png ............................................... ~ 0s
  2026-09-28 18:50:42 /vendor/livewire/livewire.js?id=e949cd11 .............................. ~ 0s
  2026-09-28 18:50:44 ....................................................................... ~ 0s
  2026-09-28 18:50:44 ....................................................................... ~ 0s
  2026-09-28 18:50:44 ....................................................................... ~ 0s
  2026-09-28 18:50:44 /favicon.svg .......................................................... ~ 0s
  2026-09-28 18:50:44 /favicon.svg .......................................................... ~ 0s
  2026-09-28 18:50:46 ....................................................................... ~ 0s
  2026-09-28 18:50:48 ....................................................................... ~ 0s
  2026-09-28 18:51:14 ....................................................................... ~ 0s
  2026-09-28 18:51:14 ....................................................................... ~ 0s
  2026-09-28 18:51:38 ....................................................................... ~ 0s
  2026-09-28 18:51:44 ....................................................................... ~ 0s
  2026-09-28 18:51:44 ....................................................................... ~ 0s
  2026-09-28 18:52:14 ....................................................................... ~ 0s
  2026-09-28 18:52:18 ....................................................................... ~ 0s
  2026-09-28 18:52:23 ....................................................................... ~ 0s
  2026-09-28 18:52:23 /favicon.ico .......................................................... ~ 1s
  2026-09-28 18:53:01 ....................................................................... ~ 0s
  2026-09-28 18:53:05 ....................................................................... ~ 0s
  2026-09-28 18:52:24 ...................................................................... ~ 63s
  2026-09-28 18:53:27 ....................................................................... ~ 1s
  2026-09-28 18:53:32 ....................................................................... ~ 0s
  2026-09-28 18:53:36 ....................................................................... ~ 0s
  2026-09-28 18:53:42 ....................................................................... ~ 0s
  2026-09-28 18:53:44 ....................................................................... ~ 0s
  2026-09-28 18:53:53 ....................................................................... ~ 0s
  2026-09-28 18:53:53 /favicon.ico .......................................................... ~ 0s
  2026-09-28 18:54:14 ....................................................................... ~ 0s
  2026-09-28 18:54:36 ....................................................................... ~ 0s
  2026-09-28 18:54:36 /favicon.ico .......................................................... ~ 1s
  2026-09-28 18:53:53 ...................................................................... ~ 67s
  2026-09-28 18:55:00 ....................................................................... ~ 0s
  2026-09-28 18:55:01 ....................................................................... ~ 0s
  2026-09-28 18:55:14 ....................................................................... ~ 0s
  2026-09-28 18:55:14 ....................................................................... ~ 1s
  2026-09-28 18:55:19 ....................................................................... ~ 0s
  2026-09-28 18:55:19 /favicon.ico .......................................................... ~ 0s
  2026-09-28 18:55:31 ....................................................................... ~ 0s
  2026-09-28 18:55:33 ....................................................................... ~ 0s
  2026-09-28 18:55:44 ....................................................................... ~ 0s
  2026-09-28 18:55:45 ....................................................................... ~ 0s
  2026-09-28 18:55:49 ....................................................................... ~ 0s
  2026-09-28 18:55:49 /favicon.ico .......................................................... ~ 0s
  2026-09-28 18:56:14 ....................................................................... ~ 0s
  2026-09-28 18:56:14 ....................................................................... ~ 0s
  2026-09-28 18:55:19 ...................................................................... ~ 74s
  2026-09-28 18:57:14 ....................................................................... ~ 0s
  2026-09-28 18:57:17 ....................................................................... ~ 0s
  2026-09-28 18:57:21 ....................................................................... ~ 0s
  2026-09-28 18:57:26 ....................................................................... ~ 0s
  2026-09-28 18:57:26 /favicon.ico .......................................................... ~ 0s
  2026-09-28 18:57:26 ...................................................................... ~ 67s
  2026-09-28 18:58:44 ....................................................................... ~ 0s
  2026-09-28 18:58:46 ....................................................................... ~ 1s
  2026-09-28 18:58:47 /image/logo/logo1x1.png ............................................... ~ 0s
  2026-09-28 18:58:47 ....................................................................... ~ 2s
  2026-09-28 18:58:49 ....................................................................... ~ 0s
  2026-09-28 18:58:47 /vendor/livewire/livewire.js?id=e949cd11 .............................. ~ 2s
  2026-09-28 18:58:49 /image/logo/logo1x1.png ............................................... ~ 0s
  2026-09-28 18:58:49 /vendor/livewire/livewire.js?id=e949cd11 .............................. ~ 0s
  2026-09-28 18:58:50 ....................................................................... ~ 1s
  2026-09-28 18:58:51 ....................................................................... ~ 0s
  2026-09-28 18:58:51 /favicon.svg .......................................................... ~ 0s
  2026-09-28 18:58:51 ....................................................................... ~ 0s
  2026-09-28 18:58:51 /favicon.svg .......................................................... ~ 0s
  2026-09-28 18:59:02 ....................................................................... ~ 0s
  2026-09-28 18:59:02 /image/logo/logo1x1.png ............................................... ~ 0s
  2026-09-28 18:59:02 ....................................................................... ~ 2s
  2026-09-28 18:59:04 ....................................................................... ~ 0s
  2026-09-28 18:59:02 /vendor/livewire/livewire.js?id=e949cd11 .............................. ~ 2s
  2026-09-28 18:59:04 /image/logo/logo1x1.png ............................................... ~ 0s
  2026-09-28 18:59:04 /vendor/livewire/livewire.js?id=e949cd11 .............................. ~ 0s
  2026-09-28 18:59:05 ....................................................................... ~ 0s
  2026-09-28 18:59:05 /favicon.svg .......................................................... ~ 0s
  2026-09-28 18:59:06 ....................................................................... ~ 0s
  2026-09-28 18:59:06 ....................................................................... ~ 0s
  2026-09-28 18:59:06 /favicon.svg .......................................................... ~ 0s
  2026-09-28 18:59:07 ....................................................................... ~ 1s
  2026-09-28 18:59:08 /favicon.ico .......................................................... ~ 0s
  2026-09-28 18:59:36 ....................................................................... ~ 0s
  2026-09-28 19:00:03 ....................................................................... ~ 0s
  2026-09-28 19:00:05 ....................................................................... ~ 0s
  2026-09-28 19:00:05 ....................................................................... ~ 0s
  2026-09-28 19:00:06 ....................................................................... ~ 0s
  2026-09-28 18:59:08 ...................................................................... ~ 60s
  2026-09-28 19:00:08 ....................................................................... ~ 0s
  2026-09-28 19:00:14 ....................................................................... ~ 0s
  2026-09-28 19:00:35 ....................................................................... ~ 0s
  2026-09-28 19:00:36 ....................................................................... ~ 0s
  2026-09-28 19:01:05 ....................................................................... ~ 0s
  2026-09-28 19:01:06 ....................................................................... ~ 0s
  2026-09-28 19:01:35 ....................................................................... ~ 0s
  2026-09-28 19:01:36 ....................................................................... ~ 0s
  2026-09-28 19:01:46 ....................................................................... ~ 0s
  2026-09-28 19:01:46 /favicon.ico .......................................................... ~ 0s
  2026-09-28 19:02:42 ....................................................................... ~ 0s
  2026-09-28 19:02:42 ....................................................................... ~ 1s
  2026-09-28 19:01:46 ...................................................................... ~ 77s
  2026-09-28 19:03:42 ....................................................................... ~ 0s
  2026-09-28 19:03:48 ....................................................................... ~ 0s
  2026-09-28 19:03:50 ....................................................................... ~ 0s
  2026-09-28 19:04:42 ....................................................................... ~ 0s
  2026-09-28 19:04:42 ....................................................................... ~ 1s
  2026-09-28 19:05:16 ....................................................................... ~ 0s
  2026-09-28 19:05:19 ....................................................................... ~ 1s
  2026-09-28 19:05:24 ....................................................................... ~ 0s
  2026-09-28 19:05:29 ....................................................................... ~ 0s
  2026-09-28 19:05:35 ....................................................................... ~ 0s
  2026-09-28 19:06:05 ....................................................................... ~ 0s
  2026-09-28 19:06:10 ....................................................................... ~ 1s
  2026-09-28 19:06:11 ....................................................................... ~ 2s
  2026-09-28 19:06:13 ....................................................................... ~ 0s
  2026-09-28 19:06:13 /image/logo/logo1x1.png ............................................... ~ 0s
  2026-09-28 19:06:13 /vendor/livewire/livewire.js?id=e949cd11 .............................. ~ 0s
  2026-09-28 19:06:13 /image/logo/logo1x1.png ............................................... ~ 0s
  2026-09-28 19:06:13 /vendor/livewire/livewire.js?id=e949cd11 .............................. ~ 0s
  2026-09-28 19:06:16 ....................................................................... ~ 0s
  2026-09-28 19:06:16 ....................................................................... ~ 1s
  2026-09-28 19:06:17 /favicon.svg .......................................................... ~ 0s
  2026-09-28 19:06:17 ....................................................................... ~ 0s
  2026-09-28 19:06:17 /favicon.svg .......................................................... ~ 0s
  2026-09-28 19:06:27 ....................................................................... ~ 0s
  2026-09-28 19:06:27 /favicon.ico .......................................................... ~ 1s
  2026-09-28 19:06:37 ....................................................................... ~ 0s
  2026-09-28 19:06:39 ....................................................................... ~ 1s
  2026-09-28 19:06:40 ...................................................................... ~ 27s
  2026-09-28 19:07:13 ....................................................................... ~ 0s
  2026-09-28 19:07:16 ....................................................................... ~ 0s
  2026-09-28 19:06:28 ...................................................................... ~ 63s
  2026-09-28 19:07:46 ....................................................................... ~ 0s
  2026-09-28 19:07:51 ....................................................................... ~ 0s
  2026-09-28 19:08:16 ....................................................................... ~ 0s
  2026-09-28 19:08:46 ....................................................................... ~ 0s
  2026-09-28 19:09:16 ....................................................................... ~ 0s
  2026-09-28 19:09:46 ....................................................................... ~ 0s
  2026-09-28 19:09:46 ....................................................................... ~ 1s
  2026-09-28 19:09:47 ....................................................................... ~ 1s
  2026-09-28 19:09:48 ....................................................................... ~ 1s
  2026-09-28 19:09:48 /image/logo/logo1x1.png ............................................... ~ 1s
  2026-09-28 19:09:48 /vendor/livewire/livewire.js?id=e949cd11 .............................. ~ 1s
  2026-09-28 19:09:49 /image/logo/logo1x1.png ............................................... ~ 0s
  2026-09-28 19:09:49 /vendor/livewire/livewire.js?id=e949cd11 .............................. ~ 0s
  2026-09-28 19:09:50 ....................................................................... ~ 0s
  2026-09-28 19:09:50 ....................................................................... ~ 1s
  2026-09-28 19:09:51 /favicon.svg .......................................................... ~ 0s
  2026-09-28 19:09:51 ....................................................................... ~ 0s
  2026-09-28 19:09:51 /favicon.svg .......................................................... ~ 0s
  2026-09-28 19:10:20 ....................................................................... ~ 0s
  2026-09-28 19:10:21 ....................................................................... ~ 0s
  2026-09-28 19:10:30 ....................................................................... ~ 0s
  2026-09-28 19:10:35 ....................................................................... ~ 0s
  2026-09-28 19:10:38 ....................................................................... ~ 0s
  2026-09-28 19:10:40 ....................................................................... ~ 0s
  2026-09-28 19:10:42 ....................................................................... ~ 0s
  2026-09-28 19:10:49 ....................................................................... ~ 0s
  2026-09-28 19:10:49 /image/logo/logo1x1.png ............................................... ~ 1s
  2026-09-28 19:10:50 /vendor/livewire/livewire.js?id=e949cd11 .............................. ~ 0s
  2026-09-28 19:10:50 ....................................................................... ~ 0s
  2026-09-28 19:10:51 ....................................................................... ~ 0s
  2026-09-28 19:10:51 ....................................................................... ~ 0s
  2026-09-28 19:10:51 ....................................................................... ~ 1s
  2026-09-28 19:10:51 /favicon.svg .......................................................... ~ 1s
  2026-09-28 19:10:57 ....................................................................... ~ 0s
  2026-09-28 19:11:00 ....................................................................... ~ 0s
  2026-09-28 19:11:02 ....................................................................... ~ 0s
  2026-09-28 19:11:08 ....................................................................... ~ 0s
  2026-09-28 19:11:17 ....................................................................... ~ 0s
  2026-09-28 19:11:21 ....................................................................... ~ 0s
  2026-09-28 19:11:21 ....................................................................... ~ 0s
  2026-09-28 19:11:51 ....................................................................... ~ 0s
  2026-09-28 19:11:51 ....................................................................... ~ 0s
  2026-09-28 19:12:07 ....................................................................... ~ 1s
  2026-09-28 19:12:18 ....................................................................... ~ 1s
  2026-09-28 19:12:19 /favicon.ico .......................................................... ~ 0s
  2026-09-28 19:12:21 ....................................................................... ~ 0s
  2026-09-28 19:12:28 ....................................................................... ~ 0s
  2026-09-28 19:12:28 /favicon.ico .......................................................... ~ 0s
  2026-09-28 19:12:35 ....................................................................... ~ 1s
  2026-09-28 19:12:36 /favicon.ico .......................................................... ~ 0s
  2026-09-28 19:12:51 ....................................................................... ~ 0s
  2026-09-28 19:12:19 ...................................................................... ~ 62s
  2026-09-28 19:13:21 ....................................................................... ~ 0s
  2026-09-28 19:13:34 ....................................................................... ~ 0s
  2026-09-28 19:13:35 ....................................................................... ~ 0s
  2026-09-28 19:13:37 ....................................................................... ~ 0s
  2026-09-28 19:13:37 ....................................................................... ~ 0s
  2026-09-28 19:13:51 ....................................................................... ~ 0s
  2026-09-28 19:14:02 ..................................................................... ~ 100s
  2026-09-28 19:15:42 ....................................................................... ~ 0s
  2026-09-28 19:15:42 ....................................................................... ~ 0s
  2026-09-28 19:17:42 ....................................................................... ~ 0s
  2026-09-28 19:17:42 ....................................................................... ~ 1s
  2026-09-28 19:18:31 ....................................................................... ~ 0s
  2026-09-28 19:18:31 /favicon.ico .......................................................... ~ 0s
  2026-09-28 19:19:09 ....................................................................... ~ 1s
  2026-09-28 19:19:10 /favicon.ico .......................................................... ~ 0s
  2026-09-28 19:19:25 ....................................................................... ~ 1s
  2026-09-28 19:18:31 ...................................................................... ~ 68s
  2026-09-28 19:19:31 ...................................................................... ~ 11s
  2026-09-28 19:19:31 ...................................................................... ~ 11s
  2026-09-28 19:19:43 ....................................................................... ~ 1s
  2026-09-28 19:19:44 ....................................................................... ~ 7s
  2026-09-28 19:19:53 ....................................................................... ~ 0s
  2026-09-28 19:19:53 /image/logo/logo1x1.png ............................................... ~ 0s
  2026-09-28 19:19:53 /vendor/livewire/livewire.js?id=e949cd11 .............................. ~ 0s
  2026-09-28 19:19:54 ....................................................................... ~ 0s
  2026-09-28 19:19:56 ....................................................................... ~ 1s
  2026-09-28 19:19:57 ...................................................................... ~ 15s
  2026-09-28 19:20:12 ....................................................................... ~ 6s
  2026-09-28 19:19:39 ...................................................................... ~ 63s
  2026-09-28 19:20:18 ...................................................................... ~ 46s
  2026-09-28 19:21:04 /image/logo/logo1x1.png ............................................... ~ 0s
  2026-09-28 19:21:04 /vendor/livewire/livewire.js?id=e949cd11 .............................. ~ 0s
  2026-09-28 19:21:04 ....................................................................... ~ 0s
  2026-09-28 19:21:29 ....................................................................... ~ 1s
  2026-09-28 19:21:30 /image/logo/logo1x1.png ............................................... ~ 0s
  2026-09-28 19:21:30 /vendor/livewire/livewire.js?id=e949cd11 .............................. ~ 0s
  2026-09-28 19:21:31 ....................................................................... ~ 0s
  2026-09-28 19:21:42 ....................................................................... ~ 0s
  2026-09-28 19:21:42 ....................................................................... ~ 1s
  2026-09-28 19:21:53 ....................................................................... ~ 0s
  2026-09-28 19:21:57 ....................................................................... ~ 0s
  2026-09-28 19:22:20 ....................................................................... ~ 0s
  2026-09-28 19:22:50 ....................................................................... ~ 0s
  2026-09-28 19:23:20 ....................................................................... ~ 0s
  2026-09-28 19:23:50 ....................................................................... ~ 0s
  2026-09-28 19:24:20 ....................................................................... ~ 0s
  2026-09-28 19:24:35 ....................................................................... ~ 0s
  2026-09-28 19:24:37 ....................................................................... ~ 2s
  2026-09-28 19:24:39 /image/logo/logo1x1.png ............................................... ~ 0s
  2026-09-28 19:24:39 /vendor/livewire/livewire.js?id=e949cd11 .............................. ~ 0s
  2026-09-28 19:24:40 ....................................................................... ~ 0s
  2026-09-28 19:24:45 ....................................................................... ~ 0s
  2026-09-28 19:24:45 ....................................................................... ~ 1s
  2026-09-28 19:24:53 ....................................................................... ~ 1s
  2026-09-28 19:24:54 ....................................................................... ~ 0s
  2026-09-28 19:24:57 ....................................................................... ~ 0s
  2026-09-28 19:25:10 ....................................................................... ~ 0s
  2026-09-28 19:25:16 ....................................................................... ~ 0s
  2026-09-28 19:25:16 /image/logo/logo1x1.png ............................................... ~ 0s
  2026-09-28 19:25:16 /image/brand/512.png .................................................. ~ 0s
  2026-09-28 19:25:16 /vendor/livewire/livewire.js?id=e949cd11 .............................. ~ 0s
  2026-09-28 19:25:16 ....................................................................... ~ 0s
  2026-09-28 19:25:16 /favicon.svg .......................................................... ~ 0s
  2026-09-28 19:25:19 ....................................................................... ~ 0s
  2026-09-28 19:25:19 ....................................................................... ~ 1s
  2026-09-28 19:25:20 /image/logo/logo1x1.png ............................................... ~ 0s
  2026-09-28 19:25:20 /vendor/livewire/livewire.js?id=e949cd11 .............................. ~ 0s
  2026-09-28 19:25:20 ....................................................................... ~ 0s
  2026-09-28 19:25:20 /favicon.svg .......................................................... ~ 0s
  2026-09-28 19:25:24 ....................................................................... ~ 0s
  2026-09-28 19:25:24 /image/logo/logo1x1.png ............................................... ~ 0s
  2026-09-28 19:25:24 /vendor/livewire/livewire.js?id=e949cd11 .............................. ~ 0s
  2026-09-28 19:25:24 ....................................................................... ~ 1s
  2026-09-28 19:25:25 /favicon.svg .......................................................... ~ 0s
  2026-09-28 19:25:26 ....................................................................... ~ 1s
  2026-09-28 19:25:27 /favicon.ico .......................................................... ~ 0s
  2026-09-28 19:25:34 ....................................................................... ~ 0s
  2026-09-28 19:25:34 /favicon.ico .......................................................... ~ 0s
  2026-09-28 19:25:40 ....................................................................... ~ 0s
  2026-09-28 19:25:54 ....................................................................... ~ 0s
  2026-09-28 19:26:00 ....................................................................... ~ 0s
  2026-09-28 19:26:10 ....................................................................... ~ 0s
  2026-09-28 19:26:24 ....................................................................... ~ 0s
  2026-09-28 19:26:25 ....................................................................... ~ 0s
  2026-09-28 19:26:25 ....................................................................... ~ 1s
  2026-09-28 19:26:26 /image/logo/logo1x1.png ............................................... ~ 0s
  2026-09-28 19:26:26 /image/brand/512.png .................................................. ~ 0s
  2026-09-28 19:26:26 /vendor/livewire/livewire.js?id=e949cd11 .............................. ~ 0s
  2026-09-28 19:26:26 /favicon.svg .......................................................... ~ 0s
  2026-09-28 19:25:27 ...................................................................... ~ 61s
  2026-09-28 19:26:28 ....................................................................... ~ 1s
  2026-09-28 19:26:29 ....................................................................... ~ 0s
  2026-09-28 19:26:29 /image/logo/logo1x1.png ............................................... ~ 0s
  2026-09-28 19:26:29 /vendor/livewire/livewire.js?id=e949cd11 .............................. ~ 0s
  2026-09-28 19:26:29 ....................................................................... ~ 0s
  2026-09-28 19:26:29 /favicon.svg .......................................................... ~ 0s
  2026-09-28 19:26:32 ....................................................................... ~ 1s
  2026-09-28 19:26:33 /image/logo/logo1x1.png ............................................... ~ 0s
  2026-09-28 19:26:33 /vendor/livewire/livewire.js?id=e949cd11 .............................. ~ 0s
  2026-09-28 19:26:33 ....................................................................... ~ 0s
  2026-09-28 19:26:33 /favicon.svg .......................................................... ~ 0s
  2026-09-28 19:26:39 ....................................................................... ~ 1s
  2026-09-28 19:26:40 /favicon.ico .......................................................... ~ 0s
  2026-09-28 19:26:40 ....................................................................... ~ 0s
  2026-09-28 19:26:48 ....................................................................... ~ 0s
  2026-09-28 19:26:48 /favicon.ico .......................................................... ~ 0s
  2026-09-28 19:27:10 ....................................................................... ~ 0s
  2026-09-28 19:27:32 ....................................................................... ~ 0s
  2026-09-28 19:26:40 ...................................................................... ~ 84s
  2026-09-28 19:28:04 ....................................................................... ~ 0s
  2026-09-28 19:28:46 ....................................................................... ~ 0s
  2026-09-28 19:28:46 /favicon.ico .......................................................... ~ 0s
  2026-09-28 19:29:01 ....................................................................... ~ 0s
  2026-09-28 19:29:01 /image/logo/logo1x1.png ............................................... ~ 0s
  2026-09-28 19:29:01 /vendor/livewire/livewire.js?id=e949cd11 .............................. ~ 0s
  2026-09-28 19:29:01 ....................................................................... ~ 0s
  2026-09-28 19:29:01 /favicon.svg .......................................................... ~ 0s
  2026-09-28 19:29:03 ....................................................................... ~ 1s
  2026-09-28 19:29:04 /favicon.ico .......................................................... ~ 0s
  2026-09-28 19:29:32 ....................................................................... ~ 0s

   INFO  Server running on [http://127.0.0.1:8000].  

  Press Ctrl+C to stop the server

  2026-10-01 08:42:19 ....................................................................... ~ 8s
  2026-10-01 08:42:27 /image/logo/logo1x1.png ............................................... ~ 0s
  2026-10-01 08:42:27 /image/categories/academic/2.jpg ...................................... ~ 0s
  2026-10-01 08:42:27 /image/categories/academic/1.jpg ...................................... ~ 0s
  2026-10-01 08:42:27 /vendor/livewire/livewire.js?id=e949cd11 .............................. ~ 0s
  2026-10-01 08:42:27 /pwa/manifest.json .................................................... ~ 0s
  2026-10-01 08:42:32 /image/resaltado/001/IMG-20260228-WA0000.jpg .......................... ~ 0s
  2026-10-01 08:42:32 /image/resaltado/001/IMG-20260228-WA0001.jpg .......................... ~ 0s
  2026-10-01 08:42:32 /image/resaltado/001/IMG-20260228-WA0002.jpg .......................... ~ 0s
  2026-10-01 08:42:32 /image/categories/svg/folder.svg ...................................... ~ 0s
  2026-10-01 08:42:55 /videos/census/newCatch.mp4 ........................................... ~ 0s
  2026-10-01 08:42:55 /image/resaltado/poster_horizontal.jpg ................................ ~ 0s
  2026-10-01 08:42:56 /pwa/icon_192.png ..................................................... ~ 0s
  2026-10-01 08:43:06 ....................................................................... ~ 1s
  2026-10-01 08:43:07 /image/logo/logo1x1.png ............................................... ~ 0s
  2026-10-01 08:43:07 /image/brand/512.png .................................................. ~ 0s
  2026-10-01 08:43:07 /vendor/livewire/livewire.js?id=e949cd11 .............................. ~ 0s
  2026-10-01 08:43:14 ....................................................................... ~ 1s
  2026-10-01 08:43:15 ....................................................................... ~ 1s
  2026-10-01 08:43:16 /image/logo/logo1x1.png ............................................... ~ 0s
  2026-10-01 08:43:16 /vendor/livewire/livewire.js?id=e949cd11 .............................. ~ 0s
  2026-10-01 08:43:17 ....................................................................... ~ 0s
  2026-10-01 08:43:17 ....................................................................... ~ 0s
  2026-10-01 08:43:24 ....................................................................... ~ 0s
  2026-10-01 08:43:46 ....................................................................... ~ 1s
  2026-10-01 08:44:16 ....................................................................... ~ 0s
  2026-10-01 08:44:46 ....................................................................... ~ 0s
  2026-10-01 08:45:16 ....................................................................... ~ 0s
  2026-10-01 08:45:46 ....................................................................... ~ 0s
  2026-10-01 08:46:16 ....................................................................... ~ 0s
  2026-10-01 08:46:46 ....................................................................... ~ 0s
  2026-10-01 08:47:16 ....................................................................... ~ 0s
  2026-10-01 08:47:46 ....................................................................... ~ 0s
  2026-10-01 08:48:16 ....................................................................... ~ 0s
  2026-10-01 08:48:46 ....................................................................... ~ 0s
  2026-10-01 08:49:16 ....................................................................... ~ 0s
  2026-10-01 08:49:46 ....................................................................... ~ 1s
  2026-10-01 08:50:16 ....................................................................... ~ 0s
  2026-10-01 08:50:46 ....................................................................... ~ 1s
  2026-10-01 08:51:16 ....................................................................... ~ 1s
  2026-10-01 08:51:46 ....................................................................... ~ 0s
  2026-10-01 08:52:16 ....................................................................... ~ 0s
  2026-10-01 08:52:44 ....................................................................... ~ 0s
  2026-10-01 08:52:46 ....................................................................... ~ 1s
  2026-10-01 08:52:49 ....................................................................... ~ 1s
  2026-10-01 08:52:50 /image/logo/logo1x1.png ............................................... ~ 0s
  2026-10-01 08:52:50 /vendor/livewire/livewire.js?id=e949cd11 .............................. ~ 0s
  2026-10-01 08:52:50 ....................................................................... ~ 0s
  2026-10-01 08:52:53 ....................................................................... ~ 0s
  2026-10-01 08:52:53 ....................................................................... ~ 1s
  2026-10-01 08:52:54 ....................................................................... ~ 0s
  2026-10-01 08:52:54 ....................................................................... ~ 0s
  2026-10-01 08:52:54 ....................................................................... ~ 0s
  2026-10-01 08:52:55 ....................................................................... ~ 0s
  2026-10-01 08:52:55 ....................................................................... ~ 0s
  2026-10-01 08:52:56 ....................................................................... ~ 0s
  2026-10-01 08:52:56 ....................................................................... ~ 1s
  2026-10-01 08:52:59 ....................................................................... ~ 0s
  2026-10-01 08:52:59 ....................................................................... ~ 1s
  2026-10-01 08:53:28 ....................................................................... ~ 1s
  2026-10-01 08:53:58 ....................................................................... ~ 1s
  2026-10-01 08:54:12 ....................................................................... ~ 1s
  2026-10-01 08:54:13 /image/logo/logo1x1.png ............................................... ~ 0s
  2026-10-01 08:54:13 /vendor/livewire/livewire.js?id=e949cd11 .............................. ~ 0s
  2026-10-01 08:54:13 ....................................................................... ~ 0s
  2026-10-01 08:54:15 ....................................................................... ~ 0s
  2026-10-01 08:54:15 ....................................................................... ~ 1s
  2026-10-01 08:54:15 /favicon.svg .......................................................... ~ 1s
  2026-10-01 08:54:25 ....................................................................... ~ 0s
  2026-10-01 08:54:25 /image/logo/logo1x1.png ............................................... ~ 0s
  2026-10-01 08:54:25 /vendor/livewire/livewire.js?id=e949cd11 .............................. ~ 0s
  2026-10-01 08:54:25 ....................................................................... ~ 1s
  2026-10-01 08:54:29 ....................................................................... ~ 1s
  2026-10-01 08:54:30 ....................................................................... ~ 0s
  2026-10-01 08:54:30 ....................................................................... ~ 0s
  2026-10-01 08:54:30 /favicon.svg .......................................................... ~ 0s
  2026-10-01 08:54:59 ....................................................................... ~ 0s
  2026-10-01 08:55:06 ....................................................................... ~ 1s
  2026-10-01 08:55:07 /image/logo/logo1x1.png ............................................... ~ 0s
  2026-10-01 08:55:07 /vendor/livewire/livewire.js?id=e949cd11 .............................. ~ 0s
  2026-10-01 08:55:07 ....................................................................... ~ 0s
  2026-10-01 08:55:12 ....................................................................... ~ 0s
  2026-10-01 08:55:12 ....................................................................... ~ 0s
  2026-10-01 08:55:12 ....................................................................... ~ 0s
  2026-10-01 08:55:12 /favicon.svg .......................................................... ~ 0s
  2026-10-01 08:55:41 ....................................................................... ~ 0s
  2026-10-01 08:55:51 ....................................................................... ~ 0s
  2026-10-01 08:55:51 /image/logo/logo1x1.png ............................................... ~ 1s
  2026-10-01 08:55:52 /vendor/livewire/livewire.js?id=e949cd11 .............................. ~ 0s
  2026-10-01 08:55:52 ....................................................................... ~ 0s
  2026-10-01 08:55:56 ....................................................................... ~ 0s
  2026-10-01 08:55:56 ....................................................................... ~ 0s
  2026-10-01 08:55:56 ....................................................................... ~ 0s
  2026-10-01 08:55:56 /favicon.svg .......................................................... ~ 0s
  2026-10-01 08:56:25 ....................................................................... ~ 0s
  2026-10-01 08:56:55 ....................................................................... ~ 0s
  2026-10-01 08:57:25 ....................................................................... ~ 0s
  2026-10-01 08:57:55 ....................................................................... ~ 0s
  2026-10-01 08:58:25 ....................................................................... ~ 0s
  2026-10-01 08:58:55 ....................................................................... ~ 0s
  2026-10-01 08:59:25 ....................................................................... ~ 0s
  2026-10-01 08:59:55 ....................................................................... ~ 0s
  2026-10-01 09:00:25 ....................................................................... ~ 0s
  2026-10-01 09:00:55 ....................................................................... ~ 0s
  2026-10-01 09:01:25 ....................................................................... ~ 0s
  2026-10-01 09:01:55 ....................................................................... ~ 0s
  2026-10-01 09:02:25 ....................................................................... ~ 0s
  2026-10-01 09:02:55 ....................................................................... ~ 0s
  2026-10-01 09:03:25 ....................................................................... ~ 0s
  2026-10-01 09:03:55 ....................................................................... ~ 1s
  2026-10-01 09:04:25 ....................................................................... ~ 0s
  2026-10-01 09:04:55 ....................................................................... ~ 0s
  2026-10-01 09:05:25 ....................................................................... ~ 0s
  2026-10-01 09:05:55 ....................................................................... ~ 0s
  2026-10-01 09:06:25 ....................................................................... ~ 0s
  2026-10-01 09:06:55 ....................................................................... ~ 0s
  2026-10-01 09:07:25 ....................................................................... ~ 0s
  2026-10-01 09:07:55 ....................................................................... ~ 0s
  2026-10-01 09:08:25 ....................................................................... ~ 0s
  2026-10-01 09:08:55 ....................................................................... ~ 0s
  2026-10-01 09:09:25 ....................................................................... ~ 0s
  2026-10-01 09:09:55 ....................................................................... ~ 0s
  2026-10-01 09:10:25 ....................................................................... ~ 0s
  2026-10-01 09:10:55 ....................................................................... ~ 0s
  2026-10-01 09:11:25 ....................................................................... ~ 0s
  2026-10-01 09:11:55 ....................................................................... ~ 1s
  2026-10-01 09:12:25 ....................................................................... ~ 0s
  2026-10-01 09:12:55 ....................................................................... ~ 0s
  2026-10-01 09:13:25 ....................................................................... ~ 0s
  2026-10-01 09:13:28 ....................................................................... ~ 1s
  2026-10-01 09:13:29 /image/logo/logo1x1.png ............................................... ~ 0s
  2026-10-01 09:13:29 /vendor/livewire/livewire.js?id=e949cd11 .............................. ~ 0s
  2026-10-01 09:13:30 ....................................................................... ~ 0s
  2026-10-01 09:13:36 ....................................................................... ~ 0s
  2026-10-01 09:13:36 ....................................................................... ~ 1s
  2026-10-01 09:13:36 ....................................................................... ~ 1s
  2026-10-01 09:13:37 /favicon.svg .......................................................... ~ 0s
  2026-10-01 09:14:05 ....................................................................... ~ 1s
  2026-10-01 09:14:06 ....................................................................... ~ 0s
  2026-10-01 09:14:06 /image/logo/logo1x1.png ............................................... ~ 0s
  2026-10-01 09:14:06 /vendor/livewire/livewire.js?id=e949cd11 .............................. ~ 0s
  2026-10-01 09:14:06 ....................................................................... ~ 1s
  2026-10-01 09:14:11 ....................................................................... ~ 0s
  2026-10-01 09:14:11 ....................................................................... ~ 0s
  2026-10-01 09:14:11 ....................................................................... ~ 0s
  2026-10-01 09:14:11 /favicon.svg .......................................................... ~ 0s
  2026-10-01 09:14:41 ....................................................................... ~ 0s
  2026-10-01 09:14:57 ....................................................................... ~ 1s
  2026-10-01 09:14:58 /image/logo/logo1x1.png ............................................... ~ 1s
  2026-10-01 09:14:59 /vendor/livewire/livewire.js?id=e949cd11 .............................. ~ 0s
  2026-10-01 09:15:00 ....................................................................... ~ 0s
  2026-10-01 09:15:05 ....................................................................... ~ 0s
  2026-10-01 09:15:05 ....................................................................... ~ 0s
  2026-10-01 09:15:05 ....................................................................... ~ 0s
  2026-10-01 09:15:05 /favicon.svg .......................................................... ~ 0s
  2026-10-01 09:15:33 ....................................................................... ~ 1s
  2026-10-01 09:15:41 ....................................................................... ~ 0s
  2026-10-01 09:15:41 /image/logo/logo1x1.png ............................................... ~ 0s
  2026-10-01 09:15:41 ....................................................................... ~ 1s
  2026-10-01 09:15:41 /vendor/livewire/livewire.js?id=e949cd11 .............................. ~ 1s
  2026-10-01 09:15:46 ....................................................................... ~ 0s
  2026-10-01 09:15:46 ....................................................................... ~ 0s
  2026-10-01 09:15:46 ....................................................................... ~ 1s
  2026-10-01 09:15:46 /favicon.svg .......................................................... ~ 1s
  2026-10-01 09:16:16 ....................................................................... ~ 0s
  2026-10-01 09:16:46 ....................................................................... ~ 0s
  2026-10-01 09:17:16 ....................................................................... ~ 0s
  2026-10-01 09:17:46 ....................................................................... ~ 0s
  2026-10-01 09:18:16 ....................................................................... ~ 0s
  2026-10-01 09:18:46 ....................................................................... ~ 0s
  2026-10-01 09:19:16 ....................................................................... ~ 0s
  2026-10-01 09:19:46 ....................................................................... ~ 0s
  2026-10-01 09:20:16 ....................................................................... ~ 0s
  2026-10-01 09:20:46 ....................................................................... ~ 0s
  2026-10-01 09:21:16 ....................................................................... ~ 0s
  2026-10-01 09:21:46 ....................................................................... ~ 0s
  2026-10-01 09:22:16 ....................................................................... ~ 0s
  2026-10-01 09:22:46 ....................................................................... ~ 0s
  2026-10-01 09:23:16 ....................................................................... ~ 0s
  2026-10-01 09:23:46 ....................................................................... ~ 0s
  2026-10-01 09:24:16 ....................................................................... ~ 0s
  2026-10-01 09:24:46 ....................................................................... ~ 0s
  2026-10-01 09:25:16 ....................................................................... ~ 0s
  2026-10-01 09:25:46 ....................................................................... ~ 0s
  2026-10-01 09:26:16 ....................................................................... ~ 0s
  2026-10-01 09:26:46 ....................................................................... ~ 0s
  2026-10-01 09:27:16 ....................................................................... ~ 0s
  2026-10-01 09:27:46 ....................................................................... ~ 0s
  2026-10-01 09:28:16 ....................................................................... ~ 0s
  2026-10-01 09:28:45 ....................................................................... ~ 1s
  2026-10-01 09:28:46 /image/logo/logo1x1.png ............................................... ~ 0s
  2026-10-01 09:28:46 /vendor/livewire/livewire.js?id=e949cd11 .............................. ~ 0s
  2026-10-01 09:28:47 ....................................................................... ~ 0s
  2026-10-01 09:28:47 ....................................................................... ~ 0s
  2026-10-01 09:29:17 ....................................................................... ~ 0s
  2026-10-01 09:29:47 ....................................................................... ~ 0s
  2026-10-01 09:30:17 ....................................................................... ~ 0s
  2026-10-01 09:30:47 ....................................................................... ~ 0s
  2026-10-01 09:31:17 ....................................................................... ~ 0s
  2026-10-01 09:31:47 ....................................................................... ~ 0s
  2026-10-01 09:32:17 ....................................................................... ~ 0s
  2026-10-01 09:34:55 ....................................................................... ~ 1s
  2026-10-01 09:34:56 ....................................................................... ~ 1s
  2026-10-01 09:34:57 /image/logo/logo1x1.png ............................................... ~ 0s
  2026-10-01 09:34:57 /vendor/livewire/livewire.js?id=e949cd11 .............................. ~ 0s
  2026-10-01 09:34:57 /image/logo/logo1x1.png ............................................... ~ 0s
  2026-10-01 09:34:57 /vendor/livewire/livewire.js?id=e949cd11 .............................. ~ 0s
  2026-10-01 09:34:58 ....................................................................... ~ 0s
  2026-10-01 09:35:02 ....................................................................... ~ 0s
  2026-10-01 09:35:02 ....................................................................... ~ 1s
  2026-10-01 09:35:02 /favicon.svg .......................................................... ~ 1s
  2026-10-01 09:35:03 ....................................................................... ~ 0s
  2026-10-01 09:35:03 ....................................................................... ~ 0s
  2026-10-01 09:35:03 ....................................................................... ~ 1s
  2026-10-01 09:35:03 /favicon.svg .......................................................... ~ 1s
  2026-10-01 09:35:32 ....................................................................... ~ 1s
  2026-10-01 09:35:33 ....................................................................... ~ 1s
  2026-10-01 09:36:02 ....................................................................... ~ 1s
  2026-10-01 09:36:04 ....................................................................... ~ 1s
  2026-10-01 09:36:32 ....................................................................... ~ 1s
  2026-10-01 09:36:33 ....................................................................... ~ 1s
  2026-10-01 09:37:02 ....................................................................... ~ 1s
  2026-10-01 09:37:04 ....................................................................... ~ 1s
  2026-10-01 09:37:32 ....................................................................... ~ 1s
  2026-10-01 09:37:34 ....................................................................... ~ 1s
  2026-10-01 09:38:48 ....................................................................... ~ 1s
  2026-10-01 09:38:49 ....................................................................... ~ 0s
  2026-10-01 09:38:49 ....................................................................... ~ 1s
  2026-10-01 09:38:50 ....................................................................... ~ 0s
  2026-10-01 09:40:57 ....................................................................... ~ 1s
  2026-10-01 09:40:58 ....................................................................... ~ 0s
  2026-10-01 09:40:58 ....................................................................... ~ 0s
  2026-10-01 09:40:58 ....................................................................... ~ 0s
  2026-10-01 09:42:57 ....................................................................... ~ 1s
  2026-10-01 09:42:58 ....................................................................... ~ 0s
  2026-10-01 09:42:58 ....................................................................... ~ 0s
  2026-10-01 09:42:58 ....................................................................... ~ 0s
  2026-10-01 09:44:57 ....................................................................... ~ 1s
  2026-10-01 09:44:57 ....................................................................... ~ 1s
  2026-10-01 09:44:58 ....................................................................... ~ 0s
  2026-10-01 09:44:58 ....................................................................... ~ 1s
  2026-10-01 09:46:57 ....................................................................... ~ 2s
  2026-10-01 09:46:59 ....................................................................... ~ 0s
  2026-10-01 09:46:59 ....................................................................... ~ 0s
  2026-10-01 09:46:59 ....................................................................... ~ 0s
  2026-10-01 09:48:36 ....................................................................... ~ 0s
  2026-10-01 09:48:36 ....................................................................... ~ 0s
  2026-10-01 09:48:39 ....................................................................... ~ 0s
  2026-10-01 09:48:40 ....................................................................... ~ 0s
  2026-10-01 09:49:02 ....................................................................... ~ 1s
  2026-10-01 09:49:32 ....................................................................... ~ 1s
  2026-10-01 09:50:02 ....................................................................... ~ 3s
  2026-10-01 09:50:32 ....................................................................... ~ 1s
  2026-10-01 09:51:02 ....................................................................... ~ 1s
  2026-10-01 09:51:33 ....................................................................... ~ 0s
  2026-10-01 09:52:02 ....................................................................... ~ 1s
  2026-10-01 09:52:33 ....................................................................... ~ 0s
  2026-10-01 09:53:02 ....................................................................... ~ 1s
  2026-10-01 09:53:32 ....................................................................... ~ 1s
  2026-10-01 09:54:02 ....................................................................... ~ 1s
  2026-10-01 09:54:27 ....................................................................... ~ 1s
  2026-10-01 09:54:32 ....................................................................... ~ 1s
  2026-10-01 09:55:02 ....................................................................... ~ 1s
  2026-10-01 09:55:32 ....................................................................... ~ 1s
  2026-10-01 09:56:02 ....................................................................... ~ 1s
  2026-10-01 09:56:32 ....................................................................... ~ 1s
  2026-10-01 09:57:02 ....................................................................... ~ 1s
  2026-10-01 09:57:32 ....................................................................... ~ 1s
  2026-10-01 09:58:02 ....................................................................... ~ 1s
  2026-10-01 09:58:32 ....................................................................... ~ 1s
  2026-10-01 09:59:02 ....................................................................... ~ 1s
  2026-10-01 09:59:32 ....................................................................... ~ 1s
  2026-10-01 10:00:02 ....................................................................... ~ 1s
  2026-10-01 10:00:32 ....................................................................... ~ 1s
  2026-10-01 10:01:02 ....................................................................... ~ 1s
  2026-10-01 10:01:32 ....................................................................... ~ 1s
  2026-10-01 10:02:02 ....................................................................... ~ 1s
  2026-10-01 10:02:32 ....................................................................... ~ 1s
  2026-10-01 10:03:02 ....................................................................... ~ 1s
  2026-10-01 10:03:32 ....................................................................... ~ 1s
  2026-10-01 10:04:02 ....................................................................... ~ 1s
  2026-10-01 10:04:32 ....................................................................... ~ 1s
  2026-10-01 10:05:02 ....................................................................... ~ 1s
  2026-10-01 10:05:32 ....................................................................... ~ 1s
  2026-10-01 10:06:02 ....................................................................... ~ 1s
  2026-10-01 10:06:32 ....................................................................... ~ 1s
  2026-10-01 10:07:02 ....................................................................... ~ 1s
  2026-10-01 10:07:32 ....................................................................... ~ 1s
  2026-10-01 10:08:02 ....................................................................... ~ 1s
  2026-10-01 10:08:32 ....................................................................... ~ 1s
  2026-10-01 10:09:02 ....................................................................... ~ 1s
  2026-10-01 10:09:32 ....................................................................... ~ 1s
  2026-10-01 10:10:02 ....................................................................... ~ 1s
  2026-10-01 10:10:32 ....................................................................... ~ 1s
  2026-10-01 10:11:02 ....................................................................... ~ 1s
  2026-10-01 10:11:32 ....................................................................... ~ 1s
  2026-10-01 10:12:02 ....................................................................... ~ 1s
  2026-10-01 10:12:32 ....................................................................... ~ 1s
  2026-10-01 10:13:02 ....................................................................... ~ 1s
  2026-10-01 10:13:32 ....................................................................... ~ 1s
  2026-10-01 10:14:02 ....................................................................... ~ 1s
  2026-10-01 10:14:32 ....................................................................... ~ 1s
  2026-10-01 10:15:02 ....................................................................... ~ 1s
  2026-10-01 10:15:32 ....................................................................... ~ 1s
  2026-10-01 10:16:02 ....................................................................... ~ 1s
  2026-10-01 10:16:32 ....................................................................... ~ 1s
  2026-10-01 10:17:02 ....................................................................... ~ 1s
  2026-10-01 10:17:32 ....................................................................... ~ 1s
  2026-10-01 10:18:02 ....................................................................... ~ 1s
  2026-10-01 10:18:32 ....................................................................... ~ 1s
  2026-10-01 10:19:02 ....................................................................... ~ 1s
  2026-10-01 10:19:32 ....................................................................... ~ 1s
  2026-10-01 10:20:02 ....................................................................... ~ 1s
  2026-10-01 10:20:32 ....................................................................... ~ 1s
  2026-10-01 10:21:02 ....................................................................... ~ 1s
  2026-10-01 10:21:32 ....................................................................... ~ 1s
  2026-10-01 10:22:02 ....................................................................... ~ 1s
  2026-10-01 10:22:32 ....................................................................... ~ 1s
  2026-10-01 10:23:02 ....................................................................... ~ 1s
  2026-10-01 10:23:32 ....................................................................... ~ 1s
  2026-10-01 10:24:02 ....................................................................... ~ 1s
  2026-10-01 10:24:32 ....................................................................... ~ 1s
  2026-10-01 10:25:02 ....................................................................... ~ 1s
  2026-10-01 10:25:32 ....................................................................... ~ 1s
  2026-10-01 10:26:02 ....................................................................... ~ 1s
  2026-10-01 10:26:32 ....................................................................... ~ 1s
  2026-10-01 10:27:02 ....................................................................... ~ 1s
  2026-10-01 10:27:32 ....................................................................... ~ 1s
  2026-10-01 10:28:02 ....................................................................... ~ 1s
  2026-10-01 10:28:32 ....................................................................... ~ 1s
  2026-10-01 10:29:02 ....................................................................... ~ 1s
  2026-10-01 10:29:32 ....................................................................... ~ 1s
  2026-10-01 10:30:02 ....................................................................... ~ 1s
  2026-10-01 10:30:32 ....................................................................... ~ 1s
  2026-10-01 10:31:02 ....................................................................... ~ 1s
  2026-10-01 10:31:32 ....................................................................... ~ 1s
  2026-10-01 10:32:02 ....................................................................... ~ 1s
  2026-10-01 10:32:32 ....................................................................... ~ 1s
  2026-10-01 10:33:02 ....................................................................... ~ 1s
  2026-10-01 10:33:32 ....................................................................... ~ 1s
  2026-10-01 10:34:02 ....................................................................... ~ 1s
  2026-10-01 10:34:32 ....................................................................... ~ 1s
  2026-10-01 10:35:02 ....................................................................... ~ 1s
  2026-10-01 10:35:32 ....................................................................... ~ 1s
  2026-10-01 10:36:02 ....................................................................... ~ 1s
  2026-10-01 10:36:32 ....................................................................... ~ 1s
  2026-10-01 10:37:02 ....................................................................... ~ 1s
  2026-10-01 10:37:32 ....................................................................... ~ 1s
  2026-10-01 10:38:02 ....................................................................... ~ 1s
  2026-10-01 10:38:32 ....................................................................... ~ 1s
  2026-10-01 10:39:02 ....................................................................... ~ 1s
  2026-10-01 10:39:32 ....................................................................... ~ 1s
  2026-10-01 10:40:02 ....................................................................... ~ 1s
  2026-10-01 10:40:32 ....................................................................... ~ 1s
  2026-10-01 10:41:02 ....................................................................... ~ 1s
  2026-10-01 10:41:32 ....................................................................... ~ 1s
  2026-10-01 10:42:02 ....................................................................... ~ 1s
  2026-10-01 10:42:32 ....................................................................... ~ 1s
  2026-10-01 10:43:02 ....................................................................... ~ 1s
  2026-10-01 10:43:32 ....................................................................... ~ 1s
  2026-10-01 10:44:02 ....................................................................... ~ 1s
  2026-10-01 10:44:32 ....................................................................... ~ 1s
  2026-10-01 10:47:39 ....................................................................... ~ 0s
  2026-10-01 10:47:43 ....................................................................... ~ 0s
  2026-10-01 10:47:47 ....................................................................... ~ 0s
  2026-10-01 10:47:47 ....................................................................... ~ 0s
  2026-10-01 10:48:02 ....................................................................... ~ 1s
  2026-10-01 10:48:32 ....................................................................... ~ 1s
  2026-10-01 10:49:02 ....................................................................... ~ 1s
  2026-10-01 10:53:34 ....................................................................... ~ 1s
  2026-10-01 10:54:04 ....................................................................... ~ 1s
  2026-10-01 11:00:57 ....................................................................... ~ 1s
  2026-10-01 11:10:37 ....................................................................... ~ 0s
  2026-10-01 11:11:02 ....................................................................... ~ 1s
  2026-10-01 11:11:32 ....................................................................... ~ 1s
  2026-10-01 11:11:39 ....................................................................... ~ 1s
  2026-10-01 11:11:39 /image/logo/logo1x1.png ............................................... ~ 1s
  2026-10-01 11:11:40 /vendor/livewire/livewire.js?id=e949cd11 .............................. ~ 0s
  2026-10-01 11:11:40 ....................................................................... ~ 0s
  2026-10-01 11:11:41 ....................................................................... ~ 0s
  2026-10-01 11:11:41 ....................................................................... ~ 0s
  2026-10-01 11:11:41 ....................................................................... ~ 0s
  2026-10-01 11:11:41 /favicon.svg .......................................................... ~ 1s
  2026-10-01 11:12:11 ....................................................................... ~ 0s
  2026-10-01 11:12:41 ....................................................................... ~ 0s
  2026-10-01 11:13:11 ....................................................................... ~ 0s
  2026-10-01 11:16:57 ....................................................................... ~ 1s
  2026-10-01 11:22:30 ....................................................................... ~ 1s
  2026-10-01 11:48:58 ....................................................................... ~ 3s
  2026-10-01 11:49:15 ....................................................................... ~ 0s

   INFO  Server running on [http://127.0.0.1:8000].  

  Press Ctrl+C to stop the server

  2026-10-06 18:17:11 ....................................................................... ~ 3s
  2026-10-06 18:17:14 /image/logo/logo1x1.png ............................................... ~ 0s
  2026-10-06 18:17:14 /image/brand/512.png .................................................. ~ 0s
  2026-10-06 18:17:14 /vendor/livewire/livewire.js?id=e949cd11 .............................. ~ 0s
  2026-10-06 18:17:16 ....................................................................... ~ 0s
  2026-10-06 18:17:29 /favicon.svg .......................................................... ~ 0s
  2026-10-06 18:19:45 ....................................................................... ~ 1s
  2026-10-06 18:19:46 ....................................................................... ~ 0s
  2026-10-06 18:19:46 /image/logo/logo1x1.png ............................................... ~ 0s
  2026-10-06 18:19:46 /vendor/livewire/livewire.js?id=e949cd11 .............................. ~ 0s
  2026-10-06 18:19:48 ....................................................................... ~ 0s
  2026-10-06 18:19:48 ....................................................................... ~ 0s
  2026-10-06 18:19:48 ....................................................................... ~ 0s
  2026-10-06 18:19:57 ....................................................................... ~ 0s
  2026-10-06 18:19:57 /image/logo/logo1x1.png ............................................... ~ 0s
  2026-10-06 18:19:57 /vendor/livewire/livewire.js?id=e949cd11 .............................. ~ 0s
  2026-10-06 18:19:58 ....................................................................... ~ 0s
  2026-10-06 18:19:58 ....................................................................... ~ 0s
  2026-10-06 18:20:03 ....................................................................... ~ 0s
  2026-10-06 18:20:08 ....................................................................... ~ 0s
  2026-10-06 18:20:13 ....................................................................... ~ 0s
  2026-10-06 18:20:18 ....................................................................... ~ 0s
  2026-10-06 18:20:23 ....................................................................... ~ 0s
  2026-10-06 18:20:23 ....................................................................... ~ 0s
  2026-10-06 18:20:23 ....................................................................... ~ 5s
  2026-10-06 18:20:33 ....................................................................... ~ 0s
  2026-10-06 18:20:35 ....................................................................... ~ 0s
  2026-10-06 18:20:35 ....................................................................... ~ 0s
  2026-10-06 18:20:35 /image/logo/logo1x1.png ............................................... ~ 0s
  2026-10-06 18:20:35 /image/brand/512.png .................................................. ~ 0s
  2026-10-06 18:20:35 /vendor/livewire/livewire.js?id=e949cd11 .............................. ~ 0s
  2026-10-06 18:20:39 ....................................................................... ~ 0s
  2026-10-06 18:20:39 ....................................................................... ~ 0s
  2026-10-06 18:20:39 /image/logo/logo1x1.png ............................................... ~ 0s
  2026-10-06 18:20:39 /vendor/livewire/livewire.js?id=e949cd11 .............................. ~ 0s
  2026-10-06 18:20:40 ....................................................................... ~ 0s
  2026-10-06 18:20:40 ....................................................................... ~ 0s
  2026-10-06 18:20:40 ....................................................................... ~ 0s
  2026-10-06 18:20:44 ....................................................................... ~ 0s
  2026-10-06 18:20:44 /image/logo/logo1x1.png ............................................... ~ 0s
  2026-10-06 18:20:44 /vendor/livewire/livewire.js?id=e949cd11 .............................. ~ 0s
  2026-10-06 18:20:46 ....................................................................... ~ 0s
  2026-10-06 18:20:46 ....................................................................... ~ 0s
  2026-10-06 18:21:15 ....................................................................... ~ 0s
  2026-10-06 18:21:45 ....................................................................... ~ 0s
  2026-10-06 18:22:15 ....................................................................... ~ 0s
  2026-10-06 18:22:45 ....................................................................... ~ 0s
  2026-10-06 18:23:15 ....................................................................... ~ 0s
  2026-10-06 18:23:45 ....................................................................... ~ 0s
  2026-10-06 18:24:11 ....................................................................... ~ 0s
  2026-10-06 18:24:15 ....................................................................... ~ 0s
  2026-10-06 18:24:45 ....................................................................... ~ 0s
  2026-10-06 18:25:15 ....................................................................... ~ 0s
  2026-10-06 18:25:45 ....................................................................... ~ 0s
  2026-10-06 18:26:11 ....................................................................... ~ 1s
  2026-10-06 18:26:15 ....................................................................... ~ 0s
  2026-10-06 18:26:45 ....................................................................... ~ 0s
  2026-10-06 18:27:15 ....................................................................... ~ 0s
  2026-10-06 18:27:45 ....................................................................... ~ 0s
  2026-10-06 18:28:15 ....................................................................... ~ 0s
  2026-10-06 18:28:45 ....................................................................... ~ 0s
  2026-10-06 18:29:15 ....................................................................... ~ 0s
  2026-10-06 18:29:45 ....................................................................... ~ 0s
  2026-10-06 18:30:15 ....................................................................... ~ 0s
  2026-10-06 18:30:45 ....................................................................... ~ 0s
  2026-10-06 18:31:15 ....................................................................... ~ 0s
  2026-10-06 18:31:45 ....................................................................... ~ 0s
  2026-10-06 18:32:15 ....................................................................... ~ 0s
  2026-10-06 18:32:45 ....................................................................... ~ 0s
  2026-10-06 18:33:15 ....................................................................... ~ 0s
  2026-10-06 18:33:45 ....................................................................... ~ 0s
  2026-10-06 18:34:15 ....................................................................... ~ 0s
  2026-10-06 18:34:45 ....................................................................... ~ 0s
  2026-10-06 18:35:15 ....................................................................... ~ 0s
  2026-10-06 18:35:45 ....................................................................... ~ 0s
  2026-10-06 18:36:15 ....................................................................... ~ 0s
  2026-10-06 18:36:45 ....................................................................... ~ 0s
  2026-10-06 18:37:15 ....................................................................... ~ 0s
  2026-10-06 18:37:45 ....................................................................... ~ 0s
  2026-10-06 18:38:11 ....................................................................... ~ 0s
  2026-10-06 18:38:15 ....................................................................... ~ 0s
  2026-10-06 18:38:45 ....................................................................... ~ 0s
  2026-10-06 18:39:15 ....................................................................... ~ 0s
  2026-10-06 18:39:45 ....................................................................... ~ 0s
  2026-10-06 18:40:15 ....................................................................... ~ 0s
  2026-10-06 18:40:45 ....................................................................... ~ 0s
  2026-10-06 18:41:11 ....................................................................... ~ 0s
  2026-10-06 18:41:15 ....................................................................... ~ 0s
  2026-10-06 18:41:45 ....................................................................... ~ 0s
  2026-10-06 18:42:15 ....................................................................... ~ 0s
  2026-10-06 18:42:45 ....................................................................... ~ 0s
  2026-10-06 18:43:15 ....................................................................... ~ 0s
  2026-10-06 18:43:45 ....................................................................... ~ 0s
  2026-10-06 18:44:15 ....................................................................... ~ 0s
  2026-10-06 18:44:45 ....................................................................... ~ 0s
  2026-10-06 18:45:15 ....................................................................... ~ 0s
  2026-10-06 18:45:45 ....................................................................... ~ 0s
  2026-10-06 18:46:15 ....................................................................... ~ 0s
  2026-10-06 18:46:45 ....................................................................... ~ 0s
  2026-10-06 18:47:15 ....................................................................... ~ 0s
  2026-10-06 18:47:45 ....................................................................... ~ 0s
  2026-10-06 18:48:15 ....................................................................... ~ 0s
  2026-10-06 18:48:45 ....................................................................... ~ 0s
  2026-10-06 18:49:15 ....................................................................... ~ 0s
  2026-10-06 18:49:45 ....................................................................... ~ 0s
  2026-10-06 18:50:15 ....................................................................... ~ 0s
  2026-10-06 18:50:45 ....................................................................... ~ 0s
  2026-10-06 18:51:15 ....................................................................... ~ 0s
  2026-10-06 18:51:45 ....................................................................... ~ 0s
  2026-10-06 18:52:15 ....................................................................... ~ 0s
  2026-10-06 18:52:45 ....................................................................... ~ 0s
  2026-10-06 18:53:15 ....................................................................... ~ 0s
  2026-10-06 18:53:45 ....................................................................... ~ 0s
  2026-10-06 18:54:15 ....................................................................... ~ 0s
  2026-10-06 18:54:45 ....................................................................... ~ 0s
  2026-10-06 18:55:15 ....................................................................... ~ 0s
  2026-10-06 18:55:45 ....................................................................... ~ 0s
  2026-10-06 18:56:15 ....................................................................... ~ 0s
  2026-10-06 18:56:45 ....................................................................... ~ 0s
  2026-10-06 18:57:15 ....................................................................... ~ 0s
  2026-10-06 18:57:45 ....................................................................... ~ 0s
  2026-10-06 18:58:15 ....................................................................... ~ 0s
  2026-10-06 18:58:45 ....................................................................... ~ 0s
  2026-10-06 18:59:15 ....................................................................... ~ 0s
  2026-10-06 18:59:45 ....................................................................... ~ 0s
  2026-10-06 19:00:15 ....................................................................... ~ 0s
  2026-10-06 19:00:45 ....................................................................... ~ 0s
  2026-10-06 19:01:15 ....................................................................... ~ 0s
  2026-10-06 19:01:45 ....................................................................... ~ 0s
  2026-10-06 19:02:15 ....................................................................... ~ 0s
  2026-10-06 19:02:45 ....................................................................... ~ 0s
  2026-10-06 19:03:15 ....................................................................... ~ 0s
  2026-10-06 19:03:45 ....................................................................... ~ 0s
  2026-10-06 19:04:15 ....................................................................... ~ 0s
  2026-10-06 19:04:45 ....................................................................... ~ 0s
  2026-10-06 19:05:15 ....................................................................... ~ 0s
  2026-10-06 19:05:45 ....................................................................... ~ 0s
  2026-10-06 19:06:15 ....................................................................... ~ 0s
  2026-10-06 19:06:45 ....................................................................... ~ 0s
  2026-10-06 19:07:15 ....................................................................... ~ 0s
  2026-10-06 19:07:45 ....................................................................... ~ 0s
  2026-10-06 19:08:15 ....................................................................... ~ 0s
  2026-10-06 19:08:45 ....................................................................... ~ 0s
  2026-10-06 19:09:15 ....................................................................... ~ 0s
  2026-10-06 19:09:45 ....................................................................... ~ 0s
  2026-10-06 19:10:15 ....................................................................... ~ 0s
  2026-10-06 19:10:45 ....................................................................... ~ 0s
  2026-10-06 19:11:15 ....................................................................... ~ 0s
  2026-10-06 19:11:45 ....................................................................... ~ 0s
  2026-10-06 19:12:15 ....................................................................... ~ 0s
  2026-10-06 19:12:45 ....................................................................... ~ 0s
  2026-10-06 19:13:15 ....................................................................... ~ 0s
  2026-10-06 19:13:45 ....................................................................... ~ 0s
  2026-10-06 19:14:15 ....................................................................... ~ 0s
  2026-10-06 19:14:45 ....................................................................... ~ 0s
  2026-10-06 19:15:11 ....................................................................... ~ 0s
  2026-10-06 19:15:15 ....................................................................... ~ 0s
  2026-10-06 19:15:45 ....................................................................... ~ 0s
  2026-10-06 19:16:15 ....................................................................... ~ 0s
  2026-10-06 19:16:45 ....................................................................... ~ 0s
  2026-10-06 19:17:15 ....................................................................... ~ 0s
  2026-10-06 19:17:45 ....................................................................... ~ 0s
  2026-10-06 19:18:15 ....................................................................... ~ 0s
  2026-10-06 19:18:45 ....................................................................... ~ 0s
  2026-10-06 19:19:15 ....................................................................... ~ 0s
  2026-10-06 19:19:45 ....................................................................... ~ 0s
  2026-10-06 19:20:15 ....................................................................... ~ 0s
  2026-10-06 19:20:45 ....................................................................... ~ 0s
  2026-10-06 19:21:15 ....................................................................... ~ 0s
  2026-10-06 19:21:45 ....................................................................... ~ 0s
  2026-10-06 19:22:15 ....................................................................... ~ 0s
  2026-10-06 19:22:45 ....................................................................... ~ 0s
  2026-10-06 19:23:15 ....................................................................... ~ 0s
  2026-10-06 19:23:45 ....................................................................... ~ 0s
  2026-10-06 19:24:15 ....................................................................... ~ 0s
  2026-10-06 19:24:45 ....................................................................... ~ 0s
  2026-10-06 19:25:15 ....................................................................... ~ 0s
  2026-10-06 19:25:45 ....................................................................... ~ 0s
  2026-10-06 19:26:15 ....................................................................... ~ 0s
  2026-10-06 19:26:45 ....................................................................... ~ 0s
  2026-10-06 19:27:15 ....................................................................... ~ 0s
  2026-10-06 19:27:45 ....................................................................... ~ 0s
  2026-10-06 19:28:15 ....................................................................... ~ 0s
  2026-10-06 19:28:45 ....................................................................... ~ 0s
  2026-10-06 19:29:15 ....................................................................... ~ 0s
  2026-10-06 19:29:45 ....................................................................... ~ 0s
  2026-10-06 19:30:15 ....................................................................... ~ 0s
  2026-10-06 19:30:45 ....................................................................... ~ 0s
  2026-10-06 19:31:15 ....................................................................... ~ 0s
  2026-10-06 19:31:45 ....................................................................... ~ 0s
  2026-10-06 19:32:15 ....................................................................... ~ 0s
  2026-10-06 19:32:45 ....................................................................... ~ 0s
  2026-10-06 19:33:15 ....................................................................... ~ 0s
  2026-10-06 19:33:45 ....................................................................... ~ 0s
  2026-10-06 19:34:15 ....................................................................... ~ 0s
  2026-10-06 19:34:45 ....................................................................... ~ 0s
  2026-10-06 19:35:15 ....................................................................... ~ 0s
  2026-10-06 19:35:45 ....................................................................... ~ 0s
  2026-10-06 19:36:15 ....................................................................... ~ 0s
  2026-10-06 19:36:45 ....................................................................... ~ 0s
  2026-10-06 19:37:15 ....................................................................... ~ 0s
  2026-10-06 19:37:45 ....................................................................... ~ 0s
  2026-10-06 19:38:15 ....................................................................... ~ 0s
  2026-10-06 19:38:45 ....................................................................... ~ 0s
  2026-10-06 19:39:15 ....................................................................... ~ 0s
  2026-10-06 19:39:45 ....................................................................... ~ 0s
  2026-10-06 19:40:15 ....................................................................... ~ 0s
  2026-10-06 19:40:45 ....................................................................... ~ 0s
  2026-10-06 19:41:15 ....................................................................... ~ 0s
  2026-10-06 19:41:45 ....................................................................... ~ 0s
  2026-10-06 19:42:15 ....................................................................... ~ 0s
  2026-10-06 19:42:45 ....................................................................... ~ 0s
  2026-10-06 19:43:15 ....................................................................... ~ 0s
  2026-10-06 19:43:45 ....................................................................... ~ 0s
  2026-10-06 19:44:15 ....................................................................... ~ 0s
  2026-10-06 19:44:45 ....................................................................... ~ 0s
  2026-10-06 19:45:15 ....................................................................... ~ 0s
  2026-10-06 19:45:45 ....................................................................... ~ 0s
  2026-10-06 19:46:15 ....................................................................... ~ 0s
  2026-10-06 19:46:45 ....................................................................... ~ 0s
  2026-10-06 19:47:15 ....................................................................... ~ 0s
  2026-10-06 19:47:45 ....................................................................... ~ 0s
  2026-10-06 19:48:15 ....................................................................... ~ 0s
  2026-10-06 19:48:45 ....................................................................... ~ 0s
  2026-10-06 19:49:15 ....................................................................... ~ 0s
  2026-10-06 19:49:45 ....................................................................... ~ 0s
  2026-10-06 19:50:15 ....................................................................... ~ 0s
  2026-10-06 19:50:45 ....................................................................... ~ 0s
  2026-10-06 19:51:15 ....................................................................... ~ 0s
  2026-10-06 19:51:45 ....................................................................... ~ 0s
  2026-10-06 19:52:15 ....................................................................... ~ 0s
  2026-10-06 19:52:45 ....................................................................... ~ 0s
  2026-10-06 19:53:11 ....................................................................... ~ 0s
  2026-10-06 19:53:15 ....................................................................... ~ 0s
  2026-10-06 19:53:45 ....................................................................... ~ 0s
  2026-10-06 19:54:15 ....................................................................... ~ 0s
  2026-10-06 19:54:45 ....................................................................... ~ 0s
  2026-10-06 19:55:15 ....................................................................... ~ 0s
  2026-10-06 19:55:45 ....................................................................... ~ 0s
  2026-10-06 19:56:15 ....................................................................... ~ 0s
  2026-10-06 19:56:45 ....................................................................... ~ 0s
  2026-10-06 19:57:15 ....................................................................... ~ 0s
  2026-10-06 19:57:45 ....................................................................... ~ 0s
  2026-10-06 19:58:15 ....................................................................... ~ 0s
  2026-10-06 19:58:45 ....................................................................... ~ 0s
  2026-10-06 19:59:15 ....................................................................... ~ 0s
  2026-10-06 19:59:45 ....................................................................... ~ 0s
  2026-10-06 20:00:15 ....................................................................... ~ 0s
  2026-10-06 20:00:45 ....................................................................... ~ 0s
  2026-10-06 20:01:11 ....................................................................... ~ 0s
  2026-10-06 20:01:15 ....................................................................... ~ 0s
  2026-10-06 20:01:45 ....................................................................... ~ 0s
  2026-10-06 20:02:15 ....................................................................... ~ 0s
  2026-10-06 20:02:45 ....................................................................... ~ 0s
  2026-10-06 20:03:15 ....................................................................... ~ 0s
  2026-10-06 20:03:45 ....................................................................... ~ 0s
  2026-10-06 20:04:15 ....................................................................... ~ 0s
  2026-10-06 20:04:45 ....................................................................... ~ 0s
  2026-10-06 20:05:15 ....................................................................... ~ 0s
  2026-10-06 20:05:45 ....................................................................... ~ 0s
  2026-10-06 20:06:15 ....................................................................... ~ 0s
  2026-10-06 20:06:45 ....................................................................... ~ 0s
  2026-10-06 20:07:15 ....................................................................... ~ 0s
  2026-10-06 20:07:45 ....................................................................... ~ 0s
  2026-10-06 20:08:15 ....................................................................... ~ 0s
  2026-10-06 20:08:45 ....................................................................... ~ 0s
  2026-10-06 20:09:15 ....................................................................... ~ 0s
  2026-10-06 20:09:45 ....................................................................... ~ 0s
  2026-10-06 20:10:15 ....................................................................... ~ 0s
  2026-10-06 20:10:45 ....................................................................... ~ 0s
  2026-10-06 20:11:15 ....................................................................... ~ 0s
  2026-10-06 20:11:45 ....................................................................... ~ 0s
  2026-10-06 20:12:15 ....................................................................... ~ 0s
  2026-10-06 20:12:45 ....................................................................... ~ 0s
  2026-10-06 20:13:15 ....................................................................... ~ 0s
  2026-10-06 20:13:45 ....................................................................... ~ 0s
  2026-10-06 20:14:15 ....................................................................... ~ 0s
  2026-10-06 20:14:45 ....................................................................... ~ 0s
  2026-10-06 20:15:11 ....................................................................... ~ 0s
  2026-10-06 20:15:15 ....................................................................... ~ 0s
  2026-10-06 20:15:45 ....................................................................... ~ 0s
  2026-10-06 20:16:15 ....................................................................... ~ 0s
  2026-10-06 20:16:45 ....................................................................... ~ 0s
  2026-10-06 20:17:15 ....................................................................... ~ 0s
  2026-10-06 20:17:45 ....................................................................... ~ 0s
  2026-10-06 20:18:15 ....................................................................... ~ 0s
  2026-10-06 20:18:45 ....................................................................... ~ 0s
  2026-10-06 20:19:15 ....................................................................... ~ 0s
  2026-10-06 20:19:45 ....................................................................... ~ 0s
  2026-10-06 20:20:15 ....................................................................... ~ 0s
  2026-10-06 20:20:45 ....................................................................... ~ 0s
  2026-10-06 20:21:15 ....................................................................... ~ 0s
  2026-10-06 20:21:45 ....................................................................... ~ 0s
  2026-10-06 20:22:15 ....................................................................... ~ 0s
  2026-10-06 20:22:45 ....................................................................... ~ 0s
  2026-10-06 20:23:15 ....................................................................... ~ 0s
  2026-10-06 20:23:45 ....................................................................... ~ 0s
  2026-10-06 20:24:15 ....................................................................... ~ 0s
  2026-10-06 20:24:45 ....................................................................... ~ 0s
  2026-10-06 20:25:15 ....................................................................... ~ 0s
  2026-10-06 20:25:45 ....................................................................... ~ 0s
  2026-10-06 20:26:15 ....................................................................... ~ 0s
  2026-10-06 20:26:45 ....................................................................... ~ 0s
  2026-10-06 20:27:15 ....................................................................... ~ 0s
  2026-10-06 20:27:45 ....................................................................... ~ 0s
  2026-10-06 20:28:15 ....................................................................... ~ 0s
  2026-10-06 20:28:45 ....................................................................... ~ 0s
  2026-10-06 20:29:15 ....................................................................... ~ 0s
  2026-10-06 20:29:45 ....................................................................... ~ 0s
  2026-10-06 20:30:15 ....................................................................... ~ 0s
  2026-10-06 20:30:45 ....................................................................... ~ 0s
  2026-10-06 20:31:15 ....................................................................... ~ 0s
  2026-10-06 20:31:45 ....................................................................... ~ 0s
  2026-10-06 20:32:15 ....................................................................... ~ 0s
  2026-10-06 20:32:45 ....................................................................... ~ 0s
  2026-10-06 20:33:04 ....................................................................... ~ 1s
  2026-10-06 20:33:05 /image/logo/logo1x1.png ............................................... ~ 0s
  2026-10-06 20:33:05 /vendor/livewire/livewire.js?id=e949cd11 .............................. ~ 0s
  2026-10-06 20:33:06 ....................................................................... ~ 0s
  2026-10-06 20:33:06 ....................................................................... ~ 0s
  2026-10-06 20:33:06 /favicon.svg .......................................................... ~ 0s
  2026-10-06 20:33:35 ....................................................................... ~ 1s
  2026-10-06 20:34:05 ....................................................................... ~ 0s
  2026-10-06 20:34:35 ....................................................................... ~ 0s
  2026-10-06 20:35:05 ....................................................................... ~ 0s
  2026-10-06 20:35:35 ....................................................................... ~ 0s
  2026-10-06 20:36:05 ....................................................................... ~ 0s
  2026-10-06 20:36:35 ....................................................................... ~ 0s
  2026-10-06 20:37:05 ....................................................................... ~ 0s
  2026-10-06 20:37:35 ....................................................................... ~ 1s
  2026-10-06 20:38:05 ....................................................................... ~ 0s
  2026-10-06 20:38:35 ....................................................................... ~ 0s
  2026-10-06 20:39:05 ....................................................................... ~ 0s
  2026-10-06 20:39:35 ....................................................................... ~ 0s
  2026-10-06 20:40:05 ....................................................................... ~ 0s
  2026-10-06 20:40:35 ....................................................................... ~ 0s
  2026-10-06 20:41:05 ....................................................................... ~ 0s
  2026-10-06 20:41:35 ....................................................................... ~ 1s
  2026-10-06 20:42:05 ....................................................................... ~ 0s
  2026-10-06 20:42:35 ....................................................................... ~ 0s
  2026-10-06 20:43:05 ....................................................................... ~ 1s
  2026-10-06 20:43:35 ....................................................................... ~ 0s
  2026-10-06 20:44:05 ....................................................................... ~ 0s
  2026-10-06 20:44:35 ....................................................................... ~ 1s
  2026-10-06 20:45:05 ....................................................................... ~ 0s
  2026-10-06 20:45:35 ....................................................................... ~ 0s
  2026-10-06 20:46:05 ....................................................................... ~ 0s
  2026-10-06 20:46:35 ....................................................................... ~ 0s
  2026-10-06 20:47:05 ....................................................................... ~ 0s
  2026-10-06 20:47:35 ....................................................................... ~ 1s
  2026-10-06 20:48:05 ....................................................................... ~ 0s
  2026-10-06 20:48:35 ....................................................................... ~ 1s
  2026-10-06 20:49:05 ....................................................................... ~ 0s
  2026-10-06 20:49:35 ....................................................................... ~ 0s
  2026-10-06 20:50:05 ....................................................................... ~ 1s
  2026-10-06 20:50:35 ....................................................................... ~ 0s
  2026-10-06 20:51:05 ....................................................................... ~ 0s
  2026-10-06 20:51:35 ....................................................................... ~ 1s
  2026-10-06 20:52:05 ....................................................................... ~ 0s
  2026-10-06 20:52:35 ....................................................................... ~ 1s
  2026-10-06 20:53:05 ....................................................................... ~ 1s
  2026-10-06 20:53:35 ....................................................................... ~ 0s
  2026-10-06 20:54:05 ....................................................................... ~ 0s
  2026-10-06 20:54:35 ....................................................................... ~ 1s
  2026-10-06 20:55:05 ....................................................................... ~ 0s
  2026-10-06 20:55:35 ....................................................................... ~ 1s
  2026-10-06 20:56:05 ....................................................................... ~ 0s
  2026-10-06 20:56:35 ....................................................................... ~ 1s
  2026-10-06 20:57:05 ....................................................................... ~ 1s
  2026-10-06 20:57:35 ....................................................................... ~ 0s
  2026-10-06 20:58:05 ....................................................................... ~ 0s
  2026-10-06 20:58:35 ....................................................................... ~ 0s
  2026-10-06 20:59:05 ....................................................................... ~ 0s
  2026-10-06 20:59:35 ....................................................................... ~ 0s
  2026-10-06 21:00:05 ....................................................................... ~ 0s
  2026-10-06 21:00:35 ....................................................................... ~ 1s
  2026-10-06 21:01:05 ....................................................................... ~ 1s
  2026-10-06 21:01:35 ....................................................................... ~ 1s
  2026-10-06 21:02:05 ....................................................................... ~ 0s
  2026-10-06 21:02:35 ....................................................................... ~ 1s
  2026-10-06 21:03:05 ....................................................................... ~ 0s
  2026-10-06 21:03:35 ....................................................................... ~ 0s
  2026-10-06 21:04:05 ....................................................................... ~ 0s
  2026-10-06 21:04:35 ....................................................................... ~ 0s
  2026-10-06 21:05:05 ....................................................................... ~ 0s
  2026-10-06 21:05:35 ....................................................................... ~ 0s
  2026-10-06 21:06:05 ....................................................................... ~ 0s
  2026-10-06 21:06:35 ....................................................................... ~ 1s
  2026-10-06 21:07:05 ....................................................................... ~ 0s
  2026-10-06 21:07:35 ....................................................................... ~ 0s
  2026-10-06 21:08:05 ....................................................................... ~ 0s
  2026-10-06 21:08:35 ....................................................................... ~ 0s
  2026-10-06 21:09:05 ....................................................................... ~ 0s
  2026-10-06 21:09:35 ....................................................................... ~ 0s
  2026-10-06 21:10:05 ....................................................................... ~ 0s
  2026-10-06 21:10:35 ....................................................................... ~ 0s
  2026-10-06 21:11:05 ....................................................................... ~ 0s
  2026-10-06 21:11:35 ....................................................................... ~ 1s
  2026-10-06 21:12:05 ....................................................................... ~ 0s
  2026-10-06 21:12:35 ....................................................................... ~ 0s
  2026-10-06 21:13:05 ....................................................................... ~ 0s
  2026-10-06 21:13:35 ....................................................................... ~ 1s
  2026-10-06 21:14:05 ....................................................................... ~ 0s
  2026-10-06 21:14:35 ....................................................................... ~ 0s
  2026-10-06 21:15:05 ....................................................................... ~ 0s
  2026-10-06 21:15:35 ....................................................................... ~ 0s
  2026-10-06 21:16:05 ....................................................................... ~ 0s
  2026-10-06 21:16:35 ....................................................................... ~ 1s
  2026-10-06 21:17:05 ....................................................................... ~ 1s
  2026-10-06 21:17:35 ....................................................................... ~ 1s
  2026-10-06 21:18:05 ....................................................................... ~ 0s
  2026-10-06 21:18:35 ....................................................................... ~ 1s
  2026-10-06 21:19:05 ....................................................................... ~ 0s
  2026-10-06 21:19:35 ....................................................................... ~ 1s
  2026-10-06 21:20:05 ....................................................................... ~ 0s
  2026-10-06 21:20:35 ....................................................................... ~ 1s
  2026-10-06 21:21:05 ....................................................................... ~ 0s
  2026-10-06 21:21:35 ....................................................................... ~ 0s
  2026-10-06 21:22:05 ....................................................................... ~ 1s
  2026-10-06 21:22:35 ....................................................................... ~ 1s
  2026-10-06 21:23:05 ....................................................................... ~ 0s
  2026-10-06 21:23:35 ....................................................................... ~ 0s
  2026-10-06 21:24:05 ....................................................................... ~ 0s
  2026-10-06 21:24:35 ....................................................................... ~ 0s
  2026-10-06 21:25:05 ....................................................................... ~ 0s
  2026-10-06 21:25:35 ....................................................................... ~ 0s
  2026-10-06 21:26:05 ....................................................................... ~ 0s
  2026-10-06 21:26:35 ....................................................................... ~ 0s
  2026-10-06 21:27:05 ....................................................................... ~ 0s
  2026-10-06 21:27:35 ....................................................................... ~ 1s
  2026-10-06 21:28:05 ....................................................................... ~ 0s
  2026-10-06 21:28:35 ....................................................................... ~ 1s
  2026-10-06 21:29:05 ....................................................................... ~ 0s
  2026-10-06 21:29:35 ....................................................................... ~ 0s
  2026-10-06 21:30:05 ....................................................................... ~ 0s
  2026-10-06 21:30:35 ....................................................................... ~ 1s
  2026-10-06 21:31:05 ....................................................................... ~ 0s
  2026-10-06 21:31:35 ....................................................................... ~ 0s
  2026-10-06 21:32:05 ....................................................................... ~ 0s
  2026-10-06 21:32:35 ....................................................................... ~ 0s
  2026-10-06 21:33:05 ....................................................................... ~ 0s
  2026-10-06 21:33:35 ....................................................................... ~ 0s
  2026-10-06 21:34:05 ....................................................................... ~ 0s
  2026-10-06 21:34:35 ....................................................................... ~ 0s
  2026-10-06 21:35:05 ....................................................................... ~ 0s
  2026-10-06 21:35:35 ....................................................................... ~ 1s
  2026-10-06 21:36:05 ....................................................................... ~ 0s
  2026-10-06 21:36:35 ....................................................................... ~ 0s
  2026-10-06 21:37:05 ....................................................................... ~ 0s
  2026-10-06 21:37:35 ....................................................................... ~ 1s
  2026-10-06 21:38:37 ....................................................................... ~ 1s
  2026-10-06 21:41:50 ...................................................................... ~ 68s
  2026-10-06 21:58:26 ....................................................................... ~ 2s
  2026-10-06 21:58:28 ....................................................................... ~ 1s
  2026-10-06 21:58:29 ....................................................................... ~ 0s
  2026-10-06 21:58:29 ....................................................................... ~ 0s
  2026-10-06 21:58:35 ....................................................................... ~ 0s
  2026-10-06 21:58:35 ....................................................................... ~ 1s
  2026-10-06 21:58:42 ....................................................................... ~ 1s
  2026-10-06 21:58:43 ....................................................................... ~ 0s
  2026-10-06 21:58:43 /image/logo/logo1x1.png ............................................... ~ 0s
  2026-10-06 21:58:43 /image/brand/512.png .................................................. ~ 0s
  2026-10-06 21:58:43 /vendor/livewire/livewire.js?id=e949cd11 .............................. ~ 0s
  2026-10-06 21:58:50 ....................................................................... ~ 1s
  2026-10-06 21:58:51 ....................................................................... ~ 0s
  2026-10-06 21:58:51 /image/logo/logo1x1.png ............................................... ~ 0s
  2026-10-06 21:58:51 /vendor/livewire/livewire.js?id=e949cd11 .............................. ~ 0s
  2026-10-06 21:58:53 ....................................................................... ~ 0s
  2026-10-06 21:58:53 ....................................................................... ~ 0s
  2026-10-06 21:58:53 ....................................................................... ~ 0s
  2026-10-06 21:59:01 ....................................................................... ~ 1s
  2026-10-06 21:59:02 ....................................................................... ~ 0s
  2026-10-06 21:59:02 /image/logo/logo1x1.png ............................................... ~ 0s
  2026-10-06 21:59:02 /image/brand/512.png .................................................. ~ 0s
  2026-10-06 21:59:02 /vendor/livewire/livewire.js?id=e949cd11 .............................. ~ 0s

   INFO  Server running on [http://127.0.0.1:8000].  

  Press Ctrl+C to stop the server

  2026-10-07 13:42:57 ....................................................................... ~ 2s
  2026-10-07 13:42:59 /image/logo/logo1x1.png ............................................... ~ 0s
  2026-10-07 13:42:59 /image/brand/512.png .................................................. ~ 0s
  2026-10-07 13:42:59 /vendor/livewire/livewire.js?id=e949cd11 .............................. ~ 0s
  2026-10-07 13:43:53 ....................................................................... ~ 1s
  2026-10-07 13:43:54 ....................................................................... ~ 1s
  2026-10-07 13:43:55 /image/logo/logo1x1.png ............................................... ~ 0s
  2026-10-07 13:43:55 /vendor/livewire/livewire.js?id=e949cd11 .............................. ~ 0s
  2026-10-07 13:43:56 ....................................................................... ~ 0s
  2026-10-07 13:43:56 ....................................................................... ~ 0s
  2026-10-07 13:43:56 ....................................................................... ~ 1s
  2026-10-07 13:44:07 ....................................................................... ~ 2s
  2026-10-07 13:44:09 /image/logo/logo1x1.png ............................................... ~ 0s
  2026-10-07 13:44:09 /vendor/livewire/livewire.js?id=e949cd11 .............................. ~ 0s
  2026-10-07 13:44:09 ....................................................................... ~ 1s
  2026-10-07 13:44:10 ....................................................................... ~ 0s
  2026-10-07 13:44:24 ....................................................................... ~ 1s
  2026-10-07 13:44:39 ....................................................................... ~ 0s
  2026-10-07 13:44:45 ....................................................................... ~ 1s
  2026-10-07 13:45:09 ....................................................................... ~ 0s
  2026-10-07 13:45:39 ....................................................................... ~ 0s
  2026-10-07 13:46:09 ....................................................................... ~ 0s
  2026-10-07 13:46:39 ....................................................................... ~ 0s
  2026-10-07 13:46:41 ....................................................................... ~ 2s
  2026-10-07 13:46:43 /image/logo/logo1x1.png ............................................... ~ 0s
  2026-10-07 13:46:43 /vendor/livewire/livewire.js?id=e949cd11 .............................. ~ 0s
  2026-10-07 13:46:44 ....................................................................... ~ 1s
  2026-10-07 13:46:45 ....................................................................... ~ 0s
  2026-10-07 13:46:45 ....................................................................... ~ 0s
  2026-10-07 13:47:58 ....................................................................... ~ 0s
  2026-10-07 13:48:28 ....................................................................... ~ 1s
  2026-10-07 13:48:58 ....................................................................... ~ 1s
  2026-10-07 13:49:24 ....................................................................... ~ 0s
  2026-10-07 13:49:29 ....................................................................... ~ 0s
  2026-10-07 13:49:59 ....................................................................... ~ 0s
  2026-10-07 13:50:16 ....................................................................... ~ 1s
  2026-10-07 13:50:17 ....................................................................... ~ 3s
  2026-10-07 13:50:20 ....................................................................... ~ 1s
  2026-10-07 13:50:20 /favicon.ico .......................................................... ~ 1s
  2026-10-07 13:50:21 /image/logo/logo1x1.png ............................................... ~ 0s
  2026-10-07 13:50:21 /vendor/livewire/livewire.js?id=e949cd11 .............................. ~ 0s
  2026-10-07 13:50:22 ....................................................................... ~ 0s
  2026-10-07 13:50:22 ....................................................................... ~ 0s
  2026-10-07 13:50:22 /favicon.svg .......................................................... ~ 0s
  2026-10-07 13:50:23 ....................................................................... ~ 1s
  2026-10-07 13:50:29 ....................................................................... ~ 0s
  2026-10-07 13:50:31 ....................................................................... ~ 1s
  2026-10-07 13:50:32 ....................................................................... ~ 2s
  2026-10-07 13:50:34 /image/logo/logo1x1.png ............................................... ~ 0s
  2026-10-07 13:50:34 /vendor/livewire/livewire.js?id=e949cd11 .............................. ~ 0s
  2026-10-07 13:50:34 /image/logo/logo1x1.png ............................................... ~ 0s
  2026-10-07 13:50:34 /vendor/livewire/livewire.js?id=e949cd11 .............................. ~ 0s
  2026-10-07 13:50:34 ....................................................................... ~ 0s
  2026-10-07 13:50:34 ....................................................................... ~ 0s
  2026-10-07 13:50:34 /favicon.svg .......................................................... ~ 0s
  2026-10-07 13:50:35 ....................................................................... ~ 0s
  2026-10-07 13:50:35 ....................................................................... ~ 0s
  2026-10-07 13:50:35 /favicon.svg .......................................................... ~ 0s
  2026-10-07 13:50:35 ....................................................................... ~ 1s
  2026-10-07 13:50:49 ....................................................................... ~ 0s
  2026-10-07 13:50:54 ....................................................................... ~ 1s
  2026-10-07 13:50:59 ....................................................................... ~ 0s
  2026-10-07 13:50:59 ....................................................................... ~ 1s
  2026-10-07 13:51:05 ....................................................................... ~ 0s
  2026-10-07 13:51:11 ....................................................................... ~ 1s
  2026-10-07 13:51:29 ....................................................................... ~ 0s
  2026-10-07 13:51:35 ....................................................................... ~ 0s
  2026-10-07 13:51:59 ....................................................................... ~ 0s
  2026-10-07 13:52:29 ....................................................................... ~ 0s
  2026-10-07 13:52:59 ....................................................................... ~ 0s
  2026-10-07 13:53:10 ....................................................................... ~ 1s
  2026-10-07 13:53:11 ....................................................................... ~ 3s
  2026-10-07 13:53:14 /image/logo/logo1x1.png ............................................... ~ 0s
  2026-10-07 13:53:14 /vendor/livewire/livewire.js?id=e949cd11 .............................. ~ 0s
  2026-10-07 13:53:14 /image/logo/logo1x1.png ............................................... ~ 0s
  2026-10-07 13:53:14 /vendor/livewire/livewire.js?id=e949cd11 .............................. ~ 0s
  2026-10-07 13:53:15 ....................................................................... ~ 1s
  2026-10-07 13:53:15 ....................................................................... ~ 1s
  2026-10-07 13:53:16 /favicon.svg .......................................................... ~ 0s
  2026-10-07 13:53:16 ....................................................................... ~ 0s
  2026-10-07 13:53:16 ....................................................................... ~ 0s
  2026-10-07 13:53:16 /favicon.svg .......................................................... ~ 0s
  2026-10-07 13:53:17 ....................................................................... ~ 1s
  2026-10-07 13:53:18 ....................................................................... ~ 1s
  2026-10-07 13:53:18 ....................................................................... ~ 2s
  2026-10-07 13:53:20 /image/logo/logo1x1.png ............................................... ~ 0s
  2026-10-07 13:53:20 /vendor/livewire/livewire.js?id=e949cd11 .............................. ~ 0s
  2026-10-07 13:53:20 /image/logo/logo1x1.png ............................................... ~ 0s
  2026-10-07 13:53:20 /vendor/livewire/livewire.js?id=e949cd11 .............................. ~ 0s
  2026-10-07 13:53:21 ....................................................................... ~ 0s
  2026-10-07 13:53:21 ....................................................................... ~ 0s
  2026-10-07 13:53:21 ....................................................................... ~ 0s
  2026-10-07 13:53:21 ....................................................................... ~ 0s
  2026-10-07 13:53:21 ....................................................................... ~ 1s
  2026-10-07 13:53:21 /favicon.svg .......................................................... ~ 1s
  2026-10-07 13:53:21 /favicon.svg .......................................................... ~ 1s
  2026-10-07 13:53:29 ....................................................................... ~ 0s
  2026-10-07 13:53:31 ....................................................................... ~ 1s
  2026-10-07 13:53:32 ....................................................................... ~ 2s
  2026-10-07 13:53:34 /image/logo/logo1x1.png ............................................... ~ 0s
  2026-10-07 13:53:34 /vendor/livewire/livewire.js?id=e949cd11 .............................. ~ 0s
  2026-10-07 13:53:34 /image/logo/logo1x1.png ............................................... ~ 0s
  2026-10-07 13:53:34 /vendor/livewire/livewire.js?id=e949cd11 .............................. ~ 0s
  2026-10-07 13:53:36 ....................................................................... ~ 1s
  2026-10-07 13:53:37 ....................................................................... ~ 1s
  2026-10-07 13:53:37 ....................................................................... ~ 1s
  2026-10-07 13:53:38 ....................................................................... ~ 0s
  2026-10-07 13:53:38 ....................................................................... ~ 2s
  2026-10-07 13:53:38 /favicon.svg .......................................................... ~ 2s
  2026-10-07 13:53:40 ....................................................................... ~ 1s
  2026-10-07 13:53:38 /image/logo/logo1x1.png ............................................... ~ 3s
  2026-10-07 13:53:40 /vendor/livewire/livewire.js?id=e949cd11 .............................. ~ 1s
  2026-10-07 13:53:41 /image/logo/logo1x1.png ............................................... ~ 0s
  2026-10-07 13:53:41 /vendor/livewire/livewire.js?id=e949cd11 .............................. ~ 0s
  2026-10-07 13:53:42 ....................................................................... ~ 0s
  2026-10-07 13:53:42 ....................................................................... ~ 0s
  2026-10-07 13:53:42 /favicon.svg .......................................................... ~ 0s
  2026-10-07 13:53:43 ....................................................................... ~ 1s
  2026-10-07 13:53:44 ....................................................................... ~ 0s
  2026-10-07 13:53:44 ....................................................................... ~ 0s
  2026-10-07 13:53:49 ....................................................................... ~ 2s
  2026-10-07 13:53:51 ....................................................................... ~ 0s
  2026-10-07 13:53:51 /image/logo/logo1x1.png ............................................... ~ 0s
  2026-10-07 13:53:51 /vendor/livewire/livewire.js?id=e949cd11 .............................. ~ 0s
  2026-10-07 13:53:51 /image/logo/logo1x1.png ............................................... ~ 0s
  2026-10-07 13:53:51 /vendor/livewire/livewire.js?id=e949cd11 .............................. ~ 0s
  2026-10-07 13:53:52 ....................................................................... ~ 0s
  2026-10-07 13:53:52 ....................................................................... ~ 1s
  2026-10-07 13:53:53 ....................................................................... ~ 1s
  2026-10-07 13:53:53 /favicon.svg .......................................................... ~ 1s
  2026-10-07 13:53:54 ....................................................................... ~ 0s
  2026-10-07 13:53:54 ....................................................................... ~ 0s
  2026-10-07 13:53:54 ....................................................................... ~ 2s
  2026-10-07 13:53:54 ....................................................................... ~ 2s
  2026-10-07 13:53:54 /favicon.svg .......................................................... ~ 2s
  2026-10-07 13:53:56 /image/logo/logo1x1.png ............................................... ~ 0s
  2026-10-07 13:53:56 /vendor/livewire/livewire.js?id=e949cd11 .............................. ~ 0s
  2026-10-07 13:53:56 /image/logo/logo1x1.png ............................................... ~ 0s
  2026-10-07 13:53:56 /vendor/livewire/livewire.js?id=e949cd11 .............................. ~ 0s
  2026-10-07 13:53:58 ....................................................................... ~ 3s
  2026-10-07 13:54:01 ....................................................................... ~ 0s
  2026-10-07 13:54:01 ....................................................................... ~ 0s
  2026-10-07 13:54:01 ....................................................................... ~ 0s
  2026-10-07 13:54:01 ....................................................................... ~ 1s
  2026-10-07 13:54:01 ....................................................................... ~ 3s
  2026-10-07 13:54:02 ....................................................................... ~ 2s
  2026-10-07 13:54:04 ....................................................................... ~ 1s
  2026-10-07 13:54:05 /image/logo/logo1x1.png ............................................... ~ 0s
  2026-10-07 13:54:05 /vendor/livewire/livewire.js?id=e949cd11 .............................. ~ 0s
  2026-10-07 13:54:07 ....................................................................... ~ 0s
  2026-10-07 13:54:07 ....................................................................... ~ 0s
  2026-10-07 13:54:07 /favicon.svg .......................................................... ~ 0s
  2026-10-07 13:54:09 /favicon.ico .......................................................... ~ 0s
  2026-10-07 13:54:17 ....................................................................... ~ 2s
  2026-10-07 13:54:19 ....................................................................... ~ 1s
  2026-10-07 13:54:20 /image/logo/logo1x1.png ............................................... ~ 0s
  2026-10-07 13:54:20 /vendor/livewire/livewire.js?id=e949cd11 .............................. ~ 0s
  2026-10-07 13:54:20 /image/logo/logo1x1.png ............................................... ~ 0s
  2026-10-07 13:54:20 /vendor/livewire/livewire.js?id=e949cd11 .............................. ~ 0s
  2026-10-07 13:54:22 ....................................................................... ~ 0s
  2026-10-07 13:54:22 ....................................................................... ~ 0s
  2026-10-07 13:54:22 ....................................................................... ~ 0s
  2026-10-07 13:54:22 ....................................................................... ~ 0s
  2026-10-07 13:54:22 /favicon.svg .......................................................... ~ 0s
  2026-10-07 13:54:22 ....................................................................... ~ 1s
  2026-10-07 13:54:22 /favicon.svg .......................................................... ~ 1s
  2026-10-07 13:54:23 /image/logo/logo1x1.png ............................................... ~ 0s
  2026-10-07 13:54:23 /vendor/livewire/livewire.js?id=e949cd11 .............................. ~ 0s
  2026-10-07 13:54:25 ....................................................................... ~ 6s
  2026-10-07 13:54:31 ....................................................................... ~ 1s
  2026-10-07 13:54:31 ....................................................................... ~ 1s
  2026-10-07 13:54:32 ....................................................................... ~ 0s
  2026-10-07 13:54:32 /favicon.svg .......................................................... ~ 0s
  2026-10-07 13:54:32 ....................................................................... ~ 0s
  2026-10-07 13:54:36 /favicon.ico .......................................................... ~ 0s
  2026-10-07 13:54:36 ....................................................................... ~ 3s
  2026-10-07 13:54:39 /image/logo/logo1x1.png ............................................... ~ 0s
  2026-10-07 13:54:39 /vendor/livewire/livewire.js?id=e949cd11 .............................. ~ 0s
  2026-10-07 13:54:40 ....................................................................... ~ 0s
  2026-10-07 13:54:40 ....................................................................... ~ 0s
  2026-10-07 13:54:40 /favicon.svg .......................................................... ~ 0s
  2026-10-07 13:54:58 ....................................................................... ~ 1s
  2026-10-07 13:54:59 ....................................................................... ~ 2s
  2026-10-07 13:55:01 ....................................................................... ~ 1s
  2026-10-07 13:55:21 ....................................................................... ~ 1s
  2026-10-07 13:55:32 ....................................................................... ~ 0s
  2026-10-07 13:55:33 ....................................................................... ~ 1s
  2026-10-07 13:55:40 ....................................................................... ~ 0s
  2026-10-07 13:55:41 ....................................................................... ~ 1s
  2026-10-07 13:55:42 /image/logo/logo1x1.png ............................................... ~ 0s
  2026-10-07 13:55:42 /vendor/livewire/livewire.js?id=e949cd11 .............................. ~ 0s
  2026-10-07 13:55:43 ....................................................................... ~ 1s
  2026-10-07 13:55:44 ....................................................................... ~ 0s
  2026-10-07 13:55:53 ....................................................................... ~ 0s
  2026-10-07 13:56:02 ....................................................................... ~ 0s
  2026-10-07 13:56:22 ....................................................................... ~ 1s
  2026-10-07 13:56:23 /image/logo/logo1x1.png ............................................... ~ 0s
  2026-10-07 13:56:23 /vendor/livewire/livewire.js?id=e949cd11 .............................. ~ 1s
  2026-10-07 13:56:24 ....................................................................... ~ 0s
  2026-10-07 13:56:26 ....................................................................... ~ 0s
  2026-10-07 13:56:26 ....................................................................... ~ 0s
  2026-10-07 13:56:26 ....................................................................... ~ 1s
  2026-10-07 13:56:27 ....................................................................... ~ 0s
  2026-10-07 13:56:27 ....................................................................... ~ 0s
  2026-10-07 13:56:27 ....................................................................... ~ 0s
  2026-10-07 13:56:27 ....................................................................... ~ 0s
  2026-10-07 13:56:27 ....................................................................... ~ 0s
  2026-10-07 13:56:27 ....................................................................... ~ 1s
  2026-10-07 13:56:28 ....................................................................... ~ 0s
  2026-10-07 13:56:29 ....................................................................... ~ 0s
  2026-10-07 13:56:29 ....................................................................... ~ 1s
  2026-10-07 13:56:30 ....................................................................... ~ 0s
  2026-10-07 13:56:30 ....................................................................... ~ 0s
  2026-10-07 13:56:30 ....................................................................... ~ 0s
  2026-10-07 13:56:32 ....................................................................... ~ 0s
  2026-10-07 13:56:32 ....................................................................... ~ 1s
  2026-10-07 13:56:33 ....................................................................... ~ 0s
  2026-10-07 13:56:40 ....................................................................... ~ 0s
  2026-10-07 13:56:46 ....................................................................... ~ 1s
  2026-10-07 13:57:02 ....................................................................... ~ 0s
  2026-10-07 13:57:16 ....................................................................... ~ 1s
  2026-10-07 13:57:27 ....................................................................... ~ 5s
  2026-10-07 13:57:32 /image/logo/logo1x1.png ............................................... ~ 0s
  2026-10-07 13:57:32 ....................................................................... ~ 0s
  2026-10-07 13:57:32 ....................................................................... ~ 0s
  2026-10-07 13:57:33 /vendor/livewire/livewire.js?id=e949cd11 .............................. ~ 0s
  2026-10-07 13:57:38 ....................................................................... ~ 0s
  2026-10-07 13:57:38 ....................................................................... ~ 1s
  2026-10-07 13:57:40 ....................................................................... ~ 2s
  2026-10-07 13:58:02 ....................................................................... ~ 1s
  2026-10-07 13:58:03 ....................................................................... ~ 0s
  2026-10-07 13:58:03 /image/logo/logo1x1.png ............................................... ~ 1s
  2026-10-07 13:58:04 /vendor/livewire/livewire.js?id=e949cd11 .............................. ~ 0s
  2026-10-07 13:58:06 ....................................................................... ~ 0s
  2026-10-07 13:58:06 ....................................................................... ~ 0s
  2026-10-07 13:58:08 ....................................................................... ~ 2s
  2026-10-07 13:58:10 ....................................................................... ~ 1s
  2026-10-07 13:58:14 ....................................................................... ~ 1s
  2026-10-07 13:58:16 ....................................................................... ~ 0s
  2026-10-07 13:58:16 ....................................................................... ~ 0s
  2026-10-07 13:58:16 ....................................................................... ~ 0s
  2026-10-07 13:58:16 ....................................................................... ~ 0s
  2026-10-07 13:58:16 ....................................................................... ~ 0s
  2026-10-07 13:58:17 ....................................................................... ~ 0s
  2026-10-07 13:58:17 ....................................................................... ~ 0s
  2026-10-07 13:58:17 ....................................................................... ~ 0s
  2026-10-07 13:58:17 ....................................................................... ~ 0s
  2026-10-07 13:58:17 ....................................................................... ~ 1s
  2026-10-07 13:58:18 ....................................................................... ~ 0s
  2026-10-07 13:58:18 ....................................................................... ~ 0s
  2026-10-07 13:58:18 ....................................................................... ~ 0s
  2026-10-07 13:58:18 ....................................................................... ~ 0s
  2026-10-07 13:58:18 ....................................................................... ~ 0s
  2026-10-07 13:58:18 ....................................................................... ~ 0s
  2026-10-07 13:58:18 ....................................................................... ~ 1s
  2026-10-07 13:58:29 ....................................................................... ~ 1s
  2026-10-07 13:58:33 ....................................................................... ~ 0s
  2026-10-07 13:58:38 ....................................................................... ~ 1s
  2026-10-07 13:58:42 ....................................................................... ~ 1s
  2026-10-07 13:58:48 ....................................................................... ~ 2s
  2026-10-07 13:59:03 ....................................................................... ~ 0s

   INFO  Server running on [http://127.0.0.1:8000].  

  Press Ctrl+C to stop the server

  2026-10-08 08:55:59 ....................................................................... ~ 1s
  2026-10-08 08:56:30 ....................................................................... ~ 1s
  2026-10-08 08:57:01 ....................................................................... ~ 0s
  2026-10-08 08:57:31 ....................................................................... ~ 0s
  2026-10-08 08:58:01 ....................................................................... ~ 0s
  2026-10-08 08:58:31 ....................................................................... ~ 0s
  2026-10-08 08:59:01 ....................................................................... ~ 0s
  2026-10-08 08:59:31 ....................................................................... ~ 0s
  2026-10-08 09:00:01 ....................................................................... ~ 0s
  2026-10-08 09:00:31 ....................................................................... ~ 0s
  2026-10-08 09:01:01 ....................................................................... ~ 0s
  2026-10-08 09:01:31 ....................................................................... ~ 0s
  2026-10-08 09:02:01 ....................................................................... ~ 0s
  2026-10-08 09:02:31 ....................................................................... ~ 0s
  2026-10-08 09:03:01 ....................................................................... ~ 1s
  2026-10-08 09:03:32 ....................................................................... ~ 0s
  2026-10-08 09:04:02 ....................................................................... ~ 0s
  2026-10-08 09:04:32 ....................................................................... ~ 0s
  2026-10-08 09:05:02 ....................................................................... ~ 0s
  2026-10-08 09:05:32 ....................................................................... ~ 0s
  2026-10-08 09:06:02 ....................................................................... ~ 0s
  2026-10-08 09:06:32 ....................................................................... ~ 0s
  2026-10-08 09:07:02 ....................................................................... ~ 0s
  2026-10-08 09:07:32 ....................................................................... ~ 0s
  2026-10-08 09:08:02 ....................................................................... ~ 0s
  2026-10-08 09:08:32 ....................................................................... ~ 0s
  2026-10-08 09:09:02 ....................................................................... ~ 0s
  2026-10-08 09:09:32 ....................................................................... ~ 1s
  2026-10-08 09:10:03 ....................................................................... ~ 0s
  2026-10-08 09:10:33 ....................................................................... ~ 0s
  2026-10-08 09:11:03 ....................................................................... ~ 0s
  2026-10-08 09:11:33 ....................................................................... ~ 0s
  2026-10-08 09:12:03 ....................................................................... ~ 0s
  2026-10-08 09:12:33 ....................................................................... ~ 0s
  2026-10-08 09:13:03 ....................................................................... ~ 0s
  2026-10-08 09:13:33 ....................................................................... ~ 0s
  2026-10-08 09:14:03 ....................................................................... ~ 0s
  2026-10-08 09:14:33 ....................................................................... ~ 0s
  2026-10-08 09:15:03 ....................................................................... ~ 0s
  2026-10-08 09:15:33 ....................................................................... ~ 0s
  2026-10-08 09:16:03 ....................................................................... ~ 1s
  2026-10-08 09:16:34 ....................................................................... ~ 0s
  2026-10-08 09:17:04 ....................................................................... ~ 0s
  2026-10-08 09:17:34 ....................................................................... ~ 0s
  2026-10-08 09:18:04 ....................................................................... ~ 0s
  2026-10-08 09:18:34 ....................................................................... ~ 0s
  2026-10-08 09:19:04 ....................................................................... ~ 0s
  2026-10-08 09:19:34 ....................................................................... ~ 0s
  2026-10-08 09:20:04 ....................................................................... ~ 0s
  2026-10-08 09:20:34 ....................................................................... ~ 0s
  2026-10-08 09:21:04 ....................................................................... ~ 0s
  2026-10-08 09:21:34 ....................................................................... ~ 0s
  2026-10-08 09:22:04 ....................................................................... ~ 0s
  2026-10-08 09:22:34 ....................................................................... ~ 0s
  2026-10-08 09:23:04 ....................................................................... ~ 0s
  2026-10-08 09:23:34 ....................................................................... ~ 1s
  2026-10-08 09:24:05 ....................................................................... ~ 0s
  2026-10-08 09:24:35 ....................................................................... ~ 0s
  2026-10-08 09:25:05 ....................................................................... ~ 0s
  2026-10-08 09:25:35 ....................................................................... ~ 0s
  2026-10-08 09:26:05 ....................................................................... ~ 0s
  2026-10-08 09:26:35 ....................................................................... ~ 0s
  2026-10-08 09:27:05 ....................................................................... ~ 0s
  2026-10-08 09:27:35 ....................................................................... ~ 0s
  2026-10-08 09:28:05 ....................................................................... ~ 0s
  2026-10-08 09:28:35 ....................................................................... ~ 0s
  2026-10-08 09:29:05 ....................................................................... ~ 0s
  2026-10-08 09:29:35 ....................................................................... ~ 0s
  2026-10-08 09:30:05 ....................................................................... ~ 1s
  2026-10-08 09:30:35 ....................................................................... ~ 1s
  2026-10-08 09:31:06 ....................................................................... ~ 0s
  2026-10-08 09:31:36 ....................................................................... ~ 0s
  2026-10-08 09:32:06 ....................................................................... ~ 0s
  2026-10-08 09:32:36 ....................................................................... ~ 0s
  2026-10-08 09:33:06 ....................................................................... ~ 0s
  2026-10-08 09:33:36 ....................................................................... ~ 0s
  2026-10-08 09:34:06 ....................................................................... ~ 0s
  2026-10-08 09:34:36 ....................................................................... ~ 0s
  2026-10-08 09:35:06 ....................................................................... ~ 0s
  2026-10-08 09:35:36 ....................................................................... ~ 0s
  2026-10-08 09:36:06 ....................................................................... ~ 0s
  2026-10-08 09:36:36 ....................................................................... ~ 0s
  2026-10-08 09:37:06 ....................................................................... ~ 0s
  2026-10-08 09:37:36 ....................................................................... ~ 1s
  2026-10-08 09:38:06 ....................................................................... ~ 1s
  2026-10-08 09:38:37 ....................................................................... ~ 0s
  2026-10-08 09:39:07 ....................................................................... ~ 0s
  2026-10-08 09:39:37 ....................................................................... ~ 0s
  2026-10-08 09:40:07 ....................................................................... ~ 0s
  2026-10-08 09:40:37 ....................................................................... ~ 0s
  2026-10-08 09:41:07 ....................................................................... ~ 0s
  2026-10-08 09:41:07 /image/logo/logo1x1.png ............................................... ~ 0s
  2026-10-08 09:41:07 ....................................................................... ~ 0s
  2026-10-08 09:41:07 /image/brand/512.png .................................................. ~ 0s
  2026-10-08 09:41:07 /vendor/livewire/livewire.js?id=e949cd11 .............................. ~ 0s
  2026-10-08 09:41:37 ....................................................................... ~ 0s
  2026-10-08 09:42:07 ....................................................................... ~ 0s
  2026-10-08 09:42:37 ....................................................................... ~ 0s
  2026-10-08 09:43:07 ....................................................................... ~ 0s
  2026-10-08 09:43:37 ....................................................................... ~ 1s
  2026-10-08 09:44:08 ....................................................................... ~ 0s
  2026-10-08 09:44:38 ....................................................................... ~ 0s
  2026-10-08 09:44:38 ....................................................................... ~ 1s
  2026-10-08 09:44:39 ....................................................................... ~ 0s
  2026-10-08 09:44:39 /image/logo/logo1x1.png ............................................... ~ 0s
  2026-10-08 09:44:40 /vendor/livewire/livewire.js?id=e949cd11 .............................. ~ 0s
  2026-10-08 09:44:40 ....................................................................... ~ 0s
  2026-10-08 09:44:40 ....................................................................... ~ 1s
  2026-10-08 09:44:40 ....................................................................... ~ 1s
  2026-10-08 09:44:47 ....................................................................... ~ 0s
  2026-10-08 09:44:47 /image/logo/logo1x1.png ............................................... ~ 0s
  2026-10-08 09:44:47 /image/brand/512.png .................................................. ~ 0s
  2026-10-08 09:44:47 /vendor/livewire/livewire.js?id=e949cd11 .............................. ~ 0s
  2026-10-08 09:44:48 ....................................................................... ~ 0s
  2026-10-08 09:44:48 /favicon.svg .......................................................... ~ 0s
  2026-10-08 09:44:52 ....................................................................... ~ 1s
  2026-10-08 09:44:53 ....................................................................... ~ 0s
  2026-10-08 09:44:53 /image/logo/logo1x1.png ............................................... ~ 0s
  2026-10-08 09:44:53 /vendor/livewire/livewire.js?id=e949cd11 .............................. ~ 0s
  2026-10-08 09:44:54 ....................................................................... ~ 0s
  2026-10-08 09:44:54 ....................................................................... ~ 0s
  2026-10-08 09:44:54 /favicon.svg .......................................................... ~ 0s
  2026-10-08 09:44:54 ...................................................................... ~ 12s
  2026-10-08 09:45:08 ....................................................................... ~ 0s
  2026-10-08 09:44:41 ...................................................................... ~ 29s
  2026-10-08 09:45:24 ....................................................................... ~ 0s
  2026-10-08 09:45:38 ....................................................................... ~ 0s
  2026-10-08 09:45:40 ....................................................................... ~ 0s
  2026-10-08 09:45:24 ...................................................................... ~ 30s
  2026-10-08 09:46:09 ....................................................................... ~ 0s
  2026-10-08 09:45:40 ...................................................................... ~ 30s
  2026-10-08 09:46:24 ....................................................................... ~ 0s
  2026-10-08 09:46:39 ....................................................................... ~ 0s
  2026-10-08 09:46:40 ....................................................................... ~ 0s
  2026-10-08 09:46:24 ...................................................................... ~ 29s
  2026-10-08 09:46:53 /image/logo/logo1x1.png ............................................... ~ 0s
  2026-10-08 09:46:53 /vendor/livewire/livewire.js?id=e949cd11 .............................. ~ 0s
  2026-10-08 09:46:54 ....................................................................... ~ 0s
  2026-10-08 09:46:54 ....................................................................... ~ 0s
  2026-10-08 09:46:54 ....................................................................... ~ 1s
  2026-10-08 09:46:55 ....................................................................... ~ 0s
  2026-10-08 09:46:55 /favicon.svg .......................................................... ~ 0s
  2026-10-08 09:47:09 ....................................................................... ~ 0s
  2026-10-08 09:46:40 ...................................................................... ~ 30s
  2026-10-08 09:46:55 ...................................................................... ~ 29s
  2026-10-08 09:47:39 ....................................................................... ~ 0s
  2026-10-08 09:47:40 ....................................................................... ~ 0s
  2026-10-08 09:47:54 ....................................................................... ~ 0s
  2026-10-08 09:48:09 ....................................................................... ~ 0s
  2026-10-08 09:47:40 ...................................................................... ~ 30s
  2026-10-08 09:47:54 ...................................................................... ~ 30s
  2026-10-08 09:48:39 ....................................................................... ~ 0s
  2026-10-08 09:48:40 ....................................................................... ~ 0s
  2026-10-08 09:48:54 ....................................................................... ~ 0s
  2026-10-08 09:49:09 ....................................................................... ~ 0s
  2026-10-08 09:48:40 ...................................................................... ~ 30s
  2026-10-08 09:49:23 ....................................................................... ~ 0s
  2026-10-08 09:49:23 ....................................................................... ~ 0s
  2026-10-08 09:49:23 /image/logo/logo1x1.png ............................................... ~ 0s
  2026-10-08 09:49:23 /vendor/livewire/livewire.js?id=e949cd11 .............................. ~ 0s
  2026-10-08 09:48:54 ...................................................................... ~ 30s
  2026-10-08 09:49:25 ....................................................................... ~ 0s
  2026-10-08 09:49:25 ....................................................................... ~ 0s
  2026-10-08 09:49:25 ....................................................................... ~ 7s
  2026-10-08 09:49:32 ....................................................................... ~ 0s
  2026-10-08 09:49:32 /image/logo/logo1x1.png ............................................... ~ 0s
  2026-10-08 09:49:32 /image/brand/512.png .................................................. ~ 0s
  2026-10-08 09:49:32 /vendor/livewire/livewire.js?id=e949cd11 .............................. ~ 0s
  2026-10-08 09:49:36 ....................................................................... ~ 0s
  2026-10-08 09:49:36 ....................................................................... ~ 1s
  2026-10-08 09:49:36 /image/logo/logo1x1.png ............................................... ~ 1s
  2026-10-08 09:49:37 /vendor/livewire/livewire.js?id=e949cd11 .............................. ~ 0s
  2026-10-08 09:49:38 ....................................................................... ~ 0s
  2026-10-08 09:49:38 ....................................................................... ~ 0s
  2026-10-08 09:49:38 ....................................................................... ~ 0s
  2026-10-08 09:49:39 ....................................................................... ~ 0s
  2026-10-08 09:49:38 ....................................................................... ~ 2s
  2026-10-08 09:49:40 /image/logo/logo1x1.png ............................................... ~ 0s
  2026-10-08 09:49:41 /vendor/livewire/livewire.js?id=e949cd11 .............................. ~ 0s
  2026-10-08 09:49:41 ....................................................................... ~ 0s
  2026-10-08 09:49:41 ....................................................................... ~ 0s
  2026-10-08 09:49:42 ....................................................................... ~ 5s
  2026-10-08 09:49:47 /image/logo/logo1x1.png ............................................... ~ 0s
  2026-10-08 09:49:47 /vendor/livewire/livewire.js?id=e949cd11 .............................. ~ 0s
  2026-10-08 09:49:48 ....................................................................... ~ 0s
  2026-10-08 09:49:48 ....................................................................... ~ 0s
  2026-10-08 09:49:54 ....................................................................... ~ 0s
  2026-10-08 09:50:09 ....................................................................... ~ 1s
  2026-10-08 09:49:48 ...................................................................... ~ 30s
  2026-10-08 09:49:54 ...................................................................... ~ 30s
  2026-10-08 09:50:40 ....................................................................... ~ 0s
  2026-10-08 09:50:48 ....................................................................... ~ 0s
  2026-10-08 09:50:54 ....................................................................... ~ 0s
  2026-10-08 09:51:10 ....................................................................... ~ 0s
  2026-10-08 09:50:48 ...................................................................... ~ 30s
  2026-10-08 09:50:54 ...................................................................... ~ 30s
  2026-10-08 09:51:40 ....................................................................... ~ 0s
  2026-10-08 09:51:48 ....................................................................... ~ 0s
  2026-10-08 09:51:54 ....................................................................... ~ 0s
  2026-10-08 09:52:10 ....................................................................... ~ 0s
  2026-10-08 09:51:48 ...................................................................... ~ 30s
  2026-10-08 09:51:54 ...................................................................... ~ 30s
  2026-10-08 09:52:40 ....................................................................... ~ 0s
  2026-10-08 09:52:45 ....................................................................... ~ 0s
  2026-10-08 09:52:54 ....................................................................... ~ 0s
  2026-10-08 09:52:45 ...................................................................... ~ 17s
  2026-10-08 09:53:10 ....................................................................... ~ 0s
  2026-10-08 09:52:54 ...................................................................... ~ 24s
  2026-10-08 09:53:18 ....................................................................... ~ 1s
  2026-10-08 09:53:19 ....................................................................... ~ 0s
  2026-10-08 09:53:19 /image/logo/logo1x1.png ............................................... ~ 0s
  2026-10-08 09:53:19 /vendor/livewire/livewire.js?id=e949cd11 .............................. ~ 0s
  2026-10-08 09:53:19 /image/logo/logo1x1.png ............................................... ~ 0s
  2026-10-08 09:53:19 /vendor/livewire/livewire.js?id=e949cd11 .............................. ~ 0s
  2026-10-08 09:53:21 ....................................................................... ~ 0s
  2026-10-08 09:53:19 ....................................................................... ~ 3s
  2026-10-08 09:53:22 ....................................................................... ~ 0s
  2026-10-08 09:53:22 ....................................................................... ~ 0s
  2026-10-08 09:53:22 /favicon.svg .......................................................... ~ 0s
  2026-10-08 09:53:21 ....................................................................... ~ 2s
  2026-10-08 09:53:23 ....................................................................... ~ 0s
  2026-10-08 09:53:23 ....................................................................... ~ 0s
  2026-10-08 09:53:23 ....................................................................... ~ 1s
  2026-10-08 09:53:23 /favicon.svg .......................................................... ~ 1s
  2026-10-08 09:53:23 ....................................................................... ~ 1s
  2026-10-08 09:53:24 ....................................................................... ~ 1s
  2026-10-08 09:53:25 /image/logo/logo1x1.png ............................................... ~ 0s
  2026-10-08 09:53:25 /vendor/livewire/livewire.js?id=e949cd11 .............................. ~ 0s
  2026-10-08 09:53:25 /image/logo/logo1x1.png ............................................... ~ 1s
  2026-10-08 09:53:25 ....................................................................... ~ 1s
  2026-10-08 09:53:26 /vendor/livewire/livewire.js?id=e949cd11 .............................. ~ 0s
  2026-10-08 09:53:28 ....................................................................... ~ 0s
  2026-10-08 09:53:28 ....................................................................... ~ 0s
  2026-10-08 09:53:28 ....................................................................... ~ 1s
  2026-10-08 09:53:28 /favicon.svg .......................................................... ~ 1s
  2026-10-08 09:53:29 ....................................................................... ~ 0s
  2026-10-08 09:53:29 ....................................................................... ~ 0s
  2026-10-08 09:53:29 ....................................................................... ~ 0s
  2026-10-08 09:53:29 ....................................................................... ~ 0s
  2026-10-08 09:53:29 ....................................................................... ~ 1s
  2026-10-08 09:53:29 /favicon.svg .......................................................... ~ 1s
  2026-10-08 09:53:31 ....................................................................... ~ 0s
  2026-10-08 09:53:40 ....................................................................... ~ 0s
  2026-10-08 09:53:28 ...................................................................... ~ 29s
  2026-10-08 09:53:31 ...................................................................... ~ 36s
  2026-10-08 09:54:07 ....................................................................... ~ 1s
  2026-10-08 09:54:07 /image/logo/logo1x1.png ............................................... ~ 1s
  2026-10-08 09:54:08 /image/logo/logo1x1.png ............................................... ~ 0s
  2026-10-08 09:54:08 /vendor/livewire/livewire.js?id=e949cd11 .............................. ~ 0s
  2026-10-08 09:54:08 /vendor/livewire/livewire.js?id=e949cd11 .............................. ~ 0s
  2026-10-08 09:54:09 ....................................................................... ~ 1s
  2026-10-08 09:54:10 ....................................................................... ~ 1s
  2026-10-08 09:54:11 ....................................................................... ~ 0s
  2026-10-08 09:54:10 ....................................................................... ~ 2s
  2026-10-08 09:54:12 ....................................................................... ~ 1s
  2026-10-08 09:54:11 ....................................................................... ~ 2s
  2026-10-08 09:54:13 ....................................................................... ~ 1s
  2026-10-08 09:54:13 ....................................................................... ~ 1s
  2026-10-08 09:54:14 ....................................................................... ~ 1s
  2026-10-08 09:54:14 ....................................................................... ~ 1s
  2026-10-08 09:54:14 /favicon.svg .......................................................... ~ 1s
  2026-10-08 09:54:15 ....................................................................... ~ 1s
  2026-10-08 09:54:15 ....................................................................... ~ 4s
  2026-10-08 09:54:15 /favicon.svg .......................................................... ~ 4s
  2026-10-08 09:54:19 ....................................................................... ~ 0s
  2026-10-08 09:54:16 /image/logo/logo1x1.png ............................................... ~ 3s
  2026-10-08 09:54:19 /vendor/livewire/livewire.js?id=e949cd11 .............................. ~ 0s
  2026-10-08 09:54:19 /image/logo/logo1x1.png ............................................... ~ 0s
  2026-10-08 09:54:19 /vendor/livewire/livewire.js?id=e949cd11 .............................. ~ 0s
  2026-10-08 09:54:20 ....................................................................... ~ 0s
  2026-10-08 09:54:20 ....................................................................... ~ 1s
  2026-10-08 09:54:21 ....................................................................... ~ 1s
  2026-10-08 09:54:22 ....................................................................... ~ 0s
  2026-10-08 09:54:22 ....................................................................... ~ 0s
  2026-10-08 09:54:22 ....................................................................... ~ 1s
  2026-10-08 09:54:22 /favicon.svg .......................................................... ~ 1s
  2026-10-08 09:54:23 ....................................................................... ~ 0s
  2026-10-08 09:54:23 ....................................................................... ~ 0s
  2026-10-08 09:54:41 ....................................................................... ~ 0s
  2026-10-08 09:54:22 ...................................................................... ~ 29s
  2026-10-08 09:54:23 ...................................................................... ~ 33s
  2026-10-08 09:54:56 ....................................................................... ~ 1s
  2026-10-08 09:54:57 ....................................................................... ~ 0s
  2026-10-08 09:54:56 /image/logo/logo1x1.png ............................................... ~ 1s
  2026-10-08 09:54:57 /vendor/livewire/livewire.js?id=e949cd11 .............................. ~ 0s
  2026-10-08 09:54:57 /image/logo/logo1x1.png ............................................... ~ 0s
  2026-10-08 09:54:57 /vendor/livewire/livewire.js?id=e949cd11 .............................. ~ 0s
  2026-10-08 09:54:59 ....................................................................... ~ 0s
  2026-10-08 09:54:59 ....................................................................... ~ 2s
  2026-10-08 09:55:01 ....................................................................... ~ 0s
  2026-10-08 09:55:01 ....................................................................... ~ 0s
  2026-10-08 09:55:01 ....................................................................... ~ 0s
  2026-10-08 09:55:01 ....................................................................... ~ 1s
  2026-10-08 09:55:01 /favicon.svg .......................................................... ~ 1s
  2026-10-08 09:55:02 ....................................................................... ~ 0s
  2026-10-08 09:55:02 ....................................................................... ~ 0s
  2026-10-08 09:55:02 /favicon.svg .......................................................... ~ 0s
  2026-10-08 09:55:11 ....................................................................... ~ 0s
  2026-10-08 09:55:22 ....................................................................... ~ 1s
  2026-10-08 09:55:23 ....................................................................... ~ 0s
  2026-10-08 09:55:23 /image/logo/logo1x1.png ............................................... ~ 0s
  2026-10-08 09:55:23 /vendor/livewire/livewire.js?id=e949cd11 .............................. ~ 0s
  2026-10-08 09:55:23 /image/logo/logo1x1.png ............................................... ~ 0s
  2026-10-08 09:55:24 ....................................................................... ~ 0s
  2026-10-08 09:55:24 /vendor/livewire/livewire.js?id=e949cd11 .............................. ~ 0s
  2026-10-08 09:55:24 ....................................................................... ~ 1s
  2026-10-08 09:55:24 ....................................................................... ~ 1s
  2026-10-08 09:55:25 ....................................................................... ~ 1s
  2026-10-08 09:55:26 ....................................................................... ~ 0s
  2026-10-08 09:55:25 ....................................................................... ~ 1s
  2026-10-08 09:55:26 /favicon.svg .......................................................... ~ 0s
  2026-10-08 09:55:27 ....................................................................... ~ 0s
  2026-10-08 09:55:27 ....................................................................... ~ 0s
  2026-10-08 09:55:27 /favicon.svg .......................................................... ~ 0s
  2026-10-08 09:55:27 ....................................................................... ~ 2s
  2026-10-08 09:55:26 ....................................................................... ~ 4s
  2026-10-08 09:55:30 /image/logo/logo1x1.png ............................................... ~ 0s
  2026-10-08 09:55:30 /vendor/livewire/livewire.js?id=e949cd11 .............................. ~ 0s
  2026-10-08 09:55:30 /image/logo/logo1x1.png ............................................... ~ 0s
  2026-10-08 09:55:30 /vendor/livewire/livewire.js?id=e949cd11 .............................. ~ 0s
  2026-10-08 09:55:31 ....................................................................... ~ 0s
  2026-10-08 09:55:30 ....................................................................... ~ 1s
  2026-10-08 09:55:33 ....................................................................... ~ 0s
  2026-10-08 09:55:33 ....................................................................... ~ 0s
  2026-10-08 09:55:33 ....................................................................... ~ 0s
  2026-10-08 09:55:33 ....................................................................... ~ 1s
  2026-10-08 09:55:33 /favicon.svg .......................................................... ~ 1s
  2026-10-08 09:55:33 ....................................................................... ~ 1s
  2026-10-08 09:55:34 ....................................................................... ~ 0s
  2026-10-08 09:55:34 ....................................................................... ~ 0s
  2026-10-08 09:55:34 ....................................................................... ~ 0s
  2026-10-08 09:55:34 /favicon.svg .......................................................... ~ 0s
  2026-10-08 09:55:41 ....................................................................... ~ 0s
  2026-10-08 09:56:02 ....................................................................... ~ 1s
  2026-10-08 09:56:03 ....................................................................... ~ 3s
  2026-10-08 09:56:06 ....................................................................... ~ 1s
  2026-10-08 09:56:07 /image/logo/logo1x1.png ............................................... ~ 0s
  2026-10-08 09:56:07 /vendor/livewire/livewire.js?id=e949cd11 .............................. ~ 0s
  2026-10-08 09:56:06 /image/logo/logo1x1.png ............................................... ~ 1s
  2026-10-08 09:56:07 /vendor/livewire/livewire.js?id=e949cd11 .............................. ~ 0s
  2026-10-08 09:56:07 ....................................................................... ~ 1s
  2026-10-08 09:56:08 ....................................................................... ~ 1s
  2026-10-08 09:56:11 ....................................................................... ~ 0s
  2026-10-08 09:56:09 ....................................................................... ~ 4s
  2026-10-08 09:56:13 ....................................................................... ~ 1s
  2026-10-08 09:56:14 ....................................................................... ~ 0s
  2026-10-08 09:56:14 ....................................................................... ~ 0s
  2026-10-08 09:56:14 ....................................................................... ~ 1s
  2026-10-08 09:56:14 ....................................................................... ~ 1s
  2026-10-08 09:56:14 /favicon.svg .......................................................... ~ 1s
  2026-10-08 09:56:15 /favicon.svg .......................................................... ~ 0s
  2026-10-08 09:56:41 ....................................................................... ~ 1s
  2026-10-08 09:56:43 ....................................................................... ~ 0s
  2026-10-08 09:57:12 ....................................................................... ~ 0s
  2026-10-08 09:56:43 ...................................................................... ~ 30s
  2026-10-08 09:56:15 ...................................................................... ~ 79s
  2026-10-08 09:57:42 ....................................................................... ~ 0s
  2026-10-08 09:57:43 ....................................................................... ~ 0s
  2026-10-08 09:58:12 ....................................................................... ~ 0s
  2026-10-08 09:57:43 ...................................................................... ~ 30s
  2026-10-08 09:58:42 ....................................................................... ~ 0s
  2026-10-08 09:58:43 ....................................................................... ~ 0s
  2026-10-08 09:59:12 ....................................................................... ~ 0s
  2026-10-08 09:58:43 ...................................................................... ~ 30s
  2026-10-08 09:59:42 ....................................................................... ~ 0s
  2026-10-08 09:59:43 ....................................................................... ~ 0s
  2026-10-08 10:00:12 ....................................................................... ~ 0s
  2026-10-08 09:59:43 ...................................................................... ~ 30s
  2026-10-08 10:00:42 ....................................................................... ~ 0s
  2026-10-08 10:00:43 ....................................................................... ~ 0s
  2026-10-08 10:01:12 ....................................................................... ~ 1s
  2026-10-08 10:00:43 ...................................................................... ~ 30s
  2026-10-08 10:01:43 ....................................................................... ~ 0s
  2026-10-08 10:01:43 ....................................................................... ~ 0s
  2026-10-08 10:01:43 ....................................................................... ~ 0s
  2026-10-08 10:01:43 /image/logo/logo1x1.png ............................................... ~ 0s
  2026-10-08 10:01:44 /vendor/livewire/livewire.js?id=e949cd11 .............................. ~ 0s
  2026-10-08 10:01:44 ....................................................................... ~ 0s
  2026-10-08 10:01:44 ....................................................................... ~ 0s
  2026-10-08 10:01:44 ....................................................................... ~ 0s
  2026-10-08 10:01:45 ....................................................................... ~ 0s
  2026-10-08 10:01:45 ....................................................................... ~ 0s
  2026-10-08 10:01:45 ....................................................................... ~ 0s
  2026-10-08 10:01:45 /favicon.svg .......................................................... ~ 0s
  2026-10-08 10:01:45 ....................................................................... ~ 1s
  2026-10-08 10:02:11 ....................................................................... ~ 1s
  2026-10-08 10:02:13 ....................................................................... ~ 0s
  2026-10-08 10:02:12 ....................................................................... ~ 2s
  2026-10-08 10:02:17 ....................................................................... ~ 0s
  2026-10-08 10:02:17 ....................................................................... ~ 1s
  2026-10-08 10:02:43 ....................................................................... ~ 0s
  2026-10-08 10:02:44 ....................................................................... ~ 0s
  2026-10-08 10:03:13 ....................................................................... ~ 0s
  2026-10-08 10:02:45 ...................................................................... ~ 29s
  2026-10-08 10:03:43 ....................................................................... ~ 0s
  2026-10-08 10:03:44 ....................................................................... ~ 0s
  2026-10-08 10:03:00 ...................................................................... ~ 64s
  2026-10-08 10:04:13 ....................................................................... ~ 0s
  2026-10-08 10:03:45 ...................................................................... ~ 29s
  2026-10-08 10:04:43 ....................................................................... ~ 0s
  2026-10-08 10:04:44 ....................................................................... ~ 0s
  2026-10-08 10:05:13 ....................................................................... ~ 0s
  2026-10-08 10:04:45 ...................................................................... ~ 29s
  2026-10-08 10:05:43 ....................................................................... ~ 0s
  2026-10-08 10:05:44 ....................................................................... ~ 0s
  2026-10-08 10:06:13 ....................................................................... ~ 0s
  2026-10-08 10:05:45 ...................................................................... ~ 29s
  2026-10-08 10:06:43 ....................................................................... ~ 0s
  2026-10-08 10:07:13 ....................................................................... ~ 0s
  2026-10-08 10:07:16 ....................................................................... ~ 0s
  2026-10-08 10:07:43 ....................................................................... ~ 1s
  2026-10-08 10:08:14 ....................................................................... ~ 0s
  2026-10-08 10:07:16 ...................................................................... ~ 77s
  2026-10-08 10:08:44 ....................................................................... ~ 0s
  2026-10-08 10:09:14 ....................................................................... ~ 0s
  2026-10-08 10:09:44 ....................................................................... ~ 0s
  2026-10-08 10:10:14 ....................................................................... ~ 0s
  2026-10-08 10:10:44 ....................................................................... ~ 0s
  2026-10-08 10:11:14 ....................................................................... ~ 0s
  2026-10-08 10:11:44 ....................................................................... ~ 0s
  2026-10-08 10:12:14 ....................................................................... ~ 0s
  2026-10-08 10:12:44 ....................................................................... ~ 0s
  2026-10-08 10:13:14 ....................................................................... ~ 1s
  2026-10-08 10:13:45 ....................................................................... ~ 0s
  2026-10-08 10:14:15 ....................................................................... ~ 0s
  2026-10-08 10:14:45 ....................................................................... ~ 0s
  2026-10-08 10:14:53 ....................................................................... ~ 0s
  2026-10-08 10:14:53 ....................................................................... ~ 9s
  2026-10-08 10:15:07 ....................................................................... ~ 0s
  2026-10-08 10:15:07 ....................................................................... ~ 7s
  2026-10-08 10:15:15 ....................................................................... ~ 0s
  2026-10-08 10:15:44 ....................................................................... ~ 0s
  2026-10-08 10:15:45 ....................................................................... ~ 0s
  2026-10-08 10:15:45 ...................................................................... ~ 29s
  2026-10-08 10:16:15 ....................................................................... ~ 0s
  2026-10-08 10:16:44 ....................................................................... ~ 0s
  2026-10-08 10:16:45 ....................................................................... ~ 0s
  2026-10-08 10:16:45 ...................................................................... ~ 26s
  2026-10-08 10:17:11 ....................................................................... ~ 0s
  2026-10-08 10:17:11 /image/logo/logo1x1.png ............................................... ~ 0s
  2026-10-08 10:17:11 /vendor/livewire/livewire.js?id=e949cd11 .............................. ~ 0s
  2026-10-08 10:17:11 /image/logo/logo1x1.png ............................................... ~ 0s
  2026-10-08 10:17:11 /vendor/livewire/livewire.js?id=e949cd11 .............................. ~ 0s
  2026-10-08 10:17:12 ....................................................................... ~ 0s
  2026-10-08 10:17:12 ....................................................................... ~ 1s
  2026-10-08 10:17:15 ....................................................................... ~ 0s
  2026-10-08 10:17:15 ....................................................................... ~ 0s
  2026-10-08 10:17:15 ....................................................................... ~ 1s
  2026-10-08 10:17:16 ....................................................................... ~ 0s
  2026-10-08 10:17:15 /favicon.svg .......................................................... ~ 1s
  2026-10-08 10:17:12 ....................................................................... ~ 4s
  2026-10-08 10:17:16 ....................................................................... ~ 0s
  2026-10-08 10:17:16 ....................................................................... ~ 0s
  2026-10-08 10:17:16 /favicon.svg .......................................................... ~ 0s
  2026-10-08 10:17:16 ...................................................................... ~ 29s
  2026-10-08 10:17:45 ....................................................................... ~ 0s
  2026-10-08 10:17:16 ...................................................................... ~ 30s
  2026-10-08 10:17:46 ....................................................................... ~ 1s
  2026-10-08 10:17:46 /image/logo/logo1x1.png ............................................... ~ 1s
  2026-10-08 10:17:47 /vendor/livewire/livewire.js?id=e949cd11 .............................. ~ 0s
  2026-10-08 10:17:47 ....................................................................... ~ 0s
  2026-10-08 10:17:47 ....................................................................... ~ 0s
  2026-10-08 10:17:47 /image/logo/logo1x1.png ............................................... ~ 0s
  2026-10-08 10:17:47 /vendor/livewire/livewire.js?id=e949cd11 .............................. ~ 0s
  2026-10-08 10:17:50 ....................................................................... ~ 1s
  2026-10-08 10:17:51 ....................................................................... ~ 0s
  2026-10-08 10:17:51 ....................................................................... ~ 0s
  2026-10-08 10:17:51 ....................................................................... ~ 0s
  2026-10-08 10:17:51 /favicon.svg .......................................................... ~ 0s
  2026-10-08 10:17:51 ....................................................................... ~ 0s
  2026-10-08 10:17:51 ....................................................................... ~ 0s
  2026-10-08 10:17:51 /favicon.svg .......................................................... ~ 0s
  2026-10-08 10:17:51 ....................................................................... ~ 3s
  2026-10-08 10:17:51 ....................................................................... ~ 4s
  2026-10-08 10:17:55 /image/logo/logo1x1.png ............................................... ~ 0s
  2026-10-08 10:17:55 /vendor/livewire/livewire.js?id=e949cd11 .............................. ~ 0s
  2026-10-08 10:17:55 /image/logo/logo1x1.png ............................................... ~ 0s
  2026-10-08 10:17:55 /vendor/livewire/livewire.js?id=e949cd11 .............................. ~ 0s
  2026-10-08 10:17:55 ....................................................................... ~ 0s
  2026-10-08 10:17:55 ....................................................................... ~ 0s
  2026-10-08 10:17:55 ....................................................................... ~ 2s
  2026-10-08 10:17:57 ....................................................................... ~ 1s
  2026-10-08 10:17:58 ....................................................................... ~ 0s
  2026-10-08 10:17:58 /favicon.svg .......................................................... ~ 0s
  2026-10-08 10:17:58 ....................................................................... ~ 0s
  2026-10-08 10:17:58 ....................................................................... ~ 0s
  2026-10-08 10:17:58 ....................................................................... ~ 1s
  2026-10-08 10:17:59 /favicon.svg .......................................................... ~ 0s
  2026-10-08 10:17:58 ...................................................................... ~ 14s
  2026-10-08 10:17:59 ...................................................................... ~ 14s
  2026-10-08 10:18:13 ....................................................................... ~ 0s
  2026-10-08 10:18:13 /image/logo/logo1x1.png ............................................... ~ 0s
  2026-10-08 10:18:13 /vendor/livewire/livewire.js?id=e949cd11 .............................. ~ 0s
  2026-10-08 10:18:13 /image/logo/logo1x1.png ............................................... ~ 0s
  2026-10-08 10:18:13 /vendor/livewire/livewire.js?id=e949cd11 .............................. ~ 0s
  2026-10-08 10:18:14 ....................................................................... ~ 1s
  2026-10-08 10:18:13 ....................................................................... ~ 2s
  2026-10-08 10:18:15 ....................................................................... ~ 1s
  2026-10-08 10:18:16 ....................................................................... ~ 0s
  2026-10-08 10:18:15 ....................................................................... ~ 1s
  2026-10-08 10:18:16 ....................................................................... ~ 0s
  2026-10-08 10:18:16 /favicon.svg .......................................................... ~ 0s
  2026-10-08 10:18:17 ....................................................................... ~ 0s
  2026-10-08 10:18:17 ....................................................................... ~ 0s
  2026-10-08 10:18:17 /favicon.svg .......................................................... ~ 0s
  2026-10-08 10:18:16 ...................................................................... ~ 28s
  2026-10-08 10:18:46 ....................................................................... ~ 0s
  2026-10-08 10:19:14 ....................................................................... ~ 1s
  2026-10-08 10:19:16 ....................................................................... ~ 0s
  2026-10-08 10:18:17 ...................................................................... ~ 77s
  2026-10-08 10:19:15 ...................................................................... ~ 30s
  2026-10-08 10:19:46 ....................................................................... ~ 0s
  2026-10-08 10:20:14 ....................................................................... ~ 1s
  2026-10-08 10:20:16 ....................................................................... ~ 0s
  2026-10-08 10:20:15 ...................................................................... ~ 29s
  2026-10-08 10:20:46 ....................................................................... ~ 0s
  2026-10-08 10:21:14 ....................................................................... ~ 1s
  2026-10-08 10:21:16 ....................................................................... ~ 1s
  2026-10-08 10:21:15 ...................................................................... ~ 29s
  2026-10-08 10:21:47 ....................................................................... ~ 0s
  2026-10-08 10:22:06 ....................................................................... ~ 0s
  2026-10-08 10:22:06 ....................................................................... ~ 2s
  2026-10-08 10:22:14 ....................................................................... ~ 1s
  2026-10-08 10:22:15 ....................................................................... ~ 0s
  2026-10-08 10:22:17 ....................................................................... ~ 0s
  2026-10-08 10:22:17 ....................................................................... ~ 0s
  2026-10-08 10:22:17 ....................................................................... ~ 1s
  2026-10-08 10:22:19 ....................................................................... ~ 0s
  2026-10-08 10:22:19 ....................................................................... ~ 2s
  2026-10-08 10:22:34 ....................................................................... ~ 0s
  2026-10-08 10:22:34 ...................................................................... ~ 10s
  2026-10-08 10:22:47 ....................................................................... ~ 0s
  2026-10-08 10:23:02 ....................................................................... ~ 1s
  2026-10-08 10:23:03 ....................................................................... ~ 1s
  2026-10-08 10:23:04 /image/logo/logo1x1.png ............................................... ~ 0s
  2026-10-08 10:23:04 /vendor/livewire/livewire.js?id=e949cd11 .............................. ~ 0s
  2026-10-08 10:23:04 ....................................................................... ~ 0s
  2026-10-08 10:23:03 /image/logo/logo1x1.png ............................................... ~ 1s
  2026-10-08 10:23:04 /vendor/livewire/livewire.js?id=e949cd11 .............................. ~ 0s
  2026-10-08 10:23:05 ....................................................................... ~ 0s
  2026-10-08 10:23:07 ....................................................................... ~ 0s
  2026-10-08 10:23:07 ....................................................................... ~ 0s
  2026-10-08 10:23:07 ....................................................................... ~ 0s
  2026-10-08 10:23:07 /favicon.svg .......................................................... ~ 0s
  2026-10-08 10:23:05 ....................................................................... ~ 3s
  2026-10-08 10:23:08 ....................................................................... ~ 1s
  2026-10-08 10:23:08 ....................................................................... ~ 1s
  2026-10-08 10:23:09 /favicon.svg .......................................................... ~ 0s
  2026-10-08 10:23:17 ....................................................................... ~ 0s
  2026-10-08 10:23:07 ...................................................................... ~ 30s
  2026-10-08 10:23:47 ....................................................................... ~ 0s
  2026-10-08 10:23:50 ....................................................................... ~ 1s
  2026-10-08 10:23:51 /image/logo/logo1x1.png ............................................... ~ 0s
  2026-10-08 10:23:51 /vendor/livewire/livewire.js?id=e949cd11 .............................. ~ 0s
  2026-10-08 10:23:51 ....................................................................... ~ 0s
  2026-10-08 10:23:52 ....................................................................... ~ 0s
  2026-10-08 10:23:52 ....................................................................... ~ 0s
  2026-10-08 10:23:52 ....................................................................... ~ 1s
  2026-10-08 10:23:53 ....................................................................... ~ 0s
  2026-10-08 10:23:53 /favicon.svg .......................................................... ~ 0s
  2026-10-08 10:23:53 ....................................................................... ~ 1s
  2026-10-08 10:23:56 ....................................................................... ~ 1s
  2026-10-08 10:23:57 ....................................................................... ~ 8s
  2026-10-08 10:24:17 ....................................................................... ~ 1s
  2026-10-08 10:24:22 ....................................................................... ~ 0s
  2026-10-08 10:24:48 ....................................................................... ~ 0s
  2026-10-08 10:24:22 ...................................................................... ~ 30s
  2026-10-08 10:25:07 ....................................................................... ~ 0s
  2026-10-08 10:25:07 ....................................................................... ~ 2s
  2026-10-08 10:25:09 ....................................................................... ~ 1s
  2026-10-08 10:25:09 /image/logo/logo1x1.png ............................................... ~ 1s
  2026-10-08 10:25:07 /image/logo/logo1x1.png ............................................... ~ 3s
  2026-10-08 10:25:09 /vendor/livewire/livewire.js?id=e949cd11 .............................. ~ 1s
  2026-10-08 10:25:09 /vendor/livewire/livewire.js?id=e949cd11 .............................. ~ 1s
  2026-10-08 10:25:11 ....................................................................... ~ 0s
  2026-10-08 10:25:11 ....................................................................... ~ 2s
  2026-10-08 10:25:13 ....................................................................... ~ 0s
  2026-10-08 10:25:13 ....................................................................... ~ 0s
  2026-10-08 10:25:13 ....................................................................... ~ 0s
  2026-10-08 10:25:13 ....................................................................... ~ 1s
  2026-10-08 10:25:13 /favicon.svg .......................................................... ~ 1s
  2026-10-08 10:25:13 ....................................................................... ~ 1s
  2026-10-08 10:25:14 /favicon.svg .......................................................... ~ 0s
  2026-10-08 10:25:13 ....................................................................... ~ 1s
  2026-10-08 10:25:14 ....................................................................... ~ 0s
  2026-10-08 10:25:18 ....................................................................... ~ 0s
  2026-10-08 10:25:43 ....................................................................... ~ 0s
  2026-10-08 10:25:48 ....................................................................... ~ 0s
  2026-10-08 10:25:43 ...................................................................... ~ 29s
  2026-10-08 10:26:13 ....................................................................... ~ 0s
  2026-10-08 10:26:16 ....................................................................... ~ 1s
  2026-10-08 10:26:18 ....................................................................... ~ 0s
  2026-10-08 10:26:17 ....................................................................... ~ 7s
  2026-10-08 10:26:43 ....................................................................... ~ 0s
  2026-10-08 10:26:48 ....................................................................... ~ 0s
  2026-10-08 10:26:43 ....................................................................... ~ 6s
  2026-10-08 10:26:49 ....................................................................... ~ 1s
  2026-10-08 10:26:50 /image/logo/logo1x1.png ............................................... ~ 0s
  2026-10-08 10:26:50 /vendor/livewire/livewire.js?id=e949cd11 .............................. ~ 0s
  2026-10-08 10:26:49 /image/logo/logo1x1.png ............................................... ~ 1s
  2026-10-08 10:26:50 /vendor/livewire/livewire.js?id=e949cd11 .............................. ~ 0s
  2026-10-08 10:26:50 ....................................................................... ~ 1s
  2026-10-08 10:26:52 ....................................................................... ~ 0s
  2026-10-08 10:26:52 ....................................................................... ~ 0s
  2026-10-08 10:26:52 ....................................................................... ~ 0s
  2026-10-08 10:26:52 ....................................................................... ~ 1s
  2026-10-08 10:26:52 /favicon.svg .......................................................... ~ 1s
  2026-10-08 10:26:52 ....................................................................... ~ 1s
  2026-10-08 10:26:54 ....................................................................... ~ 0s
  2026-10-08 10:26:54 ....................................................................... ~ 0s
  2026-10-08 10:26:54 /favicon.svg .......................................................... ~ 0s
  2026-10-08 10:27:18 ....................................................................... ~ 0s
  2026-10-08 10:26:53 ...................................................................... ~ 28s
  2026-10-08 10:27:48 ....................................................................... ~ 1s
  2026-10-08 10:27:51 ....................................................................... ~ 0s
  2026-10-08 10:27:51 ...................................................................... ~ 12s
  2026-10-08 10:26:54 ...................................................................... ~ 69s
  2026-10-08 10:28:03 ....................................................................... ~ 1s
  2026-10-08 10:28:04 ....................................................................... ~ 0s
  2026-10-08 10:28:04 /image/logo/logo1x1.png ............................................... ~ 0s
  2026-10-08 10:28:04 /vendor/livewire/livewire.js?id=e949cd11 .............................. ~ 0s
  2026-10-08 10:28:04 /image/logo/logo1x1.png ............................................... ~ 0s
  2026-10-08 10:28:04 /vendor/livewire/livewire.js?id=e949cd11 .............................. ~ 0s
  2026-10-08 10:28:05 ....................................................................... ~ 0s
  2026-10-08 10:28:04 ....................................................................... ~ 1s
  2026-10-08 10:28:06 ....................................................................... ~ 0s
  2026-10-08 10:28:06 ....................................................................... ~ 0s
  2026-10-08 10:28:06 ....................................................................... ~ 0s
  2026-10-08 10:28:06 ....................................................................... ~ 0s
  2026-10-08 10:28:06 /favicon.svg .......................................................... ~ 0s
  2026-10-08 10:28:06 ....................................................................... ~ 1s
  2026-10-08 10:28:06 /favicon.svg .......................................................... ~ 1s
  2026-10-08 10:28:06 ...................................................................... ~ 11s
  2026-10-08 10:28:06 ...................................................................... ~ 12s
  2026-10-08 10:28:17 /image/logo/logo1x1.png ............................................... ~ 1s
  2026-10-08 10:28:18 /image/logo/logo1x1.png ............................................... ~ 0s
  2026-10-08 10:28:18 /vendor/livewire/livewire.js?id=e949cd11 .............................. ~ 0s
  2026-10-08 10:28:18 /vendor/livewire/livewire.js?id=e949cd11 .............................. ~ 0s
  2026-10-08 10:28:18 ....................................................................... ~ 0s
  2026-10-08 10:28:19 ....................................................................... ~ 0s
  2026-10-08 10:28:19 ....................................................................... ~ 0s
  2026-10-08 10:28:20 ....................................................................... ~ 1s
  2026-10-08 10:28:21 ....................................................................... ~ 0s
  2026-10-08 10:28:21 ....................................................................... ~ 1s
  2026-10-08 10:28:22 ....................................................................... ~ 0s
  2026-10-08 10:28:22 ....................................................................... ~ 0s
  2026-10-08 10:28:22 ....................................................................... ~ 0s
  2026-10-08 10:28:22 /favicon.svg .......................................................... ~ 0s
  2026-10-08 10:28:22 /favicon.svg .......................................................... ~ 0s
  2026-10-08 10:28:22 ...................................................................... ~ 10s
  2026-10-08 10:28:22 ...................................................................... ~ 10s
  2026-10-08 10:28:32 /image/logo/logo1x1.png ............................................... ~ 0s
  2026-10-08 10:28:32 /vendor/livewire/livewire.js?id=e949cd11 .............................. ~ 0s
  2026-10-08 10:28:32 /image/logo/logo1x1.png ............................................... ~ 0s
  2026-10-08 10:28:32 /vendor/livewire/livewire.js?id=e949cd11 .............................. ~ 0s
  2026-10-08 10:28:33 ....................................................................... ~ 0s
  2026-10-08 10:28:33 ....................................................................... ~ 0s
  2026-10-08 10:28:33 ....................................................................... ~ 2s
  2026-10-08 10:28:35 ....................................................................... ~ 0s
  2026-10-08 10:28:35 ....................................................................... ~ 0s
  2026-10-08 10:28:35 /favicon.svg .......................................................... ~ 0s
  2026-10-08 10:28:33 ....................................................................... ~ 2s
  2026-10-08 10:28:36 ....................................................................... ~ 0s
  2026-10-08 10:28:36 ....................................................................... ~ 0s
  2026-10-08 10:28:36 /favicon.svg .......................................................... ~ 0s
  2026-10-08 10:28:36 ....................................................................... ~ 7s
  2026-10-08 10:28:35 ....................................................................... ~ 8s
  2026-10-08 10:28:43 /image/logo/logo1x1.png ............................................... ~ 0s
  2026-10-08 10:28:43 /vendor/livewire/livewire.js?id=e949cd11 .............................. ~ 0s
  2026-10-08 10:28:43 /image/logo/logo1x1.png ............................................... ~ 0s
  2026-10-08 10:28:43 /vendor/livewire/livewire.js?id=e949cd11 .............................. ~ 0s
  2026-10-08 10:28:43 ....................................................................... ~ 1s
  2026-10-08 10:28:44 ....................................................................... ~ 0s
  2026-10-08 10:28:44 ....................................................................... ~ 1s
  2026-10-08 10:28:44 ....................................................................... ~ 2s
  2026-10-08 10:28:46 ....................................................................... ~ 0s
  2026-10-08 10:28:46 ....................................................................... ~ 0s
  2026-10-08 10:28:46 ....................................................................... ~ 0s
  2026-10-08 10:28:46 /favicon.svg .......................................................... ~ 0s
  2026-10-08 10:28:46 ....................................................................... ~ 1s
  2026-10-08 10:28:46 /favicon.svg .......................................................... ~ 1s
  2026-10-08 10:28:49 ....................................................................... ~ 0s
  2026-10-08 10:28:46 ....................................................................... ~ 9s
  2026-10-08 10:28:55 ....................................................................... ~ 1s
  2026-10-08 10:28:56 /image/logo/logo1x1.png ............................................... ~ 0s
  2026-10-08 10:28:56 /vendor/livewire/livewire.js?id=e949cd11 .............................. ~ 0s
  2026-10-08 10:28:56 /image/logo/logo1x1.png ............................................... ~ 0s
  2026-10-08 10:28:56 /vendor/livewire/livewire.js?id=e949cd11 .............................. ~ 0s
  2026-10-08 10:28:56 ....................................................................... ~ 0s
  2026-10-08 10:28:56 ....................................................................... ~ 0s
  2026-10-08 10:28:58 ....................................................................... ~ 1s
  2026-10-08 10:28:59 ....................................................................... ~ 0s
  2026-10-08 10:28:56 ....................................................................... ~ 3s
  2026-10-08 10:28:59 ....................................................................... ~ 0s
  2026-10-08 10:28:59 ....................................................................... ~ 0s
  2026-10-08 10:28:59 /favicon.svg .......................................................... ~ 0s
  2026-10-08 10:28:59 ....................................................................... ~ 0s
  2026-10-08 10:28:59 /favicon.svg .......................................................... ~ 0s
  2026-10-08 10:28:59 ....................................................................... ~ 7s
  2026-10-08 10:29:06 ....................................................................... ~ 1s
  2026-10-08 10:29:07 ....................................................................... ~ 0s
  2026-10-08 10:29:07 /image/logo/logo1x1.png ............................................... ~ 0s
  2026-10-08 10:29:07 /vendor/livewire/livewire.js?id=e949cd11 .............................. ~ 0s
  2026-10-08 10:29:07 /image/logo/logo1x1.png ............................................... ~ 1s
  2026-10-08 10:29:07 /vendor/livewire/livewire.js?id=e949cd11 .............................. ~ 1s
  2026-10-08 10:29:08 ....................................................................... ~ 0s
  2026-10-08 10:29:07 ....................................................................... ~ 2s
  2026-10-08 10:29:09 ....................................................................... ~ 1s
  2026-10-08 10:29:10 ....................................................................... ~ 0s
  2026-10-08 10:29:10 /favicon.svg .......................................................... ~ 0s
  2026-10-08 10:29:08 ....................................................................... ~ 2s
  2026-10-08 10:29:11 ....................................................................... ~ 0s
  2026-10-08 10:29:11 ....................................................................... ~ 0s
  2026-10-08 10:29:11 /favicon.svg .......................................................... ~ 0s
  2026-10-08 10:29:19 ....................................................................... ~ 0s
  2026-10-08 10:29:39 ....................................................................... ~ 0s
  2026-10-08 10:29:11 ...................................................................... ~ 31s
  2026-10-08 10:29:39 ....................................................................... ~ 4s
  2026-10-08 10:29:43 ....................................................................... ~ 1s
  2026-10-08 10:29:42 /image/logo/logo1x1.png ............................................... ~ 2s
  2026-10-08 10:29:43 /vendor/livewire/livewire.js?id=e949cd11 .............................. ~ 1s
  2026-10-08 10:29:44 ....................................................................... ~ 1s
  2026-10-08 10:29:44 /image/logo/logo1x1.png ............................................... ~ 1s
  2026-10-08 10:29:44 /vendor/livewire/livewire.js?id=e949cd11 .............................. ~ 1s
  2026-10-08 10:29:45 ....................................................................... ~ 3s
  2026-10-08 10:29:48 ....................................................................... ~ 0s
  2026-10-08 10:29:48 ....................................................................... ~ 1s
  2026-10-08 10:29:48 ....................................................................... ~ 1s
  2026-10-08 10:29:48 /favicon.svg .......................................................... ~ 1s
  2026-10-08 10:29:49 ....................................................................... ~ 0s
  2026-10-08 10:29:49 ....................................................................... ~ 0s
  2026-10-08 10:29:49 ....................................................................... ~ 0s
  2026-10-08 10:29:49 /favicon.svg .......................................................... ~ 0s
  2026-10-08 10:30:18 ....................................................................... ~ 0s
  2026-10-08 10:30:19 ....................................................................... ~ 0s
  2026-10-08 10:30:18 ...................................................................... ~ 30s
  2026-10-08 10:30:49 ....................................................................... ~ 0s
  2026-10-08 10:29:49 ...................................................................... ~ 75s
  2026-10-08 10:31:18 ....................................................................... ~ 0s
  2026-10-08 10:31:19 ....................................................................... ~ 1s
  2026-10-08 10:31:18 ...................................................................... ~ 30s
  2026-10-08 10:31:48 ....................................................................... ~ 0s
  2026-10-08 10:31:48 ....................................................................... ~ 1s
  2026-10-08 10:31:49 ....................................................................... ~ 0s
  2026-10-08 10:31:49 /image/logo/logo1x1.png ............................................... ~ 0s
  2026-10-08 10:31:49 /vendor/livewire/livewire.js?id=e949cd11 .............................. ~ 0s
  2026-10-08 10:31:48 /image/logo/logo1x1.png ............................................... ~ 1s
  2026-10-08 10:31:49 /vendor/livewire/livewire.js?id=e949cd11 .............................. ~ 0s
  2026-10-08 10:31:50 ....................................................................... ~ 0s
  2026-10-08 10:31:51 ....................................................................... ~ 0s
  2026-10-08 10:31:49 ....................................................................... ~ 3s
  2026-10-08 10:31:51 ....................................................................... ~ 2s
  2026-10-08 10:31:53 ....................................................................... ~ 0s
  2026-10-08 10:31:53 ....................................................................... ~ 0s
  2026-10-08 10:31:53 /favicon.svg .......................................................... ~ 0s
  2026-10-08 10:31:53 ....................................................................... ~ 0s
  2026-10-08 10:31:53 ....................................................................... ~ 0s
  2026-10-08 10:31:53 /favicon.svg .......................................................... ~ 0s
  2026-10-08 10:32:21 ....................................................................... ~ 0s
  2026-10-08 10:31:53 ...................................................................... ~ 29s
  2026-10-08 10:32:51 ....................................................................... ~ 0s
  2026-10-08 10:32:52 ....................................................................... ~ 0s
  2026-10-08 10:31:53 ...................................................................... ~ 71s
  2026-10-08 10:33:21 ....................................................................... ~ 0s
  2026-10-08 10:32:53 ...................................................................... ~ 29s
  2026-10-08 10:33:51 ....................................................................... ~ 0s
  2026-10-08 10:33:52 ....................................................................... ~ 0s
  2026-10-08 10:34:21 ....................................................................... ~ 0s
  2026-10-08 10:33:53 ...................................................................... ~ 29s
  2026-10-08 10:34:51 ....................................................................... ~ 0s
  2026-10-08 10:34:52 ....................................................................... ~ 1s
  2026-10-08 10:35:21 ....................................................................... ~ 0s
  2026-10-08 10:34:53 ...................................................................... ~ 29s
  2026-10-08 10:35:51 ....................................................................... ~ 0s
  2026-10-08 10:35:52 ....................................................................... ~ 1s
  2026-10-08 10:36:21 ....................................................................... ~ 0s
  2026-10-08 10:35:53 ...................................................................... ~ 29s
  2026-10-08 10:36:51 ....................................................................... ~ 0s
  2026-10-08 10:36:52 ....................................................................... ~ 0s
  2026-10-08 10:37:21 ....................................................................... ~ 0s
  2026-10-08 10:36:53 ...................................................................... ~ 29s
  2026-10-08 10:37:36 ....................................................................... ~ 0s
  2026-10-08 10:37:36 ...................................................................... ~ 10s
  2026-10-08 10:37:47 ....................................................................... ~ 0s
  2026-10-08 10:37:47 ....................................................................... ~ 1s
  2026-10-08 10:37:51 ....................................................................... ~ 0s
  2026-10-08 10:37:51 ....................................................................... ~ 1s
  2026-10-08 10:37:51 ....................................................................... ~ 1s
  2026-10-08 10:38:22 ....................................................................... ~ 0s
  2026-10-08 10:38:22 ....................................................................... ~ 0s
  2026-10-08 10:38:23 ....................................................................... ~ 1s
  2026-10-08 10:38:52 ....................................................................... ~ 0s
  2026-10-08 10:38:52 ....................................................................... ~ 0s
  2026-10-08 10:38:53 ...................................................................... ~ 21s
  2026-10-08 10:39:14 /image/logo/logo1x1.png ............................................... ~ 0s
  2026-10-08 10:39:14 /vendor/livewire/livewire.js?id=e949cd11 .............................. ~ 0s
  2026-10-08 10:39:15 ....................................................................... ~ 0s
  2026-10-08 10:39:15 ....................................................................... ~ 0s
  2026-10-08 10:39:15 ....................................................................... ~ 0s
  2026-10-08 10:39:15 /favicon.svg .......................................................... ~ 0s
  2026-10-08 10:39:15 ....................................................................... ~ 1s
  2026-10-08 10:39:16 /image/logo/logo1x1.png ............................................... ~ 0s
  2026-10-08 10:39:16 /vendor/livewire/livewire.js?id=e949cd11 .............................. ~ 0s
  2026-10-08 10:39:16 ....................................................................... ~ 1s
  2026-10-08 10:39:17 ....................................................................... ~ 0s
  2026-10-08 10:39:17 /favicon.svg .......................................................... ~ 0s
  2026-10-08 10:39:17 ....................................................................... ~ 0s
  2026-10-08 10:39:21 ....................................................................... ~ 0s
  2026-10-08 10:39:21 /image/logo/logo1x1.png ............................................... ~ 0s
  2026-10-08 10:39:21 ....................................................................... ~ 0s
  2026-10-08 10:39:21 /vendor/livewire/livewire.js?id=e949cd11 .............................. ~ 0s
  2026-10-08 10:39:21 ....................................................................... ~ 1s
  2026-10-08 10:39:22 ....................................................................... ~ 0s
  2026-10-08 10:39:22 ....................................................................... ~ 0s
  2026-10-08 10:39:22 /favicon.svg .......................................................... ~ 0s
  2026-10-08 10:39:23 ....................................................................... ~ 0s
  2026-10-08 10:39:23 /image/logo/logo1x1.png ............................................... ~ 0s
  2026-10-08 10:39:23 /vendor/livewire/livewire.js?id=e949cd11 .............................. ~ 0s
  2026-10-08 10:39:23 ....................................................................... ~ 0s
  2026-10-08 10:39:24 ....................................................................... ~ 0s
  2026-10-08 10:39:24 ....................................................................... ~ 0s
  2026-10-08 10:39:24 ....................................................................... ~ 0s
  2026-10-08 10:39:24 /favicon.svg .......................................................... ~ 0s
  2026-10-08 10:39:52 ....................................................................... ~ 0s
  2026-10-08 10:39:24 ...................................................................... ~ 29s
  2026-10-08 10:40:22 ....................................................................... ~ 0s
  2026-10-08 10:40:24 ....................................................................... ~ 0s
  2026-10-08 10:40:52 ....................................................................... ~ 0s
  2026-10-08 10:40:24 ...................................................................... ~ 29s
  2026-10-08 10:41:22 ....................................................................... ~ 0s
  2026-10-08 10:41:24 ....................................................................... ~ 0s
  2026-10-08 10:41:52 ....................................................................... ~ 0s
  2026-10-08 10:41:24 ...................................................................... ~ 29s
  2026-10-08 10:42:05 ....................................................................... ~ 0s
  2026-10-08 10:42:05 ....................................................................... ~ 1s
  2026-10-08 10:42:05 /image/logo/logo1x1.png ............................................... ~ 1s
  2026-10-08 10:42:06 /vendor/livewire/livewire.js?id=e949cd11 .............................. ~ 0s
  2026-10-08 10:42:06 /image/logo/logo1x1.png ............................................... ~ 0s
  2026-10-08 10:42:06 ....................................................................... ~ 0s
  2026-10-08 10:42:06 /vendor/livewire/livewire.js?id=e949cd11 .............................. ~ 0s
  2026-10-08 10:42:06 ....................................................................... ~ 0s
  2026-10-08 10:42:09 ....................................................................... ~ 0s
  2026-10-08 10:42:06 ....................................................................... ~ 3s
  2026-10-08 10:42:09 ....................................................................... ~ 1s
  2026-10-08 10:42:10 ....................................................................... ~ 0s
  2026-10-08 10:42:09 /favicon.svg .......................................................... ~ 1s
  2026-10-08 10:42:10 ....................................................................... ~ 0s
  2026-10-08 10:42:10 ....................................................................... ~ 0s
  2026-10-08 10:42:10 /favicon.svg .......................................................... ~ 0s
  2026-10-08 10:42:10 ....................................................................... ~ 2s
  2026-10-08 10:42:12 ....................................................................... ~ 1s
  2026-10-08 10:42:13 ....................................................................... ~ 0s
  2026-10-08 10:42:13 /image/logo/logo1x1.png ............................................... ~ 0s
  2026-10-08 10:42:13 /vendor/livewire/livewire.js?id=e949cd11 .............................. ~ 0s
  2026-10-08 10:42:13 /image/logo/logo1x1.png ............................................... ~ 0s
  2026-10-08 10:42:13 /vendor/livewire/livewire.js?id=e949cd11 .............................. ~ 0s
  2026-10-08 10:42:14 ....................................................................... ~ 1s
  2026-10-08 10:42:13 ....................................................................... ~ 2s
  2026-10-08 10:42:15 ....................................................................... ~ 1s
  2026-10-08 10:42:16 ....................................................................... ~ 0s
  2026-10-08 10:42:16 /favicon.svg .......................................................... ~ 0s
  2026-10-08 10:42:15 ....................................................................... ~ 1s
  2026-10-08 10:42:16 ....................................................................... ~ 1s
  2026-10-08 10:42:17 ....................................................................... ~ 0s
  2026-10-08 10:42:17 /favicon.svg .......................................................... ~ 0s
  2026-10-08 10:42:22 ....................................................................... ~ 1s
  2026-10-08 10:42:23 ....................................................................... ~ 0s
  2026-10-08 10:42:23 ....................................................................... ~ 0s
  2026-10-08 10:42:23 /image/logo/logo1x1.png ............................................... ~ 0s
  2026-10-08 10:42:23 /vendor/livewire/livewire.js?id=e949cd11 .............................. ~ 0s
  2026-10-08 10:42:23 /image/logo/logo1x1.png ............................................... ~ 0s
  2026-10-08 10:42:24 /vendor/livewire/livewire.js?id=e949cd11 .............................. ~ 0s
  2026-10-08 10:42:24 ....................................................................... ~ 0s
  2026-10-08 10:42:24 ....................................................................... ~ 0s
  2026-10-08 10:42:24 ....................................................................... ~ 2s
  2026-10-08 10:42:26 ....................................................................... ~ 0s
  2026-10-08 10:42:26 ....................................................................... ~ 0s
  2026-10-08 10:42:26 ....................................................................... ~ 0s
  2026-10-08 10:42:26 /favicon.svg .......................................................... ~ 0s
  2026-10-08 10:42:26 ....................................................................... ~ 1s
  2026-10-08 10:42:26 ....................................................................... ~ 1s
  2026-10-08 10:42:27 /favicon.svg .......................................................... ~ 0s
  2026-10-08 10:42:27 ....................................................................... ~ 3s
  2026-10-08 10:42:26 ....................................................................... ~ 5s
  2026-10-08 10:42:31 /image/logo/logo1x1.png ............................................... ~ 0s
  2026-10-08 10:42:31 /vendor/livewire/livewire.js?id=e949cd11 .............................. ~ 0s
  2026-10-08 10:42:31 ....................................................................... ~ 0s
  2026-10-08 10:42:31 /image/logo/logo1x1.png ............................................... ~ 0s
  2026-10-08 10:42:31 /vendor/livewire/livewire.js?id=e949cd11 .............................. ~ 0s
  2026-10-08 10:42:31 ....................................................................... ~ 1s
  2026-10-08 10:42:33 ....................................................................... ~ 0s
  2026-10-08 10:42:33 ....................................................................... ~ 0s
  2026-10-08 10:42:33 ....................................................................... ~ 0s
  2026-10-08 10:42:33 /favicon.svg .......................................................... ~ 0s
  2026-10-08 10:42:34 ....................................................................... ~ 0s
  2026-10-08 10:42:34 ....................................................................... ~ 0s
  2026-10-08 10:42:34 ....................................................................... ~ 0s
  2026-10-08 10:42:34 /favicon.svg .......................................................... ~ 0s
  2026-10-08 10:42:53 ....................................................................... ~ 0s
  2026-10-08 10:42:34 ...................................................................... ~ 29s
  2026-10-08 10:42:33 ...................................................................... ~ 48s
  2026-10-08 10:43:21 ....................................................................... ~ 0s
  2026-10-08 10:43:21 /image/logo/logo1x1.png ............................................... ~ 0s
  2026-10-08 10:43:21 /image/logo/logo1x1.png ............................................... ~ 0s
  2026-10-08 10:43:21 /vendor/livewire/livewire.js?id=e949cd11 .............................. ~ 0s
  2026-10-08 10:43:21 /vendor/livewire/livewire.js?id=e949cd11 .............................. ~ 0s
  2026-10-08 10:43:22 ....................................................................... ~ 0s
  2026-10-08 10:43:22 ....................................................................... ~ 0s
  2026-10-08 10:43:23 ....................................................................... ~ 0s
  2026-10-08 10:43:22 ....................................................................... ~ 2s
  2026-10-08 10:43:24 ....................................................................... ~ 1s
  2026-10-08 10:43:25 ....................................................................... ~ 0s
  2026-10-08 10:43:22 ....................................................................... ~ 4s
  2026-10-08 10:43:25 ....................................................................... ~ 1s
  2026-10-08 10:43:26 ....................................................................... ~ 1s
  2026-10-08 10:43:26 ....................................................................... ~ 1s
  2026-10-08 10:43:25 /favicon.svg .......................................................... ~ 2s
  2026-10-08 10:43:27 ....................................................................... ~ 0s
  2026-10-08 10:43:27 /favicon.svg .......................................................... ~ 0s
  2026-10-08 10:43:27 /image/logo/logo1x1.png ............................................... ~ 0s
  2026-10-08 10:43:27 /vendor/livewire/livewire.js?id=e949cd11 .............................. ~ 0s
  2026-10-08 10:43:27 /image/logo/logo1x1.png ............................................... ~ 0s
  2026-10-08 10:43:27 /vendor/livewire/livewire.js?id=e949cd11 .............................. ~ 0s
  2026-10-08 10:43:28 ....................................................................... ~ 0s
  2026-10-08 10:43:27 ....................................................................... ~ 1s
  2026-10-08 10:43:30 ....................................................................... ~ 0s
  2026-10-08 10:43:30 ....................................................................... ~ 0s
  2026-10-08 10:43:30 ....................................................................... ~ 0s
  2026-10-08 10:43:30 ....................................................................... ~ 0s
  2026-10-08 10:43:30 /favicon.svg .......................................................... ~ 0s
  2026-10-08 10:43:30 ....................................................................... ~ 0s
  2026-10-08 10:43:30 ....................................................................... ~ 1s
  2026-10-08 10:43:30 /favicon.svg .......................................................... ~ 1s
  2026-10-08 10:43:30 ....................................................................... ~ 8s
  2026-10-08 10:43:31 ....................................................................... ~ 8s
  2026-10-08 10:43:39 ....................................................................... ~ 0s
  2026-10-08 10:43:38 /image/logo/logo1x1.png ............................................... ~ 1s
  2026-10-08 10:43:40 /vendor/livewire/livewire.js?id=e949cd11 .............................. ~ 0s
  2026-10-08 10:43:40 ....................................................................... ~ 0s
  2026-10-08 10:43:39 /favicon.ico .......................................................... ~ 2s
  2026-10-08 10:43:42 ....................................................................... ~ 0s
  2026-10-08 10:43:42 ....................................................................... ~ 0s
  2026-10-08 10:43:42 ....................................................................... ~ 1s
  2026-10-08 10:43:42 /favicon.svg .......................................................... ~ 1s
  2026-10-08 10:43:42 ....................................................................... ~ 2s
  2026-10-08 10:43:44 ....................................................................... ~ 0s
  2026-10-08 10:43:44 /image/logo/logo1x1.png ............................................... ~ 0s
  2026-10-08 10:43:44 /image/logo/logo1x1.png ............................................... ~ 0s
  2026-10-08 10:43:44 /vendor/livewire/livewire.js?id=e949cd11 .............................. ~ 0s
  2026-10-08 10:43:44 ....................................................................... ~ 1s
  2026-10-08 10:43:45 /vendor/livewire/livewire.js?id=e949cd11 .............................. ~ 0s
  2026-10-08 10:43:45 ....................................................................... ~ 0s
  2026-10-08 10:43:46 ....................................................................... ~ 0s
  2026-10-08 10:43:46 ....................................................................... ~ 0s
  2026-10-08 10:43:46 ....................................................................... ~ 1s
  2026-10-08 10:43:46 /favicon.svg .......................................................... ~ 1s
  2026-10-08 10:43:47 ....................................................................... ~ 0s
  2026-10-08 10:43:47 ....................................................................... ~ 0s
  2026-10-08 10:43:47 ....................................................................... ~ 0s
  2026-10-08 10:43:47 /favicon.svg .......................................................... ~ 0s
  2026-10-08 10:43:47 ....................................................................... ~ 2s
  2026-10-08 10:43:46 ....................................................................... ~ 4s
  2026-10-08 10:43:50 ....................................................................... ~ 0s
  2026-10-08 10:43:49 /image/logo/logo1x1.png ............................................... ~ 1s
  2026-10-08 10:43:50 /vendor/livewire/livewire.js?id=e949cd11 .............................. ~ 0s
  2026-10-08 10:43:50 /image/logo/logo1x1.png ............................................... ~ 0s
  2026-10-08 10:43:50 /vendor/livewire/livewire.js?id=e949cd11 .............................. ~ 0s
  2026-10-08 10:43:51 ....................................................................... ~ 0s
  2026-10-08 10:43:52 ....................................................................... ~ 0s
  2026-10-08 10:43:52 ....................................................................... ~ 1s
  2026-10-08 10:43:53 ....................................................................... ~ 0s
  2026-10-08 10:43:53 /favicon.svg .......................................................... ~ 0s
  2026-10-08 10:43:53 ....................................................................... ~ 0s
  2026-10-08 10:43:51 ....................................................................... ~ 2s
  2026-10-08 10:43:53 ....................................................................... ~ 0s
  2026-10-08 10:43:53 ....................................................................... ~ 1s
  2026-10-08 10:43:53 ....................................................................... ~ 1s
  2026-10-08 10:43:54 ....................................................................... ~ 0s
  2026-10-08 10:43:53 /image/logo/logo1x1.png ............................................... ~ 1s
  2026-10-08 10:43:54 ....................................................................... ~ 0s
  2026-10-08 10:43:54 /favicon.svg .......................................................... ~ 0s
  2026-10-08 10:43:54 /vendor/livewire/livewire.js?id=e949cd11 .............................. ~ 0s
  2026-10-08 10:43:54 /image/logo/logo1x1.png ............................................... ~ 0s
  2026-10-08 10:43:54 /vendor/livewire/livewire.js?id=e949cd11 .............................. ~ 0s
  2026-10-08 10:43:54 ....................................................................... ~ 1s
  2026-10-08 10:43:55 ....................................................................... ~ 1s
  2026-10-08 10:43:56 ....................................................................... ~ 1s
  2026-10-08 10:43:57 ....................................................................... ~ 0s
  2026-10-08 10:43:57 ....................................................................... ~ 0s
  2026-10-08 10:43:57 ....................................................................... ~ 0s
  2026-10-08 10:43:57 ....................................................................... ~ 0s
  2026-10-08 10:43:57 /favicon.svg .......................................................... ~ 0s
  2026-10-08 10:43:57 ....................................................................... ~ 2s
  2026-10-08 10:43:59 ....................................................................... ~ 1s
  2026-10-08 10:43:59 /image/logo/logo1x1.png ............................................... ~ 1s
  2026-10-08 10:44:00 /vendor/livewire/livewire.js?id=e949cd11 .............................. ~ 0s
  2026-10-08 10:44:00 ....................................................................... ~ 0s
  2026-10-08 10:44:00 /image/logo/logo1x1.png ............................................... ~ 0s
  2026-10-08 10:44:00 /vendor/livewire/livewire.js?id=e949cd11 .............................. ~ 0s
  2026-10-08 10:44:01 ....................................................................... ~ 0s
  2026-10-08 10:44:02 ....................................................................... ~ 0s
  2026-10-08 10:44:01 ....................................................................... ~ 1s
  2026-10-08 10:44:02 ....................................................................... ~ 0s
  2026-10-08 10:44:02 ....................................................................... ~ 1s
  2026-10-08 10:44:02 /favicon.svg .......................................................... ~ 1s
  2026-10-08 10:44:03 ....................................................................... ~ 0s
  2026-10-08 10:44:03 ....................................................................... ~ 0s
  2026-10-08 10:44:03 /favicon.svg .......................................................... ~ 0s
  2026-10-08 10:44:02 ...................................................................... ~ 10s
  2026-10-08 10:44:12 ....................................................................... ~ 0s
  2026-10-08 10:44:12 /image/logo/logo1x1.png ............................................... ~ 0s
  2026-10-08 10:44:12 /vendor/livewire/livewire.js?id=e949cd11 .............................. ~ 0s
  2026-10-08 10:44:12 /image/logo/logo1x1.png ............................................... ~ 0s
  2026-10-08 10:44:13 /vendor/livewire/livewire.js?id=e949cd11 .............................. ~ 0s
  2026-10-08 10:44:13 ....................................................................... ~ 0s
  2026-10-08 10:44:13 ....................................................................... ~ 0s
  2026-10-08 10:44:16 ....................................................................... ~ 0s
  2026-10-08 10:44:13 ....................................................................... ~ 3s
  2026-10-08 10:44:16 ....................................................................... ~ 0s
  2026-10-08 10:44:16 ....................................................................... ~ 0s
  2026-10-08 10:44:16 /favicon.svg .......................................................... ~ 0s
  2026-10-08 10:44:17 ....................................................................... ~ 0s
  2026-10-08 10:44:17 ....................................................................... ~ 0s
  2026-10-08 10:44:16 ....................................................................... ~ 1s
  2026-10-08 10:44:17 ....................................................................... ~ 1s
  2026-10-08 10:44:17 /favicon.svg .......................................................... ~ 1s
  2026-10-08 10:44:18 ....................................................................... ~ 1s
  2026-10-08 10:44:18 /image/logo/logo1x1.png ............................................... ~ 1s
  2026-10-08 10:44:18 /vendor/livewire/livewire.js?id=e949cd11 .............................. ~ 1s
  2026-10-08 10:44:19 /image/logo/logo1x1.png ............................................... ~ 0s
  2026-10-08 10:44:19 /vendor/livewire/livewire.js?id=e949cd11 .............................. ~ 0s
  2026-10-08 10:44:19 ....................................................................... ~ 0s
  2026-10-08 10:44:18 ....................................................................... ~ 2s
  2026-10-08 10:44:19 ....................................................................... ~ 1s
  2026-10-08 10:44:20 ....................................................................... ~ 0s
  2026-10-08 10:44:20 ....................................................................... ~ 0s
  2026-10-08 10:44:20 /favicon.svg .......................................................... ~ 0s
  2026-10-08 10:44:21 ....................................................................... ~ 0s
  2026-10-08 10:44:21 ....................................................................... ~ 0s
  2026-10-08 10:44:21 /favicon.svg .......................................................... ~ 0s
  2026-10-08 10:44:21 ....................................................................... ~ 2s
  2026-10-08 10:44:23 ....................................................................... ~ 1s
  2026-10-08 10:44:24 ....................................................................... ~ 0s
  2026-10-08 10:44:23 /image/logo/logo1x1.png ............................................... ~ 1s
  2026-10-08 10:44:24 /vendor/livewire/livewire.js?id=e949cd11 .............................. ~ 0s
  2026-10-08 10:44:24 /image/logo/logo1x1.png ............................................... ~ 0s
  2026-10-08 10:44:24 /vendor/livewire/livewire.js?id=e949cd11 .............................. ~ 0s
  2026-10-08 10:44:25 ....................................................................... ~ 0s
  2026-10-08 10:44:25 ....................................................................... ~ 0s
  2026-10-08 10:44:26 ....................................................................... ~ 1s
  2026-10-08 10:44:27 ....................................................................... ~ 0s
  2026-10-08 10:44:27 ....................................................................... ~ 0s
  2026-10-08 10:44:27 /favicon.svg .......................................................... ~ 0s
  2026-10-08 10:44:27 ....................................................................... ~ 0s
  2026-10-08 10:44:27 ....................................................................... ~ 1s
  2026-10-08 10:44:28 ....................................................................... ~ 0s
  2026-10-08 10:44:27 /favicon.svg .......................................................... ~ 1s
  2026-10-08 10:44:28 ....................................................................... ~ 5s
  2026-10-08 10:44:27 ....................................................................... ~ 7s
  2026-10-08 10:44:34 ....................................................................... ~ 0s
  2026-10-08 10:44:34 /image/logo/logo1x1.png ............................................... ~ 0s
  2026-10-08 10:44:34 /vendor/livewire/livewire.js?id=e949cd11 .............................. ~ 0s
  2026-10-08 10:44:34 /image/logo/logo1x1.png ............................................... ~ 0s
  2026-10-08 10:44:35 /vendor/livewire/livewire.js?id=e949cd11 .............................. ~ 0s
  2026-10-08 10:44:35 ....................................................................... ~ 0s
  2026-10-08 10:44:34 ....................................................................... ~ 2s
  2026-10-08 10:44:37 ....................................................................... ~ 0s
  2026-10-08 10:44:37 ....................................................................... ~ 0s
  2026-10-08 10:44:37 ....................................................................... ~ 0s
  2026-10-08 10:44:37 ....................................................................... ~ 1s
  2026-10-08 10:44:37 /favicon.svg .......................................................... ~ 1s
  2026-10-08 10:44:37 ....................................................................... ~ 1s
  2026-10-08 10:44:38 /favicon.svg .......................................................... ~ 0s
  2026-10-08 10:44:54 ....................................................................... ~ 0s
  2026-10-08 10:44:37 ...................................................................... ~ 29s
  2026-10-08 10:45:24 ....................................................................... ~ 1s
  2026-10-08 10:45:36 ....................................................................... ~ 0s
  2026-10-08 10:45:55 ....................................................................... ~ 0s
  2026-10-08 10:44:38 ...................................................................... ~ 86s
  2026-10-08 10:45:37 ...................................................................... ~ 29s
  2026-10-08 10:46:25 ....................................................................... ~ 0s
  2026-10-08 10:46:36 ....................................................................... ~ 0s
  2026-10-08 10:46:55 ....................................................................... ~ 0s
  2026-10-08 10:46:37 ...................................................................... ~ 29s
  2026-10-08 10:47:23 ....................................................................... ~ 1s
  2026-10-08 10:47:25 ....................................................................... ~ 0s
  2026-10-08 10:47:24 ....................................................................... ~ 3s
  2026-10-08 10:47:28 ....................................................................... ~ 0s
  2026-10-08 10:47:28 ....................................................................... ~ 8s
  2026-10-08 10:47:37 ....................................................................... ~ 0s
  2026-10-08 10:47:55 ....................................................................... ~ 0s
  2026-10-08 10:47:37 ...................................................................... ~ 29s
  2026-10-08 10:48:23 ....................................................................... ~ 0s
  2026-10-08 10:48:25 ....................................................................... ~ 0s
  2026-10-08 10:48:23 ...................................................................... ~ 13s
  2026-10-08 10:48:49 ....................................................................... ~ 0s
  2026-10-08 10:48:55 ....................................................................... ~ 0s
  2026-10-08 10:48:49 ....................................................................... ~ 9s
  2026-10-08 10:49:04 ....................................................................... ~ 1s
  2026-10-08 10:49:05 ....................................................................... ~ 0s
  2026-10-08 10:49:06 ....................................................................... ~ 0s
  2026-10-08 10:49:07 ....................................................................... ~ 3s
  2026-10-08 10:49:14 ....................................................................... ~ 0s
  2026-10-08 10:49:14 ....................................................................... ~ 4s
  2026-10-08 10:49:24 ....................................................................... ~ 0s
  2026-10-08 10:49:25 ....................................................................... ~ 0s
  2026-10-08 10:49:24 ...................................................................... ~ 10s
  2026-10-08 10:49:36 ....................................................................... ~ 0s
  2026-10-08 10:49:37 ....................................................................... ~ 0s
  2026-10-08 10:49:55 ....................................................................... ~ 0s
  2026-10-08 10:49:55 ....................................................................... ~ 0s
  2026-10-08 10:49:55 ....................................................................... ~ 1s
  2026-10-08 10:50:01 ....................................................................... ~ 0s
  2026-10-08 10:50:01 ....................................................................... ~ 0s
  2026-10-08 10:50:02 ....................................................................... ~ 0s
  2026-10-08 10:50:06 ....................................................................... ~ 0s
  2026-10-08 10:50:07 ....................................................................... ~ 5s
  2026-10-08 10:50:12 ....................................................................... ~ 0s
  2026-10-08 10:50:12 ....................................................................... ~ 4s
  2026-10-08 10:50:16 ....................................................................... ~ 1s
  2026-10-08 10:50:17 ....................................................................... ~ 4s
  2026-10-08 10:50:23 ....................................................................... ~ 0s
  2026-10-08 10:50:25 ....................................................................... ~ 0s
  2026-10-08 10:50:23 ....................................................................... ~ 4s
  2026-10-08 10:50:32 ....................................................................... ~ 0s
  2026-10-08 10:50:32 ....................................................................... ~ 4s
  2026-10-08 10:50:36 ....................................................................... ~ 1s
  2026-10-08 10:50:37 ....................................................................... ~ 4s
  2026-10-08 10:50:56 ....................................................................... ~ 0s
  2026-10-08 10:51:06 ....................................................................... ~ 0s
  2026-10-08 10:51:26 ....................................................................... ~ 0s
  2026-10-08 10:51:07 ...................................................................... ~ 29s
  2026-10-08 10:51:56 ....................................................................... ~ 0s
  2026-10-08 10:52:06 ....................................................................... ~ 0s
  2026-10-08 10:52:26 ....................................................................... ~ 0s
  2026-10-08 10:52:07 ...................................................................... ~ 24s
  2026-10-08 10:52:36 ....................................................................... ~ 0s
  2026-10-08 10:52:56 ....................................................................... ~ 0s
  2026-10-08 10:52:37 ...................................................................... ~ 29s
  2026-10-08 10:53:26 ....................................................................... ~ 0s
  2026-10-08 10:53:36 ....................................................................... ~ 0s
  2026-10-08 10:53:56 ....................................................................... ~ 0s
  2026-10-08 10:53:37 ...................................................................... ~ 29s
  2026-10-08 10:54:26 ....................................................................... ~ 0s
  2026-10-08 10:54:56 ....................................................................... ~ 0s
  2026-10-08 10:55:26 ....................................................................... ~ 0s
  2026-10-08 10:55:56 ....................................................................... ~ 0s
  2026-10-08 10:56:26 ....................................................................... ~ 0s
  2026-10-08 10:56:56 ....................................................................... ~ 0s
  2026-10-08 10:57:26 ....................................................................... ~ 1s
  2026-10-08 10:57:57 ....................................................................... ~ 0s
  2026-10-08 10:58:27 ....................................................................... ~ 0s
  2026-10-08 10:58:57 ....................................................................... ~ 0s
  2026-10-08 10:59:27 ....................................................................... ~ 0s
  2026-10-08 10:59:57 ....................................................................... ~ 0s
  2026-10-08 11:00:14 ....................................................................... ~ 0s
  2026-10-08 11:00:14 ....................................................................... ~ 1s
  2026-10-08 11:00:14 /image/logo/logo1x1.png ............................................... ~ 1s
  2026-10-08 11:00:14 /vendor/livewire/livewire.js?id=e949cd11 .............................. ~ 1s
  2026-10-08 11:00:15 /image/logo/logo1x1.png ............................................... ~ 0s
  2026-10-08 11:00:15 ....................................................................... ~ 0s
  2026-10-08 11:00:15 /vendor/livewire/livewire.js?id=e949cd11 .............................. ~ 0s
  2026-10-08 11:00:16 ....................................................................... ~ 0s
  2026-10-08 11:00:16 ....................................................................... ~ 2s
  2026-10-08 11:00:19 ....................................................................... ~ 0s
  2026-10-08 11:00:19 ....................................................................... ~ 0s
  2026-10-08 11:00:19 ....................................................................... ~ 0s
  2026-10-08 11:00:19 ....................................................................... ~ 0s
  2026-10-08 11:00:19 /favicon.svg .......................................................... ~ 0s
  2026-10-08 11:00:19 ....................................................................... ~ 0s
  2026-10-08 11:00:19 /favicon.svg .......................................................... ~ 0s
  2026-10-08 11:00:21 ....................................................................... ~ 1s
  2026-10-08 11:00:19 ....................................................................... ~ 3s
  2026-10-08 11:00:22 /image/logo/logo1x1.png ............................................... ~ 0s
  2026-10-08 11:00:22 /vendor/livewire/livewire.js?id=e949cd11 .............................. ~ 0s
  2026-10-08 11:00:23 /image/logo/logo1x1.png ............................................... ~ 0s
  2026-10-08 11:00:23 ....................................................................... ~ 0s
  2026-10-08 11:00:23 /vendor/livewire/livewire.js?id=e949cd11 .............................. ~ 0s
  2026-10-08 11:00:23 ....................................................................... ~ 0s
  2026-10-08 11:00:23 ....................................................................... ~ 2s
  2026-10-08 11:00:23 ....................................................................... ~ 3s
  2026-10-08 11:00:26 ....................................................................... ~ 0s
  2026-10-08 11:00:26 ....................................................................... ~ 1s
  2026-10-08 11:00:27 ....................................................................... ~ 0s
  2026-10-08 11:00:26 /favicon.svg .......................................................... ~ 1s
  2026-10-08 11:00:27 ....................................................................... ~ 0s
  2026-10-08 11:00:27 /favicon.svg .......................................................... ~ 0s
  2026-10-08 11:00:27 ....................................................................... ~ 0s
  2026-10-08 11:00:27 ....................................................................... ~ 3s
  2026-10-08 11:00:30 /image/logo/logo1x1.png ............................................... ~ 0s
  2026-10-08 11:00:27 ....................................................................... ~ 3s
  2026-10-08 11:00:30 ....................................................................... ~ 0s
  2026-10-08 11:00:30 /vendor/livewire/livewire.js?id=e949cd11 .............................. ~ 0s
  2026-10-08 11:00:30 /image/logo/logo1x1.png ............................................... ~ 1s
  2026-10-08 11:00:31 /vendor/livewire/livewire.js?id=e949cd11 .............................. ~ 0s
  2026-10-08 11:00:31 ....................................................................... ~ 0s
  2026-10-08 11:00:31 ....................................................................... ~ 1s
  2026-10-08 11:00:33 ....................................................................... ~ 0s
  2026-10-08 11:00:33 ....................................................................... ~ 0s
  2026-10-08 11:00:33 ....................................................................... ~ 0s
  2026-10-08 11:00:33 ....................................................................... ~ 0s
  2026-10-08 11:00:33 /favicon.svg .......................................................... ~ 0s
  2026-10-08 11:00:33 ....................................................................... ~ 0s
  2026-10-08 11:00:33 /favicon.svg .......................................................... ~ 0s
  2026-10-08 11:00:33 ....................................................................... ~ 4s
  2026-10-08 11:00:37 /image/logo/logo1x1.png ............................................... ~ 0s
  2026-10-08 11:00:33 ....................................................................... ~ 4s
  2026-10-08 11:00:37 ....................................................................... ~ 1s
  2026-10-08 11:00:37 /vendor/livewire/livewire.js?id=e949cd11 .............................. ~ 1s
  2026-10-08 11:00:38 /image/logo/logo1x1.png ............................................... ~ 0s
  2026-10-08 11:00:38 /vendor/livewire/livewire.js?id=e949cd11 .............................. ~ 0s
  2026-10-08 11:00:38 ....................................................................... ~ 0s
  2026-10-08 11:00:38 ....................................................................... ~ 1s
  2026-10-08 11:00:39 ....................................................................... ~ 0s
  2026-10-08 11:00:39 ....................................................................... ~ 0s
  2026-10-08 11:00:39 ....................................................................... ~ 1s
  2026-10-08 11:00:39 ....................................................................... ~ 1s
  2026-10-08 11:00:40 ....................................................................... ~ 0s
  2026-10-08 11:00:40 /favicon.svg .......................................................... ~ 0s
  2026-10-08 11:00:40 /favicon.svg .......................................................... ~ 0s
  2026-10-08 11:00:57 ....................................................................... ~ 0s
  2026-10-08 11:00:40 ...................................................................... ~ 30s
  2026-10-08 11:01:27 ....................................................................... ~ 0s
  2026-10-08 11:01:40 ....................................................................... ~ 0s
  2026-10-08 11:00:40 ...................................................................... ~ 61s
  2026-10-08 11:01:40 ....................................................................... ~ 1s
  2026-10-08 11:01:41 ....................................................................... ~ 1s
  2026-10-08 11:01:42 ....................................................................... ~ 0s
  2026-10-08 11:01:42 /image/logo/logo1x1.png ............................................... ~ 0s
  2026-10-08 11:01:42 /vendor/livewire/livewire.js?id=e949cd11 .............................. ~ 0s
  2026-10-08 11:01:41 /image/logo/logo1x1.png ............................................... ~ 1s
  2026-10-08 11:01:42 /vendor/livewire/livewire.js?id=e949cd11 .............................. ~ 0s
  2026-10-08 11:01:43 ....................................................................... ~ 0s
  2026-10-08 11:01:42 ....................................................................... ~ 2s
  2026-10-08 11:01:45 ....................................................................... ~ 0s
  2026-10-08 11:01:43 ....................................................................... ~ 2s
  2026-10-08 11:01:45 ....................................................................... ~ 0s
  2026-10-08 11:01:45 /favicon.svg .......................................................... ~ 0s
  2026-10-08 11:01:46 ....................................................................... ~ 0s
  2026-10-08 11:01:46 ....................................................................... ~ 0s
  2026-10-08 11:01:46 /favicon.svg .......................................................... ~ 0s
  2026-10-08 11:01:57 ....................................................................... ~ 1s
  2026-10-08 11:01:46 ...................................................................... ~ 15s
  2026-10-08 11:01:45 ...................................................................... ~ 16s
  2026-10-08 11:02:01 /image/logo/logo1x1.png ............................................... ~ 0s
  2026-10-08 11:02:01 /vendor/livewire/livewire.js?id=e949cd11 .............................. ~ 0s
  2026-10-08 11:02:02 ....................................................................... ~ 0s
  2026-10-08 11:02:02 /image/logo/logo1x1.png ............................................... ~ 0s
  2026-10-08 11:02:02 /vendor/livewire/livewire.js?id=e949cd11 .............................. ~ 0s
  2026-10-08 11:02:03 ....................................................................... ~ 0s
  2026-10-08 11:02:02 ....................................................................... ~ 2s
  2026-10-08 11:02:03 ....................................................................... ~ 1s
  2026-10-08 11:02:04 ....................................................................... ~ 0s
  2026-10-08 11:02:04 ....................................................................... ~ 0s
  2026-10-08 11:02:04 ....................................................................... ~ 0s
  2026-10-08 11:02:04 ....................................................................... ~ 1s
  2026-10-08 11:02:04 /favicon.svg .......................................................... ~ 1s
  2026-10-08 11:02:05 /favicon.svg .......................................................... ~ 0s
  2026-10-08 11:02:05 ....................................................................... ~ 5s
  2026-10-08 11:02:10 /image/logo/logo1x1.png ............................................... ~ 0s
  2026-10-08 11:02:11 /vendor/livewire/livewire.js?id=e949cd11 .............................. ~ 0s
  2026-10-08 11:02:04 ....................................................................... ~ 7s
  2026-10-08 11:02:11 ....................................................................... ~ 0s
  2026-10-08 11:02:11 /image/logo/logo1x1.png ............................................... ~ 0s
  2026-10-08 11:02:11 /vendor/livewire/livewire.js?id=e949cd11 .............................. ~ 0s
  2026-10-08 11:02:12 ....................................................................... ~ 0s
  2026-10-08 11:02:12 ....................................................................... ~ 1s
  2026-10-08 11:02:11 ....................................................................... ~ 3s
  2026-10-08 11:02:13 ....................................................................... ~ 1s
  2026-10-08 11:02:14 ....................................................................... ~ 0s
  2026-10-08 11:02:14 ....................................................................... ~ 0s
  2026-10-08 11:02:14 /favicon.svg .......................................................... ~ 0s
  2026-10-08 11:02:14 ....................................................................... ~ 0s
  2026-10-08 11:02:14 /favicon.svg .......................................................... ~ 0s
  2026-10-08 11:02:14 ....................................................................... ~ 4s
  2026-10-08 11:02:18 ....................................................................... ~ 1s
  2026-10-08 11:02:19 ....................................................................... ~ 0s
  2026-10-08 11:02:19 /image/logo/logo1x1.png ............................................... ~ 0s
  2026-10-08 11:02:19 /vendor/livewire/livewire.js?id=e949cd11 .............................. ~ 0s
  2026-10-08 11:02:18 /image/logo/logo1x1.png ............................................... ~ 1s
  2026-10-08 11:02:19 /vendor/livewire/livewire.js?id=e949cd11 .............................. ~ 0s
  2026-10-08 11:02:20 ....................................................................... ~ 0s
  2026-10-08 11:02:19 ....................................................................... ~ 2s
  2026-10-08 11:02:20 ....................................................................... ~ 1s
  2026-10-08 11:02:21 ....................................................................... ~ 1s
  2026-10-08 11:02:21 ....................................................................... ~ 1s
  2026-10-08 11:02:22 /favicon.svg .......................................................... ~ 0s
  2026-10-08 11:02:22 ....................................................................... ~ 0s
  2026-10-08 11:02:22 ....................................................................... ~ 0s
  2026-10-08 11:02:22 /favicon.svg .......................................................... ~ 0s
  2026-10-08 11:02:28 ....................................................................... ~ 0s
  2026-10-08 11:02:22 ...................................................................... ~ 14s
  2026-10-08 11:02:22 ...................................................................... ~ 15s
  2026-10-08 11:02:36 /image/logo/logo1x1.png ............................................... ~ 1s
  2026-10-08 11:02:37 /vendor/livewire/livewire.js?id=e949cd11 .............................. ~ 0s
  2026-10-08 11:02:37 /image/logo/logo1x1.png ............................................... ~ 0s
  2026-10-08 11:02:37 /vendor/livewire/livewire.js?id=e949cd11 .............................. ~ 0s
  2026-10-08 11:02:37 ....................................................................... ~ 0s
  2026-10-08 11:02:37 ....................................................................... ~ 0s
  2026-10-08 11:02:37 ....................................................................... ~ 1s
  2026-10-08 11:02:39 ....................................................................... ~ 0s
  2026-10-08 11:02:37 ....................................................................... ~ 2s
  2026-10-08 11:02:39 ....................................................................... ~ 0s
  2026-10-08 11:02:39 /favicon.svg .......................................................... ~ 0s
  2026-10-08 11:02:40 ....................................................................... ~ 0s
  2026-10-08 11:02:40 ....................................................................... ~ 0s
  2026-10-08 11:02:40 /favicon.svg .......................................................... ~ 0s
  2026-10-08 11:02:40 ....................................................................... ~ 3s
  2026-10-08 11:02:43 /image/logo/logo1x1.png ............................................... ~ 0s
  2026-10-08 11:02:39 ....................................................................... ~ 4s
  2026-10-08 11:02:43 ....................................................................... ~ 1s
  2026-10-08 11:02:43 /vendor/livewire/livewire.js?id=e949cd11 .............................. ~ 1s
  2026-10-08 11:02:44 /image/logo/logo1x1.png ............................................... ~ 0s
  2026-10-08 11:02:44 /vendor/livewire/livewire.js?id=e949cd11 .............................. ~ 0s
  2026-10-08 11:02:44 ....................................................................... ~ 0s
  2026-10-08 11:02:44 ....................................................................... ~ 1s
  2026-10-08 11:02:46 ....................................................................... ~ 0s
  2026-10-08 11:02:46 ....................................................................... ~ 0s
  2026-10-08 11:02:46 ....................................................................... ~ 0s
  2026-10-08 11:02:46 /favicon.svg .......................................................... ~ 0s
  2026-10-08 11:02:46 ....................................................................... ~ 0s
  2026-10-08 11:02:46 ....................................................................... ~ 0s
  2026-10-08 11:02:46 /favicon.svg .......................................................... ~ 0s
  2026-10-08 11:02:58 ....................................................................... ~ 0s
  2026-10-08 11:02:46 ...................................................................... ~ 17s
  2026-10-08 11:02:46 ...................................................................... ~ 17s
  2026-10-08 11:03:03 /image/logo/logo1x1.png ............................................... ~ 0s
  2026-10-08 11:03:03 /vendor/livewire/livewire.js?id=e949cd11 .............................. ~ 0s
  2026-10-08 11:03:04 /image/logo/logo1x1.png ............................................... ~ 0s
  2026-10-08 11:03:04 /vendor/livewire/livewire.js?id=e949cd11 .............................. ~ 0s
  2026-10-08 11:03:04 ....................................................................... ~ 0s
  2026-10-08 11:03:04 ....................................................................... ~ 0s
  2026-10-08 11:03:04 ....................................................................... ~ 1s
  2026-10-08 11:03:04 ....................................................................... ~ 1s
  2026-10-08 11:03:06 ....................................................................... ~ 0s
  2026-10-08 11:03:06 ....................................................................... ~ 0s
  2026-10-08 11:03:06 ....................................................................... ~ 0s
  2026-10-08 11:03:06 ....................................................................... ~ 1s
  2026-10-08 11:03:06 /favicon.svg .......................................................... ~ 1s
  2026-10-08 11:03:07 /favicon.svg .......................................................... ~ 0s
  2026-10-08 11:03:07 ....................................................................... ~ 4s
  2026-10-08 11:03:07 ....................................................................... ~ 4s
  2026-10-08 11:03:11 /image/logo/logo1x1.png ............................................... ~ 0s
  2026-10-08 11:03:11 /vendor/livewire/livewire.js?id=e949cd11 .............................. ~ 0s
  2026-10-08 11:03:11 ....................................................................... ~ 1s
  2026-10-08 11:03:12 /image/logo/logo1x1.png ............................................... ~ 0s
  2026-10-08 11:03:12 /vendor/livewire/livewire.js?id=e949cd11 .............................. ~ 0s
  2026-10-08 11:03:12 ....................................................................... ~ 1s
  2026-10-08 11:03:13 ....................................................................... ~ 1s
  2026-10-08 11:03:14 ....................................................................... ~ 0s
  2026-10-08 11:03:14 ....................................................................... ~ 0s
  2026-10-08 11:03:14 ....................................................................... ~ 1s
  2026-10-08 11:03:15 ....................................................................... ~ 0s
  2026-10-08 11:03:15 ....................................................................... ~ 0s
  2026-10-08 11:03:14 /favicon.svg .......................................................... ~ 1s
  2026-10-08 11:03:15 /favicon.svg .......................................................... ~ 0s
  2026-10-08 11:03:15 ....................................................................... ~ 2s
  2026-10-08 11:03:17 ....................................................................... ~ 0s
  2026-10-08 11:03:17 /image/logo/logo1x1.png ............................................... ~ 1s
  2026-10-08 11:03:17 ....................................................................... ~ 1s
  2026-10-08 11:03:18 /vendor/livewire/livewire.js?id=e949cd11 .............................. ~ 0s
  2026-10-08 11:03:18 /image/logo/logo1x1.png ............................................... ~ 0s
  2026-10-08 11:03:18 /vendor/livewire/livewire.js?id=e949cd11 .............................. ~ 0s
  2026-10-08 11:03:18 ....................................................................... ~ 1s
  2026-10-08 11:03:19 ....................................................................... ~ 1s
  2026-10-08 11:03:20 ....................................................................... ~ 0s
  2026-10-08 11:03:20 ....................................................................... ~ 1s
  2026-10-08 11:03:21 ....................................................................... ~ 0s
  2026-10-08 11:03:21 ....................................................................... ~ 0s
  2026-10-08 11:03:21 /favicon.svg .......................................................... ~ 0s
  2026-10-08 11:03:21 ....................................................................... ~ 0s
  2026-10-08 11:03:21 /favicon.svg .......................................................... ~ 0s
  2026-10-08 11:03:21 ....................................................................... ~ 3s
  2026-10-08 11:03:21 ....................................................................... ~ 3s
  2026-10-08 11:03:24 /image/logo/logo1x1.png ............................................... ~ 0s
  2026-10-08 11:03:25 /vendor/livewire/livewire.js?id=e949cd11 .............................. ~ 0s
  2026-10-08 11:03:25 ....................................................................... ~ 0s
  2026-10-08 11:03:25 /image/logo/logo1x1.png ............................................... ~ 0s
  2026-10-08 11:03:25 /vendor/livewire/livewire.js?id=e949cd11 .............................. ~ 0s
  2026-10-08 11:03:25 ....................................................................... ~ 0s
  2026-10-08 11:03:25 ....................................................................... ~ 3s
  2026-10-08 11:03:28 ....................................................................... ~ 0s
  2026-10-08 11:03:28 ....................................................................... ~ 0s
  2026-10-08 11:03:28 ....................................................................... ~ 0s
  2026-10-08 11:03:28 ....................................................................... ~ 0s
  2026-10-08 11:03:28 ....................................................................... ~ 1s
  2026-10-08 11:03:29 ....................................................................... ~ 0s
  2026-10-08 11:03:28 /favicon.svg .......................................................... ~ 1s
  2026-10-08 11:03:29 /favicon.svg .......................................................... ~ 0s
  2026-10-08 11:03:31 ....................................................................... ~ 0s
  2026-10-08 11:03:29 ....................................................................... ~ 3s
  2026-10-08 11:03:31 /image/logo/logo1x1.png ............................................... ~ 1s
  2026-10-08 11:03:32 /vendor/livewire/livewire.js?id=e949cd11 .............................. ~ 0s
  2026-10-08 11:03:32 /image/logo/logo1x1.png ............................................... ~ 0s
  2026-10-08 11:03:32 /vendor/livewire/livewire.js?id=e949cd11 .............................. ~ 0s
  2026-10-08 11:03:32 ....................................................................... ~ 0s
  2026-10-08 11:03:33 ....................................................................... ~ 0s
  2026-10-08 11:03:32 ....................................................................... ~ 2s
  2026-10-08 11:03:34 ....................................................................... ~ 1s
  2026-10-08 11:03:33 ....................................................................... ~ 2s
  2026-10-08 11:03:34 ....................................................................... ~ 1s
  2026-10-08 11:03:35 /favicon.svg .......................................................... ~ 0s
  2026-10-08 11:03:35 ....................................................................... ~ 0s
  2026-10-08 11:03:35 ....................................................................... ~ 0s
  2026-10-08 11:03:35 /favicon.svg .......................................................... ~ 0s
  2026-10-08 11:03:58 ....................................................................... ~ 0s
  2026-10-08 11:04:06 ....................................................................... ~ 0s
  2026-10-08 11:04:28 ....................................................................... ~ 0s
  2026-10-08 11:04:06 ...................................................................... ~ 30s
  2026-10-08 11:04:58 ....................................................................... ~ 0s
  2026-10-08 11:05:06 ....................................................................... ~ 0s
  2026-10-08 11:05:28 ....................................................................... ~ 0s
  2026-10-08 11:05:06 ...................................................................... ~ 30s
  2026-10-08 11:05:58 ....................................................................... ~ 0s
  2026-10-08 11:06:06 ....................................................................... ~ 0s
  2026-10-08 11:06:28 ....................................................................... ~ 0s
  2026-10-08 11:06:06 ...................................................................... ~ 30s
  2026-10-08 11:06:58 ....................................................................... ~ 1s
  2026-10-08 11:07:29 ....................................................................... ~ 0s
  2026-10-08 11:07:59 ....................................................................... ~ 0s
  2026-10-08 11:08:18 ....................................................................... ~ 0s
  2026-10-08 11:08:18 ....................................................................... ~ 0s
  2026-10-08 11:08:29 ....................................................................... ~ 0s
  2026-10-08 11:08:18 ...................................................................... ~ 16s
  2026-10-08 11:08:35 ....................................................................... ~ 0s
  2026-10-08 11:08:35 /image/logo/logo1x1.png ............................................... ~ 0s
  2026-10-08 11:08:35 /vendor/livewire/livewire.js?id=e949cd11 .............................. ~ 0s
  2026-10-08 11:08:35 ....................................................................... ~ 0s
  2026-10-08 11:08:35 ....................................................................... ~ 0s
  2026-10-08 11:08:35 ....................................................................... ~ 1s
  2026-10-08 11:08:36 ....................................................................... ~ 0s
  2026-10-08 11:08:36 /favicon.svg .......................................................... ~ 0s
  2026-10-08 11:08:36 ....................................................................... ~ 1s
  2026-10-08 11:08:59 ....................................................................... ~ 0s
  2026-10-08 11:09:06 ....................................................................... ~ 0s
  2026-10-08 11:09:29 ....................................................................... ~ 0s
  2026-10-08 11:09:06 ...................................................................... ~ 30s
  2026-10-08 11:09:43 ....................................................................... ~ 0s
  2026-10-08 11:09:43 ....................................................................... ~ 1s
  2026-10-08 11:09:44 ....................................................................... ~ 0s
  2026-10-08 11:09:44 /image/logo/logo1x1.png ............................................... ~ 0s
  2026-10-08 11:09:44 /vendor/livewire/livewire.js?id=e949cd11 .............................. ~ 0s
  2026-10-08 11:09:43 /image/logo/logo1x1.png ............................................... ~ 1s
  2026-10-08 11:09:44 /vendor/livewire/livewire.js?id=e949cd11 .............................. ~ 0s
  2026-10-08 11:09:45 ....................................................................... ~ 0s
  2026-10-08 11:09:47 ....................................................................... ~ 1s
  2026-10-08 11:09:48 ....................................................................... ~ 0s
  2026-10-08 11:09:48 ....................................................................... ~ 0s
  2026-10-08 11:09:48 ....................................................................... ~ 0s
  2026-10-08 11:09:48 ....................................................................... ~ 0s
  2026-10-08 11:09:48 ....................................................................... ~ 0s
  2026-10-08 11:09:48 /favicon.svg .......................................................... ~ 0s
  2026-10-08 11:09:48 /favicon.svg .......................................................... ~ 0s
  2026-10-08 11:09:48 ....................................................................... ~ 4s
  2026-10-08 11:09:48 ....................................................................... ~ 5s
  2026-10-08 11:09:53 ....................................................................... ~ 0s
  2026-10-08 11:09:53 /image/logo/logo1x1.png ............................................... ~ 0s
  2026-10-08 11:09:53 /vendor/livewire/livewire.js?id=e949cd11 .............................. ~ 0s
  2026-10-08 11:09:53 /image/logo/logo1x1.png ............................................... ~ 0s
  2026-10-08 11:09:53 /vendor/livewire/livewire.js?id=e949cd11 .............................. ~ 0s
  2026-10-08 11:09:54 ....................................................................... ~ 0s
  2026-10-08 11:09:53 ....................................................................... ~ 2s
  2026-10-08 11:09:55 ....................................................................... ~ 0s
  2026-10-08 11:09:55 ....................................................................... ~ 1s
  2026-10-08 11:09:55 /favicon.svg .......................................................... ~ 1s
  2026-10-08 11:09:56 ....................................................................... ~ 0s
  2026-10-08 11:09:56 ....................................................................... ~ 0s
  2026-10-08 11:09:56 ....................................................................... ~ 0s
  2026-10-08 11:09:56 /favicon.svg .......................................................... ~ 0s
  2026-10-08 11:09:56 ....................................................................... ~ 3s
  2026-10-08 11:09:59 ....................................................................... ~ 1s
  2026-10-08 11:10:00 ....................................................................... ~ 0s
  2026-10-08 11:09:59 /image/logo/logo1x1.png ............................................... ~ 1s
  2026-10-08 11:10:00 ....................................................................... ~ 0s
  2026-10-08 11:10:00 /vendor/livewire/livewire.js?id=e949cd11 .............................. ~ 0s
  2026-10-08 11:10:00 ....................................................................... ~ 1s
  2026-10-08 11:10:03 /favicon.ico .......................................................... ~ 0s
  2026-10-08 11:10:04 ....................................................................... ~ 0s
  2026-10-08 11:10:04 ....................................................................... ~ 0s
  2026-10-08 11:10:04 ....................................................................... ~ 0s
  2026-10-08 11:10:04 /favicon.svg .......................................................... ~ 0s
  2026-10-08 11:10:04 ....................................................................... ~ 2s
  2026-10-08 11:10:03 ....................................................................... ~ 4s
  2026-10-08 11:10:06 /image/logo/logo1x1.png ............................................... ~ 1s
  2026-10-08 11:10:07 /vendor/livewire/livewire.js?id=e949cd11 .............................. ~ 0s
  2026-10-08 11:10:08 ....................................................................... ~ 1s
  2026-10-08 11:10:09 ....................................................................... ~ 0s
  2026-10-08 11:10:09 /favicon.ico .......................................................... ~ 1s
  2026-10-08 11:10:11 ....................................................................... ~ 0s
  2026-10-08 11:10:11 ....................................................................... ~ 0s
  2026-10-08 11:10:11 ....................................................................... ~ 0s
  2026-10-08 11:10:11 /favicon.svg .......................................................... ~ 0s
  2026-10-08 11:10:11 ....................................................................... ~ 6s
  2026-10-08 11:10:17 ....................................................................... ~ 2s
  2026-10-08 11:10:19 ....................................................................... ~ 1s
  2026-10-08 11:10:17 /image/logo/logo1x1.png ............................................... ~ 3s
  2026-10-08 11:10:19 /vendor/livewire/livewire.js?id=e949cd11 .............................. ~ 1s
  2026-10-08 11:10:19 ....................................................................... ~ 1s
  2026-10-08 11:10:22 ....................................................................... ~ 0s
  2026-10-08 11:10:22 ....................................................................... ~ 0s
  2026-10-08 11:10:22 ....................................................................... ~ 0s
  2026-10-08 11:10:22 /favicon.svg .......................................................... ~ 0s
  2026-10-08 11:10:22 /favicon.ico .......................................................... ~ 0s
  2026-10-08 11:10:30 ....................................................................... ~ 0s
  2026-10-08 11:10:23 ...................................................................... ~ 16s
  2026-10-08 11:10:22 ...................................................................... ~ 18s
  2026-10-08 11:10:40 ....................................................................... ~ 0s
  2026-10-08 11:10:40 /image/logo/logo1x1.png ............................................... ~ 0s
  2026-10-08 11:10:40 /vendor/livewire/livewire.js?id=e949cd11 .............................. ~ 0s
  2026-10-08 11:10:39 /image/logo/logo1x1.png ............................................... ~ 1s
  2026-10-08 11:10:40 /vendor/livewire/livewire.js?id=e949cd11 .............................. ~ 0s
  2026-10-08 11:10:41 ....................................................................... ~ 0s
  2026-10-08 11:10:40 ....................................................................... ~ 2s
  2026-10-08 11:10:42 ....................................................................... ~ 0s
  2026-10-08 11:10:42 ....................................................................... ~ 1s
  2026-10-08 11:10:41 ....................................................................... ~ 2s
  2026-10-08 11:10:42 /favicon.svg .......................................................... ~ 1s
  2026-10-08 11:10:43 ....................................................................... ~ 0s
  2026-10-08 11:10:43 ....................................................................... ~ 1s
  2026-10-08 11:10:43 /favicon.svg .......................................................... ~ 1s
  2026-10-08 11:11:00 ....................................................................... ~ 0s
  2026-10-08 11:10:43 ...................................................................... ~ 29s
  2026-10-08 11:11:30 ....................................................................... ~ 0s
  2026-10-08 11:11:30 ....................................................................... ~ 1s
  2026-10-08 11:11:31 ....................................................................... ~ 5s
  2026-10-08 11:11:39 ....................................................................... ~ 0s
  2026-10-08 11:11:39 ....................................................................... ~ 3s
  2026-10-08 11:11:45 ....................................................................... ~ 0s
  2026-10-08 11:11:45 ....................................................................... ~ 2s
  2026-10-08 11:12:00 ....................................................................... ~ 0s
  2026-10-08 11:10:44 ...................................................................... ~ 80s
  2026-10-08 11:12:12 ....................................................................... ~ 0s
  2026-10-08 11:12:12 ....................................................................... ~ 0s
  2026-10-08 11:12:12 ...................................................................... ~ 10s
  2026-10-08 11:12:26 ....................................................................... ~ 0s
  2026-10-08 11:12:26 ....................................................................... ~ 3s
  2026-10-08 11:12:30 ....................................................................... ~ 0s
  2026-10-08 11:12:42 ....................................................................... ~ 0s
  2026-10-08 11:12:13 ...................................................................... ~ 29s
  2026-10-08 11:13:00 ....................................................................... ~ 0s
  2026-10-08 11:12:42 ...................................................................... ~ 30s
  2026-10-08 11:13:12 ....................................................................... ~ 1s
  2026-10-08 11:13:30 ....................................................................... ~ 1s
  2026-10-08 11:13:42 ....................................................................... ~ 0s
  2026-10-08 11:13:13 ...................................................................... ~ 29s
  2026-10-08 11:13:42 ...................................................................... ~ 16s
  2026-10-08 11:14:01 ....................................................................... ~ 0s
  2026-10-08 11:14:02 ....................................................................... ~ 0s
  2026-10-08 11:14:03 ....................................................................... ~ 9s
  2026-10-08 11:14:12 ....................................................................... ~ 1s
  2026-10-08 11:14:31 ....................................................................... ~ 0s
  2026-10-08 11:14:42 ....................................................................... ~ 0s
  2026-10-08 11:14:13 ...................................................................... ~ 29s
  2026-10-08 11:14:42 ....................................................................... ~ 5s
  2026-10-08 11:14:47 ....................................................................... ~ 1s
  2026-10-08 11:14:48 ....................................................................... ~ 1s
  2026-10-08 11:14:48 /image/logo/logo1x1.png ............................................... ~ 1s
  2026-10-08 11:14:48 /vendor/livewire/livewire.js?id=e949cd11 .............................. ~ 1s
  2026-10-08 11:14:48 /image/logo/logo1x1.png ............................................... ~ 1s
  2026-10-08 11:14:48 /vendor/livewire/livewire.js?id=e949cd11 .............................. ~ 1s
  2026-10-08 11:14:51 ....................................................................... ~ 0s
  2026-10-08 11:14:51 ....................................................................... ~ 0s
  2026-10-08 11:14:51 ....................................................................... ~ 0s
  2026-10-08 11:14:51 /favicon.svg .......................................................... ~ 0s
  2026-10-08 11:14:51 ....................................................................... ~ 0s
  2026-10-08 11:14:51 ....................................................................... ~ 0s
  2026-10-08 11:14:51 /favicon.svg .......................................................... ~ 0s
  2026-10-08 11:15:01 ....................................................................... ~ 0s
  2026-10-08 11:14:51 ...................................................................... ~ 22s
  2026-10-08 11:15:13 /image/logo/logo1x1.png ............................................... ~ 0s
  2026-10-08 11:15:13 /vendor/livewire/livewire.js?id=e949cd11 .............................. ~ 0s
  2026-10-08 11:15:13 ....................................................................... ~ 0s
  2026-10-08 11:15:13 ....................................................................... ~ 1s
  2026-10-08 11:15:14 ....................................................................... ~ 0s
  2026-10-08 11:15:14 ....................................................................... ~ 1s
  2026-10-08 11:15:15 ....................................................................... ~ 0s
  2026-10-08 11:15:15 /favicon.svg .......................................................... ~ 0s
  2026-10-08 11:15:16 ....................................................................... ~ 0s
  2026-10-08 11:14:51 ...................................................................... ~ 29s
  2026-10-08 11:15:16 ...................................................................... ~ 11s
  2026-10-08 11:15:27 ....................................................................... ~ 1s
  2026-10-08 11:15:28 ....................................................................... ~ 0s
  2026-10-08 11:15:28 /image/logo/logo1x1.png ............................................... ~ 0s
  2026-10-08 11:15:28 /vendor/livewire/livewire.js?id=e949cd11 .............................. ~ 0s
  2026-10-08 11:15:28 /image/logo/logo1x1.png ............................................... ~ 0s
  2026-10-08 11:15:28 /vendor/livewire/livewire.js?id=e949cd11 .............................. ~ 0s
  2026-10-08 11:15:28 ....................................................................... ~ 2s
  2026-10-08 11:15:30 ....................................................................... ~ 0s
  2026-10-08 11:15:30 ....................................................................... ~ 1s
  2026-10-08 11:15:31 ....................................................................... ~ 0s
  2026-10-08 11:15:30 /favicon.svg .......................................................... ~ 1s
  2026-10-08 11:15:31 ....................................................................... ~ 0s
  2026-10-08 11:15:31 ....................................................................... ~ 0s
  2026-10-08 11:15:31 /favicon.svg .......................................................... ~ 0s
  2026-10-08 11:15:31 ....................................................................... ~ 3s
  2026-10-08 11:15:35 /image/logo/logo1x1.png ............................................... ~ 0s
  2026-10-08 11:15:35 /vendor/livewire/livewire.js?id=e949cd11 .............................. ~ 0s
  2026-10-08 11:15:35 ....................................................................... ~ 0s
  2026-10-08 11:15:35 ....................................................................... ~ 1s
  2026-10-08 11:15:36 ....................................................................... ~ 0s
  2026-10-08 11:15:36 ....................................................................... ~ 0s
  2026-10-08 11:15:36 /favicon.svg .......................................................... ~ 0s
  2026-10-08 11:15:37 ....................................................................... ~ 0s
  2026-10-08 11:15:37 ....................................................................... ~ 3s
  2026-10-08 11:15:31 ....................................................................... ~ 9s
  2026-10-08 11:15:40 ....................................................................... ~ 1s
  2026-10-08 11:15:40 /image/logo/logo1x1.png ............................................... ~ 1s
  2026-10-08 11:15:41 /vendor/livewire/livewire.js?id=e949cd11 .............................. ~ 0s
  2026-10-08 11:15:41 /image/logo/logo1x1.png ............................................... ~ 0s
  2026-10-08 11:15:41 /vendor/livewire/livewire.js?id=e949cd11 .............................. ~ 0s
  2026-10-08 11:15:41 ....................................................................... ~ 0s
  2026-10-08 11:15:43 ....................................................................... ~ 0s
  2026-10-08 11:15:43 ....................................................................... ~ 0s
  2026-10-08 11:15:43 /favicon.svg .......................................................... ~ 0s
  2026-10-08 11:15:43 ....................................................................... ~ 1s
  2026-10-08 11:15:41 ....................................................................... ~ 4s
  2026-10-08 11:15:45 ....................................................................... ~ 0s
  2026-10-08 11:15:45 ....................................................................... ~ 0s
  2026-10-08 11:15:45 ....................................................................... ~ 0s
  2026-10-08 11:15:44 /image/logo/logo1x1.png ............................................... ~ 1s
  2026-10-08 11:15:45 /favicon.svg .......................................................... ~ 0s
  2026-10-08 11:15:45 /vendor/livewire/livewire.js?id=e949cd11 .............................. ~ 0s
  2026-10-08 11:15:45 /image/logo/logo1x1.png ............................................... ~ 0s
  2026-10-08 11:15:45 /vendor/livewire/livewire.js?id=e949cd11 .............................. ~ 0s
  2026-10-08 11:15:45 ....................................................................... ~ 0s
  2026-10-08 11:15:47 ....................................................................... ~ 0s
  2026-10-08 11:15:47 ....................................................................... ~ 0s
  2026-10-08 11:15:47 /favicon.svg .......................................................... ~ 0s
  2026-10-08 11:15:46 ....................................................................... ~ 1s
  2026-10-08 11:15:48 ....................................................................... ~ 0s
  2026-10-08 11:15:48 ....................................................................... ~ 0s
  2026-10-08 11:15:48 /favicon.svg .......................................................... ~ 0s
  2026-10-08 11:16:01 ....................................................................... ~ 0s
  2026-10-08 11:15:48 ...................................................................... ~ 25s
  2026-10-08 11:16:13 /image/logo/logo1x1.png ............................................... ~ 0s
  2026-10-08 11:16:13 /vendor/livewire/livewire.js?id=e949cd11 .............................. ~ 0s
  2026-10-08 11:16:13 ....................................................................... ~ 0s
  2026-10-08 11:16:13 ....................................................................... ~ 2s
  2026-10-08 11:16:15 ....................................................................... ~ 0s
  2026-10-08 11:16:15 ....................................................................... ~ 0s
  2026-10-08 11:16:15 /favicon.svg .......................................................... ~ 0s
  2026-10-08 11:15:47 ...................................................................... ~ 29s
  2026-10-08 11:16:28 ....................................................................... ~ 1s
  2026-10-08 11:16:31 ....................................................................... ~ 0s
  2026-10-08 11:16:29 ...................................................................... ~ 15s
  2026-10-08 11:16:46 ....................................................................... ~ 0s
  2026-10-08 11:16:46 ....................................................................... ~ 1s
  2026-10-08 11:16:47 ...................................................................... ~ 10s
  2026-10-08 11:17:01 ....................................................................... ~ 0s
  2026-10-08 11:17:12 ....................................................................... ~ 0s
  2026-10-08 11:17:12 ....................................................................... ~ 2s
  2026-10-08 11:16:47 ...................................................................... ~ 29s
  2026-10-08 11:17:31 ....................................................................... ~ 0s
  2026-10-08 11:17:45 ....................................................................... ~ 0s
  2026-10-08 11:17:46 ....................................................................... ~ 0s
  2026-10-08 11:18:01 ....................................................................... ~ 0s
  2026-10-08 11:17:45 ...................................................................... ~ 26s
  2026-10-08 11:18:15 ....................................................................... ~ 0s
  2026-10-08 11:17:47 ...................................................................... ~ 29s
  2026-10-08 11:18:15 ...................................................................... ~ 10s
  2026-10-08 11:18:31 ....................................................................... ~ 0s
  2026-10-08 11:18:45 ....................................................................... ~ 0s
  2026-10-08 11:18:46 ....................................................................... ~ 0s
  2026-10-08 11:19:01 ....................................................................... ~ 1s
  2026-10-08 11:18:45 ...................................................................... ~ 29s
  2026-10-08 11:18:47 ...................................................................... ~ 29s
  2026-10-08 11:19:32 ....................................................................... ~ 0s
  2026-10-08 11:19:45 ....................................................................... ~ 0s
  2026-10-08 11:19:46 ....................................................................... ~ 1s
  2026-10-08 11:20:02 ....................................................................... ~ 0s
  2026-10-08 11:19:45 ...................................................................... ~ 29s
  2026-10-08 11:19:47 ...................................................................... ~ 29s
  2026-10-08 11:20:32 ....................................................................... ~ 0s
  2026-10-08 11:20:45 ....................................................................... ~ 0s
  2026-10-08 11:20:46 ....................................................................... ~ 0s
  2026-10-08 11:21:02 ....................................................................... ~ 0s
  2026-10-08 11:20:45 ...................................................................... ~ 29s
  2026-10-08 11:21:32 ....................................................................... ~ 0s
  2026-10-08 11:21:45 ....................................................................... ~ 0s
  2026-10-08 11:20:47 ...................................................................... ~ 59s
  2026-10-08 11:22:02 ....................................................................... ~ 0s
  2026-10-08 11:21:45 ...................................................................... ~ 29s
  2026-10-08 11:22:16 ....................................................................... ~ 0s
  2026-10-08 11:22:32 ....................................................................... ~ 0s
  2026-10-08 11:22:45 ....................................................................... ~ 0s
  2026-10-08 11:22:17 ...................................................................... ~ 29s
  2026-10-08 11:23:02 ....................................................................... ~ 0s
  2026-10-08 11:22:45 ...................................................................... ~ 29s
  2026-10-08 11:23:16 ....................................................................... ~ 0s
  2026-10-08 11:23:32 ....................................................................... ~ 0s
  2026-10-08 11:23:45 ....................................................................... ~ 0s
  2026-10-08 11:23:17 ...................................................................... ~ 29s
  2026-10-08 11:24:02 ....................................................................... ~ 0s
  2026-10-08 11:23:45 ...................................................................... ~ 27s
  2026-10-08 11:24:12 ....................................................................... ~ 1s
  2026-10-08 11:24:13 /image/logo/logo1x1.png ............................................... ~ 0s
  2026-10-08 11:24:13 /vendor/livewire/livewire.js?id=e949cd11 .............................. ~ 0s
  2026-10-08 11:24:13 /image/logo/logo1x1.png ............................................... ~ 0s
  2026-10-08 11:24:13 /vendor/livewire/livewire.js?id=e949cd11 .............................. ~ 0s
  2026-10-08 11:24:13 ....................................................................... ~ 2s
  2026-10-08 11:24:17 ....................................................................... ~ 0s
  2026-10-08 11:24:17 ....................................................................... ~ 1s
  2026-10-08 11:24:18 ....................................................................... ~ 0s
  2026-10-08 11:24:17 /favicon.svg .......................................................... ~ 1s
  2026-10-08 11:24:18 ....................................................................... ~ 0s
  2026-10-08 11:24:18 ....................................................................... ~ 0s
  2026-10-08 11:24:18 /favicon.svg .......................................................... ~ 0s
  2026-10-08 11:24:32 ....................................................................... ~ 0s
  2026-10-08 11:24:18 ...................................................................... ~ 29s
  2026-10-08 11:24:18 ...................................................................... ~ 29s
  2026-10-08 11:24:51 ....................................................................... ~ 0s
  2026-10-08 11:24:51 ....................................................................... ~ 1s
  2026-10-08 11:24:51 /image/logo/logo1x1.png ............................................... ~ 1s
  2026-10-08 11:24:52 /vendor/livewire/livewire.js?id=e949cd11 .............................. ~ 0s
  2026-10-08 11:24:52 /image/logo/logo1x1.png ............................................... ~ 0s
  2026-10-08 11:24:52 /vendor/livewire/livewire.js?id=e949cd11 .............................. ~ 0s
  2026-10-08 11:24:53 ....................................................................... ~ 0s
  2026-10-08 11:24:54 ....................................................................... ~ 1s
  2026-10-08 11:24:54 ....................................................................... ~ 1s
  2026-10-08 11:24:55 ....................................................................... ~ 0s
  2026-10-08 11:24:55 ....................................................................... ~ 0s
  2026-10-08 11:24:55 /favicon.svg .......................................................... ~ 0s
  2026-10-08 11:24:55 ....................................................................... ~ 0s
  2026-10-08 11:24:55 /favicon.svg .......................................................... ~ 0s
  2026-10-08 11:24:55 ....................................................................... ~ 5s
  2026-10-08 11:25:00 ....................................................................... ~ 1s
  2026-10-08 11:25:00 /image/logo/logo1x1.png ............................................... ~ 1s
  2026-10-08 11:25:01 /image/logo/logo1x1.png ............................................... ~ 0s
  2026-10-08 11:25:01 /vendor/livewire/livewire.js?id=e949cd11 .............................. ~ 0s
  2026-10-08 11:25:01 /vendor/livewire/livewire.js?id=e949cd11 .............................. ~ 0s
  2026-10-08 11:25:02 ....................................................................... ~ 0s
  2026-10-08 11:25:02 ....................................................................... ~ 1s
  2026-10-08 11:25:03 ....................................................................... ~ 0s
  2026-10-08 11:25:03 ....................................................................... ~ 0s
  2026-10-08 11:25:02 ....................................................................... ~ 1s
  2026-10-08 11:25:03 /favicon.svg .......................................................... ~ 0s
  2026-10-08 11:25:04 ....................................................................... ~ 0s
  2026-10-08 11:25:04 /favicon.svg .......................................................... ~ 0s
  2026-10-08 11:25:04 ....................................................................... ~ 0s
  2026-10-08 11:25:03 ...................................................................... ~ 11s
  2026-10-08 11:25:15 ....................................................................... ~ 0s
  2026-10-08 11:25:15 ....................................................................... ~ 2s
  2026-10-08 11:25:15 /image/logo/logo1x1.png ............................................... ~ 2s
  2026-10-08 11:25:17 ....................................................................... ~ 0s
  2026-10-08 11:25:17 /image/logo/logo1x1.png ............................................... ~ 0s
  2026-10-08 11:25:17 /vendor/livewire/livewire.js?id=e949cd11 .............................. ~ 0s
  2026-10-08 11:25:17 /vendor/livewire/livewire.js?id=e949cd11 .............................. ~ 0s
  2026-10-08 11:25:18 ....................................................................... ~ 0s
  2026-10-08 11:25:18 ....................................................................... ~ 0s
  2026-10-08 11:25:18 ....................................................................... ~ 0s
  2026-10-08 11:25:18 ....................................................................... ~ 0s
  2026-10-08 11:25:18 ....................................................................... ~ 0s
  2026-10-08 11:25:18 /favicon.svg .......................................................... ~ 0s
  2026-10-08 11:25:18 /favicon.svg .......................................................... ~ 0s
  2026-10-08 11:25:33 ....................................................................... ~ 0s
  2026-10-08 11:25:18 ...................................................................... ~ 27s
  2026-10-08 11:25:18 ...................................................................... ~ 28s
  2026-10-08 11:25:45 /image/logo/logo1x1.png ............................................... ~ 1s
  2026-10-08 11:25:46 /vendor/livewire/livewire.js?id=e949cd11 .............................. ~ 0s
  2026-10-08 11:25:46 /image/logo/logo1x1.png ............................................... ~ 0s
  2026-10-08 11:25:46 /vendor/livewire/livewire.js?id=e949cd11 .............................. ~ 0s
  2026-10-08 11:25:46 ....................................................................... ~ 0s
  2026-10-08 11:25:47 ....................................................................... ~ 0s
  2026-10-08 11:25:47 ....................................................................... ~ 0s
  2026-10-08 11:25:46 ....................................................................... ~ 1s
  2026-10-08 11:25:47 /favicon.svg .......................................................... ~ 0s
  2026-10-08 11:25:48 ....................................................................... ~ 0s
  2026-10-08 11:25:48 ....................................................................... ~ 0s
  2026-10-08 11:25:48 /favicon.svg .......................................................... ~ 0s
  2026-10-08 11:26:03 ....................................................................... ~ 0s
  2026-10-08 11:25:47 ...................................................................... ~ 21s
  2026-10-08 11:26:08 ....................................................................... ~ 0s
  2026-10-08 11:26:08 /image/logo/logo1x1.png ............................................... ~ 0s
  2026-10-08 11:26:08 /image/logo/logo1x1.png ............................................... ~ 0s
  2026-10-08 11:26:08 /vendor/livewire/livewire.js?id=e949cd11 .............................. ~ 0s
  2026-10-08 11:26:09 /vendor/livewire/livewire.js?id=e949cd11 .............................. ~ 0s
  2026-10-08 11:26:09 ....................................................................... ~ 0s
  2026-10-08 11:26:10 ....................................................................... ~ 0s
  2026-10-08 11:26:10 ....................................................................... ~ 0s
  2026-10-08 11:26:10 /favicon.svg .......................................................... ~ 0s
  2026-10-08 11:26:09 ....................................................................... ~ 1s
  2026-10-08 11:26:10 ....................................................................... ~ 0s
  2026-10-08 11:26:10 ....................................................................... ~ 0s
  2026-10-08 11:26:10 /favicon.svg .......................................................... ~ 0s
  2026-10-08 11:26:10 ...................................................................... ~ 12s
  2026-10-08 11:26:22 ....................................................................... ~ 1s
  2026-10-08 11:26:22 /image/logo/logo1x1.png ............................................... ~ 1s
  2026-10-08 11:26:23 /vendor/livewire/livewire.js?id=e949cd11 .............................. ~ 0s
  2026-10-08 11:26:23 /image/logo/logo1x1.png ............................................... ~ 0s
  2026-10-08 11:26:23 /vendor/livewire/livewire.js?id=e949cd11 .............................. ~ 0s
  2026-10-08 11:26:24 ....................................................................... ~ 1s
  2026-10-08 11:26:25 ....................................................................... ~ 0s
  2026-10-08 11:26:25 ....................................................................... ~ 0s
  2026-10-08 11:26:25 ....................................................................... ~ 1s
  2026-10-08 11:26:25 /favicon.svg .......................................................... ~ 1s
  2026-10-08 11:26:26 ....................................................................... ~ 0s
  2026-10-08 11:26:26 /favicon.svg .......................................................... ~ 0s
  2026-10-08 11:26:26 ....................................................................... ~ 0s
  2026-10-08 11:26:26 ....................................................................... ~ 6s
  2026-10-08 11:26:32 ....................................................................... ~ 0s
  2026-10-08 11:26:32 /image/logo/logo1x1.png ............................................... ~ 0s
  2026-10-08 11:26:32 /vendor/livewire/livewire.js?id=e949cd11 .............................. ~ 0s
  2026-10-08 11:26:32 /image/logo/logo1x1.png ............................................... ~ 0s
  2026-10-08 11:26:33 ....................................................................... ~ 0s
  2026-10-08 11:26:33 ....................................................................... ~ 0s
  2026-10-08 11:26:33 /vendor/livewire/livewire.js?id=e949cd11 .............................. ~ 0s
  2026-10-08 11:26:35 ....................................................................... ~ 0s
  2026-10-08 11:26:35 ....................................................................... ~ 0s
  2026-10-08 11:26:35 /favicon.svg .......................................................... ~ 0s
  2026-10-08 11:26:35 ....................................................................... ~ 0s
  2026-10-08 11:26:35 ....................................................................... ~ 0s
  2026-10-08 11:26:35 ....................................................................... ~ 0s
  2026-10-08 11:26:35 /favicon.svg .......................................................... ~ 0s
  2026-10-08 11:26:35 ....................................................................... ~ 8s
  2026-10-08 11:26:35 ....................................................................... ~ 9s
  2026-10-08 11:26:43 /image/logo/logo1x1.png ............................................... ~ 1s
  2026-10-08 11:26:44 /vendor/livewire/livewire.js?id=e949cd11 .............................. ~ 0s
  2026-10-08 11:26:44 /image/logo/logo1x1.png ............................................... ~ 0s
  2026-10-08 11:26:44 /vendor/livewire/livewire.js?id=e949cd11 .............................. ~ 0s
  2026-10-08 11:26:44 ....................................................................... ~ 0s
  2026-10-08 11:26:47 ....................................................................... ~ 0s
  2026-10-08 11:26:47 ....................................................................... ~ 0s
  2026-10-08 11:26:47 /favicon.svg .......................................................... ~ 0s
  2026-10-08 11:26:44 ....................................................................... ~ 4s
  2026-10-08 11:26:48 ....................................................................... ~ 0s
  2026-10-08 11:26:48 ....................................................................... ~ 0s
  2026-10-08 11:26:48 /favicon.svg .......................................................... ~ 0s
  2026-10-08 11:27:03 ....................................................................... ~ 0s
  2026-10-08 11:26:47 ...................................................................... ~ 29s
  2026-10-08 11:27:17 ....................................................................... ~ 0s
  2026-10-08 11:27:33 ....................................................................... ~ 0s
  2026-10-08 11:27:46 ....................................................................... ~ 0s
  2026-10-08 11:27:18 ...................................................................... ~ 29s
  2026-10-08 11:28:03 ....................................................................... ~ 0s
  2026-10-08 11:28:12 ....................................................................... ~ 0s
  2026-10-08 11:28:12 /image/logo/logo1x1.png ............................................... ~ 0s
  2026-10-08 11:28:12 /vendor/livewire/livewire.js?id=e949cd11 .............................. ~ 0s
  2026-10-08 11:28:13 ....................................................................... ~ 0s
  2026-10-08 11:28:13 ....................................................................... ~ 0s
  2026-10-08 11:28:15 ....................................................................... ~ 1s
  2026-10-08 11:28:16 ....................................................................... ~ 0s
  2026-10-08 11:28:16 ....................................................................... ~ 0s
  2026-10-08 11:28:16 /favicon.svg .......................................................... ~ 0s
  2026-10-08 11:27:46 ...................................................................... ~ 30s
  2026-10-08 11:28:16 ....................................................................... ~ 0s
  2026-10-08 11:28:33 ....................................................................... ~ 0s
  2026-10-08 11:28:33 ....................................................................... ~ 0s
  2026-10-08 11:28:33 ....................................................................... ~ 3s
  2026-10-08 11:28:45 ....................................................................... ~ 0s
  2026-10-08 11:28:46 ....................................................................... ~ 0s
  2026-10-08 11:29:03 ....................................................................... ~ 0s
  2026-10-08 11:28:45 ...................................................................... ~ 19s
  2026-10-08 11:29:15 ....................................................................... ~ 0s
  2026-10-08 11:28:46 ...................................................................... ~ 30s
  2026-10-08 11:29:33 ....................................................................... ~ 0s
  2026-10-08 11:29:15 ...................................................................... ~ 30s
  2026-10-08 11:29:46 ....................................................................... ~ 0s
  2026-10-08 11:29:46 ....................................................................... ~ 1s
  2026-10-08 11:30:03 ....................................................................... ~ 0s
  2026-10-08 11:29:46 ...................................................................... ~ 29s
  2026-10-08 11:29:47 ...................................................................... ~ 29s
  2026-10-08 11:30:27 ....................................................................... ~ 0s
  2026-10-08 11:30:27 /image/logo/logo1x1.png ............................................... ~ 0s
  2026-10-08 11:30:27 /vendor/livewire/livewire.js?id=e949cd11 .............................. ~ 0s
  2026-10-08 11:30:27 ....................................................................... ~ 1s
  2026-10-08 11:30:28 ....................................................................... ~ 1s
  2026-10-08 11:30:29 ....................................................................... ~ 0s
  2026-10-08 11:30:29 /favicon.svg .......................................................... ~ 0s
  2026-10-08 11:30:29 ....................................................................... ~ 1s
  2026-10-08 11:30:30 ....................................................................... ~ 1s
  2026-10-08 11:30:31 ....................................................................... ~ 0s
  2026-10-08 11:30:33 ....................................................................... ~ 0s
  2026-10-08 11:30:33 ....................................................................... ~ 2s
  2026-10-08 11:30:35 ....................................................................... ~ 0s
  2026-10-08 11:30:35 /image/logo/logo1x1.png ............................................... ~ 0s
  2026-10-08 11:30:35 /vendor/livewire/livewire.js?id=e949cd11 .............................. ~ 0s
  2026-10-08 11:30:33 /image/logo/logo1x1.png ............................................... ~ 2s
  2026-10-08 11:30:35 /vendor/livewire/livewire.js?id=e949cd11 .............................. ~ 0s
  2026-10-08 11:30:38 ....................................................................... ~ 0s
  2026-10-08 11:30:38 ....................................................................... ~ 0s
  2026-10-08 11:30:38 ....................................................................... ~ 0s
  2026-10-08 11:30:38 ....................................................................... ~ 1s
  2026-10-08 11:30:39 ....................................................................... ~ 0s
  2026-10-08 11:30:38 /favicon.svg .......................................................... ~ 1s
  2026-10-08 11:30:39 ....................................................................... ~ 0s
  2026-10-08 11:30:39 /favicon.svg .......................................................... ~ 0s
  2026-10-08 11:30:40 ....................................................................... ~ 0s
  2026-10-08 11:30:40 ....................................................................... ~ 5s
  2026-10-08 11:31:05 ....................................................................... ~ 0s
  2026-10-08 11:30:39 ...................................................................... ~ 29s
  2026-10-08 11:31:08 ....................................................................... ~ 0s
  2026-10-08 11:31:08 ...................................................................... ~ 23s
  2026-10-08 11:31:31 /image/logo/logo1x1.png ............................................... ~ 0s
  2026-10-08 11:31:31 /vendor/livewire/livewire.js?id=e949cd11 .............................. ~ 0s
  2026-10-08 11:31:31 ....................................................................... ~ 1s
  2026-10-08 11:31:32 ....................................................................... ~ 0s
  2026-10-08 11:31:32 ....................................................................... ~ 0s
  2026-10-08 11:31:32 ....................................................................... ~ 1s
  2026-10-08 11:31:32 /favicon.svg .......................................................... ~ 1s
  2026-10-08 11:31:32 ....................................................................... ~ 2s
  2026-10-08 11:31:35 ....................................................................... ~ 0s
  2026-10-08 11:31:37 ....................................................................... ~ 0s
  2026-10-08 11:31:38 ....................................................................... ~ 0s
  2026-10-08 11:31:37 ....................................................................... ~ 7s
  2026-10-08 11:31:46 ....................................................................... ~ 1s
  2026-10-08 11:31:47 ....................................................................... ~ 2s
  2026-10-08 11:31:38 ...................................................................... ~ 17s
  2026-10-08 11:31:55 ....................................................................... ~ 0s
  2026-10-08 11:31:55 /image/logo/logo1x1.png ............................................... ~ 0s
  2026-10-08 11:31:55 /vendor/livewire/livewire.js?id=e949cd11 .............................. ~ 0s
  2026-10-08 11:31:55 /image/logo/logo1x1.png ............................................... ~ 1s
  2026-10-08 11:31:56 /vendor/livewire/livewire.js?id=e949cd11 .............................. ~ 0s
  2026-10-08 11:31:56 ....................................................................... ~ 0s
  2026-10-08 11:31:58 ....................................................................... ~ 0s
  2026-10-08 11:31:58 ....................................................................... ~ 0s
  2026-10-08 11:31:58 /favicon.svg .......................................................... ~ 0s
  2026-10-08 11:31:58 ....................................................................... ~ 1s
  2026-10-08 11:31:59 ....................................................................... ~ 0s
  2026-10-08 11:31:59 ....................................................................... ~ 0s
  2026-10-08 11:31:59 /favicon.svg .......................................................... ~ 0s
  2026-10-08 11:32:05 ....................................................................... ~ 0s
  2026-10-08 11:31:59 ...................................................................... ~ 11s
  2026-10-08 11:31:58 ...................................................................... ~ 13s
  2026-10-08 11:32:11 ....................................................................... ~ 0s
  2026-10-08 11:32:11 /image/logo/logo1x1.png ............................................... ~ 0s
  2026-10-08 11:32:11 /vendor/livewire/livewire.js?id=e949cd11 .............................. ~ 0s
  2026-10-08 11:32:11 /image/logo/logo1x1.png ............................................... ~ 0s
  2026-10-08 11:32:11 /vendor/livewire/livewire.js?id=e949cd11 .............................. ~ 0s
  2026-10-08 11:32:12 ....................................................................... ~ 1s
  2026-10-08 11:32:12 ....................................................................... ~ 1s
  2026-10-08 11:32:13 ....................................................................... ~ 0s
  2026-10-08 11:32:13 ....................................................................... ~ 0s
  2026-10-08 11:32:12 /favicon.svg .......................................................... ~ 1s
  2026-10-08 11:32:13 ....................................................................... ~ 0s
  2026-10-08 11:32:13 ....................................................................... ~ 0s
  2026-10-08 11:32:13 /favicon.svg .......................................................... ~ 0s
  2026-10-08 11:32:17 ....................................................................... ~ 0s
  2026-10-08 11:32:13 ....................................................................... ~ 9s
  2026-10-08 11:32:17 ....................................................................... ~ 6s
  2026-10-08 11:32:22 /image/logo/logo1x1.png ............................................... ~ 1s
  2026-10-08 11:32:23 /vendor/livewire/livewire.js?id=e949cd11 .............................. ~ 0s
  2026-10-08 11:32:23 /image/logo/logo1x1.png ............................................... ~ 0s
  2026-10-08 11:32:23 /vendor/livewire/livewire.js?id=e949cd11 .............................. ~ 0s
  2026-10-08 11:32:23 ....................................................................... ~ 0s
  2026-10-08 11:32:23 ....................................................................... ~ 2s
  2026-10-08 11:32:25 ....................................................................... ~ 0s
  2026-10-08 11:32:25 ....................................................................... ~ 0s
  2026-10-08 11:32:25 /favicon.svg .......................................................... ~ 0s
  2026-10-08 11:32:25 ....................................................................... ~ 0s
  2026-10-08 11:32:25 ....................................................................... ~ 0s
  2026-10-08 11:32:25 /favicon.svg .......................................................... ~ 0s
  2026-10-08 11:32:35 ....................................................................... ~ 0s
  2026-10-08 11:32:25 ...................................................................... ~ 20s
  2026-10-08 11:32:25 ...................................................................... ~ 22s
  2026-10-08 11:32:47 ....................................................................... ~ 0s
  2026-10-08 11:32:47 /image/logo/logo1x1.png ............................................... ~ 0s
  2026-10-08 11:32:47 /vendor/livewire/livewire.js?id=e949cd11 .............................. ~ 0s
  2026-10-08 11:32:47 /image/logo/logo1x1.png ............................................... ~ 0s
  2026-10-08 11:32:47 /vendor/livewire/livewire.js?id=e949cd11 .............................. ~ 0s
  2026-10-08 11:32:48 ....................................................................... ~ 0s
  2026-10-08 11:32:49 ....................................................................... ~ 0s
  2026-10-08 11:32:49 ....................................................................... ~ 1s
  2026-10-08 11:32:48 ....................................................................... ~ 2s
  2026-10-08 11:32:49 /favicon.svg .......................................................... ~ 1s
  2026-10-08 11:32:50 ....................................................................... ~ 0s
  2026-10-08 11:32:50 ....................................................................... ~ 0s
  2026-10-08 11:32:50 /favicon.svg .......................................................... ~ 0s
  2026-10-08 11:32:55 ....................................................................... ~ 0s
  2026-10-08 11:32:55 ....................................................................... ~ 1s
  2026-10-08 11:32:50 ....................................................................... ~ 7s
  2026-10-08 11:32:57 ....................................................................... ~ 0s
  2026-10-08 11:32:57 /image/logo/logo1x1.png ............................................... ~ 0s
  2026-10-08 11:32:57 /vendor/livewire/livewire.js?id=e949cd11 .............................. ~ 0s
  2026-10-08 11:32:57 /image/logo/logo1x1.png ............................................... ~ 0s
  2026-10-08 11:32:57 /vendor/livewire/livewire.js?id=e949cd11 .............................. ~ 0s
  2026-10-08 11:32:57 ....................................................................... ~ 1s
  2026-10-08 11:32:59 ....................................................................... ~ 0s
  2026-10-08 11:32:59 ....................................................................... ~ 0s
  2026-10-08 11:32:59 ....................................................................... ~ 0s
  2026-10-08 11:32:59 ....................................................................... ~ 0s
  2026-10-08 11:32:59 /favicon.svg .......................................................... ~ 0s
  2026-10-08 11:32:59 /favicon.svg .......................................................... ~ 0s
  2026-10-08 11:32:59 ....................................................................... ~ 5s
  2026-10-08 11:33:04 ....................................................................... ~ 0s
  2026-10-08 11:33:04 /image/logo/logo1x1.png ............................................... ~ 0s
  2026-10-08 11:33:04 /vendor/livewire/livewire.js?id=e949cd11 .............................. ~ 0s
  2026-10-08 11:33:04 /image/logo/logo1x1.png ............................................... ~ 0s
  2026-10-08 11:33:04 /vendor/livewire/livewire.js?id=e949cd11 .............................. ~ 0s
  2026-10-08 11:33:04 ....................................................................... ~ 1s
  2026-10-08 11:33:05 ....................................................................... ~ 0s
  2026-10-08 11:33:06 ....................................................................... ~ 0s
  2026-10-08 11:33:06 ....................................................................... ~ 0s
  2026-10-08 11:33:06 /favicon.svg .......................................................... ~ 0s
  2026-10-08 11:33:06 ....................................................................... ~ 0s
  2026-10-08 11:33:06 ....................................................................... ~ 0s
  2026-10-08 11:33:06 ....................................................................... ~ 1s
  2026-10-08 11:33:06 /favicon.svg .......................................................... ~ 1s
  2026-10-08 11:33:07 ....................................................................... ~ 9s
  2026-10-08 11:33:23 ....................................................................... ~ 0s
  2026-10-08 11:33:35 ....................................................................... ~ 0s
  2026-10-08 11:33:06 ...................................................................... ~ 30s
  2026-10-08 11:33:23 ...................................................................... ~ 13s
  2026-10-08 11:34:05 ....................................................................... ~ 0s
  2026-10-08 11:34:06 ....................................................................... ~ 0s
  2026-10-08 11:34:06 ....................................................................... ~ 0s
  2026-10-08 11:34:06 ...................................................................... ~ 29s
  2026-10-08 11:34:35 ....................................................................... ~ 1s
  2026-10-08 11:34:06 ...................................................................... ~ 30s
  2026-10-08 11:34:36 /image/logo/logo1x1.png ............................................... ~ 0s
  2026-10-08 11:34:36 /vendor/livewire/livewire.js?id=e949cd11 .............................. ~ 0s
  2026-10-08 11:34:36 ....................................................................... ~ 0s
  2026-10-08 11:34:36 ....................................................................... ~ 0s
  2026-10-08 11:34:36 ....................................................................... ~ 1s
  2026-10-08 11:34:37 ....................................................................... ~ 0s
  2026-10-08 11:34:37 ....................................................................... ~ 0s
  2026-10-08 11:34:37 /favicon.svg .......................................................... ~ 0s
  2026-10-08 11:34:39 ....................................................................... ~ 0s
  2026-10-08 11:34:39 ....................................................................... ~ 7s
  2026-10-08 11:34:49 ....................................................................... ~ 1s
  2026-10-08 11:35:06 ....................................................................... ~ 0s
  2026-10-08 11:35:06 ....................................................................... ~ 0s
  2026-10-08 11:34:50 ...................................................................... ~ 16s
  2026-10-08 11:35:09 ....................................................................... ~ 1s
  2026-10-08 11:35:10 ...................................................................... ~ 18s
  2026-10-08 11:35:31 ....................................................................... ~ 0s
  2026-10-08 11:35:31 ....................................................................... ~ 5s
  2026-10-08 11:35:06 ...................................................................... ~ 30s
  2026-10-08 11:35:36 ....................................................................... ~ 0s
  2026-10-08 11:36:06 ....................................................................... ~ 0s
  2026-10-08 11:36:06 ....................................................................... ~ 0s
  2026-10-08 11:36:06 ...................................................................... ~ 30s
  2026-10-08 11:36:36 ....................................................................... ~ 0s
  2026-10-08 11:37:06 ....................................................................... ~ 0s
  2026-10-08 11:37:06 ....................................................................... ~ 0s
  2026-10-08 11:37:06 ...................................................................... ~ 30s
  2026-10-08 11:37:36 ....................................................................... ~ 0s
  2026-10-08 11:38:06 ....................................................................... ~ 0s
  2026-10-08 11:38:06 ....................................................................... ~ 0s
  2026-10-08 11:38:06 ...................................................................... ~ 30s
  2026-10-08 11:38:36 ....................................................................... ~ 0s
  2026-10-08 11:39:06 ....................................................................... ~ 0s
  2026-10-08 11:39:06 ....................................................................... ~ 0s
  2026-10-08 11:39:06 ...................................................................... ~ 30s
  2026-10-08 11:39:36 ....................................................................... ~ 0s
  2026-10-08 11:40:06 ....................................................................... ~ 0s
  2026-10-08 11:40:06 ....................................................................... ~ 0s
  2026-10-08 11:40:06 ...................................................................... ~ 30s
  2026-10-08 11:40:36 ....................................................................... ~ 0s
  2026-10-08 11:41:06 ....................................................................... ~ 0s
  2026-10-08 11:41:06 ....................................................................... ~ 0s
  2026-10-08 11:41:06 ...................................................................... ~ 30s
  2026-10-08 11:41:36 ....................................................................... ~ 0s
  2026-10-08 11:42:06 ....................................................................... ~ 0s
  2026-10-08 11:42:06 ....................................................................... ~ 1s
  2026-10-08 11:42:06 ...................................................................... ~ 30s
  2026-10-08 11:42:37 ....................................................................... ~ 0s
  2026-10-08 11:43:06 ....................................................................... ~ 0s
  2026-10-08 11:43:07 ....................................................................... ~ 0s
  2026-10-08 11:43:37 ....................................................................... ~ 0s
  2026-10-08 11:44:07 ....................................................................... ~ 0s
  2026-10-08 11:44:37 ....................................................................... ~ 0s
  2026-10-08 11:45:07 ....................................................................... ~ 0s
  2026-10-08 11:45:37 ....................................................................... ~ 0s
  2026-10-08 11:46:07 ....................................................................... ~ 0s
  2026-10-08 11:43:06 ..................................................................... ~ 187s
  2026-10-08 11:46:37 ....................................................................... ~ 0s
  2026-10-08 11:47:07 ....................................................................... ~ 0s
  2026-10-08 11:47:37 ....................................................................... ~ 0s
  2026-10-08 11:48:07 ....................................................................... ~ 0s
  2026-10-08 11:48:18 ....................................................................... ~ 0s
  2026-10-08 11:48:37 ....................................................................... ~ 1s
  2026-10-08 11:49:08 ....................................................................... ~ 0s
  2026-10-08 11:48:18 ...................................................................... ~ 61s
  2026-10-08 11:49:38 ....................................................................... ~ 0s
  2026-10-08 11:50:08 ....................................................................... ~ 0s
  2026-10-08 11:50:38 ....................................................................... ~ 0s
  2026-10-08 11:51:08 ....................................................................... ~ 0s
  2026-10-08 11:51:38 ....................................................................... ~ 1s
  2026-10-08 11:52:08 ....................................................................... ~ 1s
  2026-10-08 11:52:39 ....................................................................... ~ 0s
  2026-10-08 11:53:09 ....................................................................... ~ 0s
  2026-10-08 11:53:39 ....................................................................... ~ 0s
  2026-10-08 11:54:09 ....................................................................... ~ 0s
  2026-10-08 11:54:39 ....................................................................... ~ 0s
  2026-10-08 11:55:09 ....................................................................... ~ 0s
  2026-10-08 11:55:39 ....................................................................... ~ 0s
  2026-10-08 11:56:09 ....................................................................... ~ 1s
  2026-10-08 11:56:40 ....................................................................... ~ 0s
  2026-10-08 11:57:02 ....................................................................... ~ 3s
  2026-10-08 11:57:05 ....................................................................... ~ 1s
  2026-10-08 11:57:05 /image/logo/logo1x1.png ............................................... ~ 1s
  2026-10-08 11:57:06 /vendor/livewire/livewire.js?id=e949cd11 .............................. ~ 0s
  2026-10-08 11:57:06 /image/logo/logo1x1.png ............................................... ~ 2s
  2026-10-08 11:57:08 /vendor/livewire/livewire.js?id=e949cd11 .............................. ~ 0s
  2026-10-08 11:57:10 ....................................................................... ~ 0s
  2026-10-08 11:57:14 /favicon.svg .......................................................... ~ 0s
  2026-10-08 11:57:14 ....................................................................... ~ 1s
  2026-10-08 11:57:15 ....................................................................... ~ 0s
  2026-10-08 11:57:15 ....................................................................... ~ 0s
  2026-10-08 11:57:15 ....................................................................... ~ 1s
  2026-10-08 11:57:16 ....................................................................... ~ 0s
  2026-10-08 11:57:16 ....................................................................... ~ 0s
  2026-10-08 11:57:16 /favicon.svg .......................................................... ~ 0s
  2026-10-08 11:57:28 ....................................................................... ~ 0s
  2026-10-08 11:57:15 ...................................................................... ~ 14s
  2026-10-08 11:57:29 ....................................................................... ~ 0s
  2026-10-08 11:57:28 /image/logo/logo1x1.png ............................................... ~ 1s
  2026-10-08 11:57:29 /vendor/livewire/livewire.js?id=e949cd11 .............................. ~ 0s
  2026-10-08 11:57:29 /image/logo/logo1x1.png ............................................... ~ 0s
  2026-10-08 11:57:29 /vendor/livewire/livewire.js?id=e949cd11 .............................. ~ 0s
  2026-10-08 11:57:32 ....................................................................... ~ 0s
  2026-10-08 11:57:32 ....................................................................... ~ 0s
  2026-10-08 11:57:32 ....................................................................... ~ 0s
  2026-10-08 11:57:32 ....................................................................... ~ 1s
  2026-10-08 11:57:32 /favicon.svg .......................................................... ~ 1s
  2026-10-08 11:57:33 ....................................................................... ~ 0s
  2026-10-08 11:57:33 /favicon.svg .......................................................... ~ 0s
  2026-10-08 11:57:40 ....................................................................... ~ 0s
  2026-10-08 11:57:33 ...................................................................... ~ 13s
  2026-10-08 11:57:32 ...................................................................... ~ 15s
  2026-10-08 11:57:47 /image/logo/logo1x1.png ............................................... ~ 0s
  2026-10-08 11:57:47 /vendor/livewire/livewire.js?id=e949cd11 .............................. ~ 0s
  2026-10-08 11:57:46 /image/logo/logo1x1.png ............................................... ~ 1s
  2026-10-08 11:57:47 ....................................................................... ~ 1s
  2026-10-08 11:57:48 /vendor/livewire/livewire.js?id=e949cd11 .............................. ~ 0s
  2026-10-08 11:57:50 ....................................................................... ~ 0s
  2026-10-08 11:57:50 ....................................................................... ~ 0s
  2026-10-08 11:57:50 ....................................................................... ~ 0s
  2026-10-08 11:57:50 ....................................................................... ~ 0s
  2026-10-08 11:57:50 /favicon.svg .......................................................... ~ 0s
  2026-10-08 11:57:50 ....................................................................... ~ 1s
  2026-10-08 11:57:50 /favicon.svg .......................................................... ~ 1s
  2026-10-08 11:57:51 ...................................................................... ~ 14s
  2026-10-08 11:57:50 ...................................................................... ~ 15s
  2026-10-08 11:58:05 /image/logo/logo1x1.png ............................................... ~ 0s
  2026-10-08 11:58:05 /vendor/livewire/livewire.js?id=e949cd11 .............................. ~ 0s
  2026-10-08 11:58:05 ....................................................................... ~ 1s
  2026-10-08 11:58:05 /image/logo/logo1x1.png ............................................... ~ 1s
  2026-10-08 11:58:06 /vendor/livewire/livewire.js?id=e949cd11 .............................. ~ 0s
  2026-10-08 11:58:10 ....................................................................... ~ 0s
  2026-10-08 11:58:06 ....................................................................... ~ 4s
  2026-10-08 11:58:10 ....................................................................... ~ 0s
  2026-10-08 11:58:10 ....................................................................... ~ 0s
  2026-10-08 11:58:10 /favicon.svg .......................................................... ~ 0s
  2026-10-08 11:58:10 ....................................................................... ~ 0s
  2026-10-08 11:58:10 ....................................................................... ~ 1s
  2026-10-08 11:58:10 /favicon.svg .......................................................... ~ 1s
  2026-10-08 11:58:11 ...................................................................... ~ 20s
  2026-10-08 11:58:10 ...................................................................... ~ 23s
  2026-10-08 11:58:33 ....................................................................... ~ 0s
  2026-10-08 11:58:33 /image/logo/logo1x1.png ............................................... ~ 0s
  2026-10-08 11:58:33 /vendor/livewire/livewire.js?id=e949cd11 .............................. ~ 0s
  2026-10-08 11:58:31 /image/logo/logo1x1.png ............................................... ~ 2s
  2026-10-08 11:58:33 /vendor/livewire/livewire.js?id=e949cd11 .............................. ~ 0s
  2026-10-08 11:58:36 ....................................................................... ~ 0s
  2026-10-08 11:58:36 ....................................................................... ~ 0s
  2026-10-08 11:58:36 /favicon.svg .......................................................... ~ 0s
  2026-10-08 11:58:36 ....................................................................... ~ 1s
  2026-10-08 11:58:37 ....................................................................... ~ 0s
  2026-10-08 11:58:37 ....................................................................... ~ 0s
  2026-10-08 11:58:37 /favicon.svg .......................................................... ~ 0s
  2026-10-08 11:58:40 ....................................................................... ~ 0s
  2026-10-08 11:58:36 ...................................................................... ~ 29s
  2026-10-08 11:59:10 ....................................................................... ~ 0s
  2026-10-08 11:59:35 ....................................................................... ~ 0s
  2026-10-08 11:59:40 ....................................................................... ~ 0s
  2026-10-08 11:59:35 ...................................................................... ~ 27s
  2026-10-08 11:58:37 ...................................................................... ~ 85s
  2026-10-08 12:00:02 ....................................................................... ~ 0s
  2026-10-08 12:00:02 /image/logo/logo1x1.png ............................................... ~ 0s
  2026-10-08 12:00:02 /vendor/livewire/livewire.js?id=e949cd11 .............................. ~ 0s
  2026-10-08 12:00:02 /image/logo/logo1x1.png ............................................... ~ 0s
  2026-10-08 12:00:03 /vendor/livewire/livewire.js?id=e949cd11 .............................. ~ 0s
  2026-10-08 12:00:03 ....................................................................... ~ 0s
  2026-10-08 12:00:06 ....................................................................... ~ 0s
  2026-10-08 12:00:06 ....................................................................... ~ 0s
  2026-10-08 12:00:06 ....................................................................... ~ 0s
  2026-10-08 12:00:06 ....................................................................... ~ 0s
  2026-10-08 12:00:06 /favicon.svg .......................................................... ~ 0s
  2026-10-08 12:00:06 ....................................................................... ~ 0s
  2026-10-08 12:00:06 /favicon.svg .......................................................... ~ 0s
  2026-10-08 12:00:10 ....................................................................... ~ 1s
  2026-10-08 12:00:06 ...................................................................... ~ 21s
  2026-10-08 12:00:06 ...................................................................... ~ 23s
  2026-10-08 12:00:27 /image/logo/logo1x1.png ............................................... ~ 2s
  2026-10-08 12:00:29 /vendor/livewire/livewire.js?id=e949cd11 .............................. ~ 0s
  2026-10-08 12:00:30 ....................................................................... ~ 0s
  2026-10-08 12:00:31 ....................................................................... ~ 1s
  2026-10-08 12:00:32 ....................................................................... ~ 0s
  2026-10-08 12:00:32 /favicon.svg .......................................................... ~ 0s
  2026-10-08 12:00:30 /favicon.ico .......................................................... ~ 3s
  2026-10-08 12:00:41 ....................................................................... ~ 0s
  2026-10-08 12:00:32 ...................................................................... ~ 11s
  2026-10-08 12:00:43 ....................................................................... ~ 1s
  2026-10-08 12:00:43 /image/logo/logo1x1.png ............................................... ~ 1s
  2026-10-08 12:00:44 /vendor/livewire/livewire.js?id=e949cd11 .............................. ~ 0s
  2026-10-08 12:00:44 ....................................................................... ~ 1s
  2026-10-08 12:00:47 ....................................................................... ~ 0s
  2026-10-08 12:00:47 ....................................................................... ~ 0s
  2026-10-08 12:00:47 /favicon.svg .......................................................... ~ 0s
  2026-10-08 12:00:48 /favicon.ico .......................................................... ~ 0s
  2026-10-08 12:01:11 ....................................................................... ~ 0s
  2026-10-08 12:00:47 ...................................................................... ~ 25s
  2026-10-08 12:00:48 ...................................................................... ~ 28s
  2026-10-08 12:01:12 /image/logo/logo1x1.png ............................................... ~ 5s
  2026-10-08 12:01:17 /vendor/livewire/livewire.js?id=e949cd11 .............................. ~ 0s
  2026-10-08 12:01:17 ....................................................................... ~ 1s
  2026-10-08 12:01:17 ....................................................................... ~ 1s
  2026-10-08 12:01:18 ....................................................................... ~ 0s
  2026-10-08 12:01:18 /favicon.svg .......................................................... ~ 0s
  2026-10-08 12:01:18 /favicon.ico .......................................................... ~ 1s
  2026-10-08 12:01:41 ....................................................................... ~ 0s
  2026-10-08 12:01:18 ...................................................................... ~ 29s
  2026-10-08 12:01:49 ....................................................................... ~ 2s
  2026-10-08 12:01:51 ....................................................................... ~ 1s
  2026-10-08 12:01:53 /favicon.ico .......................................................... ~ 0s
  2026-10-08 12:02:11 ....................................................................... ~ 0s
  2026-10-08 12:01:53 ...................................................................... ~ 20s
  2026-10-08 12:02:13 ....................................................................... ~ 1s
  2026-10-08 12:02:14 ....................................................................... ~ 0s
  2026-10-08 12:02:13 /image/logo/logo1x1.png ............................................... ~ 1s
  2026-10-08 12:02:14 /vendor/livewire/livewire.js?id=e949cd11 .............................. ~ 0s
  2026-10-08 12:02:14 /favicon.ico .......................................................... ~ 2s
  2026-10-08 12:02:17 ....................................................................... ~ 0s
  2026-10-08 12:02:17 ....................................................................... ~ 0s
  2026-10-08 12:02:17 /favicon.svg .......................................................... ~ 0s
  2026-10-08 12:02:18 ...................................................................... ~ 10s
  2026-10-08 12:02:28 ....................................................................... ~ 2s
  2026-10-08 12:02:28 /image/logo/logo1x1.png ............................................... ~ 2s
  2026-10-08 12:02:30 /vendor/livewire/livewire.js?id=e949cd11 .............................. ~ 0s
  2026-10-08 12:02:31 ....................................................................... ~ 0s
  2026-10-08 12:02:31 ....................................................................... ~ 0s
  2026-10-08 12:02:30 ....................................................................... ~ 1s
  2026-10-08 12:02:31 /favicon.svg .......................................................... ~ 0s
  2026-10-08 12:02:32 /favicon.ico .......................................................... ~ 0s
  2026-10-08 12:02:32 ....................................................................... ~ 5s
  2026-10-08 12:02:31 ....................................................................... ~ 6s
  2026-10-08 12:02:41 ....................................................................... ~ 0s
  2026-10-08 12:03:00 ....................................................................... ~ 0s
  2026-10-08 12:03:11 ....................................................................... ~ 0s
  2026-10-08 12:03:00 ...................................................................... ~ 30s
  2026-10-08 12:03:41 ....................................................................... ~ 0s
  2026-10-08 12:04:00 ....................................................................... ~ 0s
  2026-10-08 12:04:11 ....................................................................... ~ 0s
  2026-10-08 12:04:00 ...................................................................... ~ 17s
  2026-10-08 12:04:17 ....................................................................... ~ 5s
  2026-10-08 12:04:17 /image/logo/logo1x1.png ............................................... ~ 5s
  2026-10-08 12:04:22 /vendor/livewire/livewire.js?id=e949cd11 .............................. ~ 0s
  2026-10-08 12:04:22 ....................................................................... ~ 1s
  2026-10-08 12:04:24 ....................................................................... ~ 0s
  2026-10-08 12:04:24 ....................................................................... ~ 0s
  2026-10-08 12:04:24 /favicon.svg .......................................................... ~ 0s
  2026-10-08 12:04:24 ....................................................................... ~ 1s
  2026-10-08 12:04:25 ....................................................................... ~ 1s
  2026-10-08 12:04:25 /image/logo/logo1x1.png ............................................... ~ 1s
  2026-10-08 12:04:26 /favicon.ico .......................................................... ~ 0s
  2026-10-08 12:04:26 /vendor/livewire/livewire.js?id=e949cd11 .............................. ~ 0s
  2026-10-08 12:04:26 /image/logo/logo1x1.png ............................................... ~ 0s
  2026-10-08 12:04:26 /vendor/livewire/livewire.js?id=e949cd11 .............................. ~ 0s
  2026-10-08 12:04:26 ....................................................................... ~ 0s
  2026-10-08 12:04:28 ....................................................................... ~ 0s
  2026-10-08 12:04:28 ....................................................................... ~ 0s
  2026-10-08 12:04:28 ....................................................................... ~ 1s
  2026-10-08 12:04:28 ....................................................................... ~ 1s
  2026-10-08 12:04:28 /favicon.svg .......................................................... ~ 1s
  2026-10-08 12:04:29 ....................................................................... ~ 0s
  2026-10-08 12:04:29 /favicon.svg .......................................................... ~ 0s
  2026-10-08 12:04:41 ....................................................................... ~ 0s
  2026-10-08 12:04:29 ...................................................................... ~ 29s
  2026-10-08 12:05:11 ....................................................................... ~ 0s
  2026-10-08 12:05:28 ....................................................................... ~ 0s
  2026-10-08 12:05:28 ....................................................................... ~ 2s
  2026-10-08 12:04:29 ...................................................................... ~ 61s
  2026-10-08 12:05:30 ....................................................................... ~ 1s
  2026-10-08 12:05:30 /image/logo/logo1x1.png ............................................... ~ 1s
  2026-10-08 12:05:31 /vendor/livewire/livewire.js?id=e949cd11 .............................. ~ 0s
  2026-10-08 12:05:31 /image/logo/logo1x1.png ............................................... ~ 0s
  2026-10-08 12:05:32 /vendor/livewire/livewire.js?id=e949cd11 .............................. ~ 0s
  2026-10-08 12:05:32 ....................................................................... ~ 0s
  2026-10-08 12:05:33 ....................................................................... ~ 0s
  2026-10-08 12:05:33 ....................................................................... ~ 0s
  2026-10-08 12:05:33 /favicon.svg .......................................................... ~ 0s
  2026-10-08 12:05:32 ....................................................................... ~ 1s
  2026-10-08 12:05:34 ....................................................................... ~ 0s
  2026-10-08 12:05:34 ....................................................................... ~ 0s
  2026-10-08 12:05:34 /favicon.svg .......................................................... ~ 0s
  2026-10-08 12:05:33 ....................................................................... ~ 7s
  2026-10-08 12:05:34 ....................................................................... ~ 6s
  2026-10-08 12:05:40 /image/logo/logo1x1.png ............................................... ~ 0s
  2026-10-08 12:05:40 /vendor/livewire/livewire.js?id=e949cd11 .............................. ~ 0s
  2026-10-08 12:05:41 /image/logo/logo1x1.png ............................................... ~ 0s
  2026-10-08 12:05:41 /vendor/livewire/livewire.js?id=e949cd11 .............................. ~ 0s
  2026-10-08 12:05:41 ....................................................................... ~ 0s
  2026-10-08 12:05:41 ....................................................................... ~ 1s
  2026-10-08 12:05:42 ....................................................................... ~ 1s
  2026-10-08 12:05:42 ....................................................................... ~ 1s
  2026-10-08 12:05:43 /favicon.svg .......................................................... ~ 0s
  2026-10-08 12:05:43 ....................................................................... ~ 0s
  2026-10-08 12:05:43 ....................................................................... ~ 0s
  2026-10-08 12:05:43 ....................................................................... ~ 0s
  2026-10-08 12:05:43 /favicon.svg .......................................................... ~ 0s
  2026-10-08 12:05:43 ....................................................................... ~ 4s
  2026-10-08 12:05:43 ....................................................................... ~ 4s
  2026-10-08 12:05:47 /image/logo/logo1x1.png ............................................... ~ 0s
  2026-10-08 12:05:47 /vendor/livewire/livewire.js?id=e949cd11 .............................. ~ 0s
  2026-10-08 12:05:47 /image/logo/logo1x1.png ............................................... ~ 0s
  2026-10-08 12:05:47 /vendor/livewire/livewire.js?id=e949cd11 .............................. ~ 0s
  2026-10-08 12:05:48 ....................................................................... ~ 0s
  2026-10-08 12:05:49 ....................................................................... ~ 0s
  2026-10-08 12:05:49 ....................................................................... ~ 0s
  2026-10-08 12:05:48 ....................................................................... ~ 1s
  2026-10-08 12:05:49 /favicon.svg .......................................................... ~ 0s
  2026-10-08 12:05:49 ....................................................................... ~ 0s
  2026-10-08 12:05:49 ....................................................................... ~ 0s
  2026-10-08 12:05:49 /favicon.svg .......................................................... ~ 0s
  2026-10-08 12:05:49 ....................................................................... ~ 5s
  2026-10-08 12:05:54 ....................................................................... ~ 0s
  2026-10-08 12:05:54 /image/logo/logo1x1.png ............................................... ~ 0s
  2026-10-08 12:05:54 /image/logo/logo1x1.png ............................................... ~ 1s
  2026-10-08 12:05:55 /vendor/livewire/livewire.js?id=e949cd11 .............................. ~ 0s
  2026-10-08 12:05:55 /vendor/livewire/livewire.js?id=e949cd11 .............................. ~ 0s
  2026-10-08 12:05:55 ....................................................................... ~ 0s
  2026-10-08 12:05:56 ....................................................................... ~ 0s
  2026-10-08 12:05:56 ....................................................................... ~ 0s
  2026-10-08 12:05:56 ....................................................................... ~ 0s
  2026-10-08 12:05:56 /favicon.svg .......................................................... ~ 0s
  2026-10-08 12:05:57 ....................................................................... ~ 0s
  2026-10-08 12:05:57 ....................................................................... ~ 0s
  2026-10-08 12:05:57 /favicon.svg .......................................................... ~ 0s
  2026-10-08 12:05:57 ....................................................................... ~ 2s
  2026-10-08 12:05:56 ....................................................................... ~ 3s
  2026-10-08 12:06:11 ....................................................................... ~ 0s
  2026-10-08 12:06:26 ....................................................................... ~ 0s
  2026-10-08 12:06:41 ....................................................................... ~ 1s
  2026-10-08 12:06:26 ...................................................................... ~ 30s
  2026-10-08 12:07:11 ....................................................................... ~ 1s
  2026-10-08 12:07:26 ....................................................................... ~ 0s
  2026-10-08 12:07:42 ....................................................................... ~ 0s
  2026-10-08 12:07:26 ...................................................................... ~ 30s
  2026-10-08 12:08:12 ....................................................................... ~ 0s
  2026-10-08 12:08:26 ....................................................................... ~ 0s
  2026-10-08 12:08:42 ....................................................................... ~ 0s
  2026-10-08 12:08:26 ...................................................................... ~ 30s
  2026-10-08 12:09:12 ....................................................................... ~ 0s
  2026-10-08 12:09:26 ....................................................................... ~ 0s
  2026-10-08 12:09:42 ....................................................................... ~ 0s
  2026-10-08 12:09:26 ...................................................................... ~ 30s
  2026-10-08 12:10:12 ....................................................................... ~ 0s
  2026-10-08 12:10:26 ....................................................................... ~ 0s
  2026-10-08 12:10:42 ....................................................................... ~ 1s
  2026-10-08 12:10:26 ...................................................................... ~ 30s
  2026-10-08 12:11:13 ....................................................................... ~ 0s
  2026-10-08 12:11:26 ....................................................................... ~ 1s
  2026-10-08 12:11:36 ....................................................................... ~ 0s
  2026-10-08 12:11:37 /image/logo/logo1x1.png ............................................... ~ 0s
  2026-10-08 12:11:37 ....................................................................... ~ 0s
  2026-10-08 12:11:37 /vendor/livewire/livewire.js?id=e949cd11 .............................. ~ 0s
  2026-10-08 12:11:37 ....................................................................... ~ 0s
  2026-10-08 12:11:37 ....................................................................... ~ 1s
  2026-10-08 12:11:38 ....................................................................... ~ 1s
  2026-10-08 12:11:39 ....................................................................... ~ 0s
  2026-10-08 12:11:39 /favicon.svg .......................................................... ~ 0s
  2026-10-08 12:11:39 ....................................................................... ~ 1s
  2026-10-08 12:11:43 ....................................................................... ~ 0s
  2026-10-08 12:11:48 ....................................................................... ~ 0s
  2026-10-08 12:11:48 ....................................................................... ~ 2s
  2026-10-08 12:11:52 ....................................................................... ~ 0s
  2026-10-08 12:11:27 ...................................................................... ~ 29s
  2026-10-08 12:11:52 ....................................................................... ~ 9s
  2026-10-08 12:12:08 ....................................................................... ~ 0s
  2026-10-08 12:12:13 ....................................................................... ~ 0s
  2026-10-08 12:12:26 ....................................................................... ~ 0s
  2026-10-08 12:12:08 ...................................................................... ~ 30s
  2026-10-08 12:12:43 ....................................................................... ~ 0s
  2026-10-08 12:12:26 ...................................................................... ~ 30s
  2026-10-08 12:13:08 ....................................................................... ~ 0s
  2026-10-08 12:13:13 ....................................................................... ~ 0s
  2026-10-08 12:13:26 ....................................................................... ~ 0s
  2026-10-08 12:13:08 ...................................................................... ~ 30s
  2026-10-08 12:13:43 ....................................................................... ~ 0s
  2026-10-08 12:13:26 ...................................................................... ~ 30s
  2026-10-08 12:14:08 ....................................................................... ~ 0s
  2026-10-08 12:14:13 ....................................................................... ~ 0s
  2026-10-08 12:14:26 ....................................................................... ~ 0s
  2026-10-08 12:14:08 ...................................................................... ~ 30s
  2026-10-08 12:14:43 ....................................................................... ~ 0s
  2026-10-08 12:14:26 ...................................................................... ~ 30s
  2026-10-08 12:15:08 ....................................................................... ~ 0s
  2026-10-08 12:15:13 ....................................................................... ~ 1s
  2026-10-08 12:15:26 ....................................................................... ~ 0s
  2026-10-08 12:15:08 ...................................................................... ~ 30s
  2026-10-08 12:15:44 ....................................................................... ~ 0s
  2026-10-08 12:15:26 ...................................................................... ~ 30s
  2026-10-08 12:16:08 ....................................................................... ~ 0s
  2026-10-08 12:16:14 ....................................................................... ~ 0s
  2026-10-08 12:16:26 ....................................................................... ~ 0s
  2026-10-08 12:16:08 ...................................................................... ~ 19s
  2026-10-08 12:16:28 /image/logo/logo1x1.png ............................................... ~ 0s
  2026-10-08 12:16:28 /vendor/livewire/livewire.js?id=e949cd11 .............................. ~ 0s
  2026-10-08 12:16:28 ....................................................................... ~ 0s
  2026-10-08 12:16:28 ....................................................................... ~ 0s
  2026-10-08 12:16:29 ....................................................................... ~ 0s
  2026-10-08 12:16:29 ....................................................................... ~ 0s
  2026-10-08 12:16:29 /favicon.svg .......................................................... ~ 0s
  2026-10-08 12:16:44 ....................................................................... ~ 0s
  2026-10-08 12:16:26 ...................................................................... ~ 30s
  2026-10-08 12:16:29 ...................................................................... ~ 29s
  2026-10-08 12:17:09 ....................................................................... ~ 0s
  2026-10-08 12:17:10 /image/logo/logo1x1.png ............................................... ~ 0s
  2026-10-08 12:17:10 ....................................................................... ~ 0s
  2026-10-08 12:17:10 /vendor/livewire/livewire.js?id=e949cd11 .............................. ~ 0s
  2026-10-08 12:17:10 ....................................................................... ~ 1s
  2026-10-08 12:17:11 ....................................................................... ~ 0s
  2026-10-08 12:17:11 /favicon.svg .......................................................... ~ 0s
  2026-10-08 12:17:11 ....................................................................... ~ 0s
  2026-10-08 12:17:14 ....................................................................... ~ 0s
  2026-10-08 12:17:15 ....................................................................... ~ 0s
  2026-10-08 12:17:15 /image/logo/logo1x1.png ............................................... ~ 0s
  2026-10-08 12:17:15 ....................................................................... ~ 0s
  2026-10-08 12:17:15 /vendor/livewire/livewire.js?id=e949cd11 .............................. ~ 0s
  2026-10-08 12:17:15 ....................................................................... ~ 1s
  2026-10-08 12:17:16 ....................................................................... ~ 0s
  2026-10-08 12:17:16 ....................................................................... ~ 0s
  2026-10-08 12:17:16 /favicon.svg .......................................................... ~ 0s
  2026-10-08 12:17:26 ....................................................................... ~ 0s
  2026-10-08 12:17:44 ....................................................................... ~ 0s
  2026-10-08 12:17:16 ...................................................................... ~ 30s
  2026-10-08 12:17:26 ...................................................................... ~ 30s
  2026-10-08 12:18:14 ....................................................................... ~ 0s
  2026-10-08 12:18:16 ....................................................................... ~ 0s
  2026-10-08 12:18:26 ....................................................................... ~ 0s
  2026-10-08 12:18:44 ....................................................................... ~ 0s
  2026-10-08 12:18:16 ...................................................................... ~ 30s
  2026-10-08 12:18:26 ...................................................................... ~ 30s
  2026-10-08 12:19:14 ....................................................................... ~ 0s
  2026-10-08 12:19:16 ....................................................................... ~ 0s
  2026-10-08 12:19:26 ....................................................................... ~ 0s
  2026-10-08 12:19:44 ....................................................................... ~ 0s
  2026-10-08 12:19:16 ...................................................................... ~ 30s
  2026-10-08 12:19:26 ...................................................................... ~ 30s
  2026-10-08 12:19:56 ....................................................................... ~ 1s
  2026-10-08 12:19:56 ....................................................................... ~ 2s
  2026-10-08 12:19:57 /image/logo/logo1x1.png ............................................... ~ 1s
  2026-10-08 12:19:58 /image/logo/logo1x1.png ............................................... ~ 0s
  2026-10-08 12:19:58 /vendor/livewire/livewire.js?id=e949cd11 .............................. ~ 0s
  2026-10-08 12:19:58 /vendor/livewire/livewire.js?id=e949cd11 .............................. ~ 0s
  2026-10-08 12:19:58 ....................................................................... ~ 0s
  2026-10-08 12:19:58 ....................................................................... ~ 0s
  2026-10-08 12:19:59 ....................................................................... ~ 0s
  2026-10-08 12:19:59 ....................................................................... ~ 0s
  2026-10-08 12:19:59 ....................................................................... ~ 0s
  2026-10-08 12:19:59 ....................................................................... ~ 0s
  2026-10-08 12:19:59 /favicon.svg .......................................................... ~ 0s
  2026-10-08 12:19:59 /favicon.svg .......................................................... ~ 0s
  2026-10-08 12:20:14 ....................................................................... ~ 0s
  2026-10-08 12:19:59 ...................................................................... ~ 19s
  2026-10-08 12:20:18 ....................................................................... ~ 1s
  2026-10-08 12:20:19 ....................................................................... ~ 0s
  2026-10-08 12:20:19 /image/logo/logo1x1.png ............................................... ~ 0s
  2026-10-08 12:20:19 /vendor/livewire/livewire.js?id=e949cd11 .............................. ~ 0s
  2026-10-08 12:20:18 /image/logo/logo1x1.png ............................................... ~ 1s
  2026-10-08 12:20:19 /vendor/livewire/livewire.js?id=e949cd11 .............................. ~ 0s
  2026-10-08 12:20:19 ....................................................................... ~ 1s
  2026-10-08 12:20:20 ....................................................................... ~ 0s
  2026-10-08 12:20:20 ....................................................................... ~ 0s
  2026-10-08 12:20:20 ....................................................................... ~ 0s
  2026-10-08 12:20:20 ....................................................................... ~ 1s
  2026-10-08 12:20:20 /favicon.svg .......................................................... ~ 1s
  2026-10-08 12:20:20 /favicon.svg .......................................................... ~ 1s
  2026-10-08 12:20:44 ....................................................................... ~ 0s
  2026-10-08 12:20:21 ...................................................................... ~ 29s
  2026-10-08 12:20:21 ...................................................................... ~ 29s
  2026-10-08 12:21:14 ....................................................................... ~ 0s
  2026-10-08 12:21:20 ....................................................................... ~ 0s
  2026-10-08 12:21:20 ....................................................................... ~ 0s
  2026-10-08 12:21:20 ....................................................................... ~ 2s
  2026-10-08 12:21:20 ....................................................................... ~ 2s
  2026-10-08 12:21:22 /image/logo/logo1x1.png ............................................... ~ 0s
  2026-10-08 12:21:22 /vendor/livewire/livewire.js?id=e949cd11 .............................. ~ 0s
  2026-10-08 12:21:23 /image/logo/logo1x1.png ............................................... ~ 0s
  2026-10-08 12:21:23 /vendor/livewire/livewire.js?id=e949cd11 .............................. ~ 0s
  2026-10-08 12:21:23 ....................................................................... ~ 1s
  2026-10-08 12:21:27 ....................................................................... ~ 0s
  2026-10-08 12:21:27 ....................................................................... ~ 0s
  2026-10-08 12:21:27 ....................................................................... ~ 0s
  2026-10-08 12:21:27 /favicon.svg .......................................................... ~ 0s
  2026-10-08 12:21:27 ....................................................................... ~ 1s
  2026-10-08 12:21:27 ....................................................................... ~ 1s
  2026-10-08 12:21:28 /favicon.svg .......................................................... ~ 0s
  2026-10-08 12:21:44 ....................................................................... ~ 0s
  2026-10-08 12:21:28 ...................................................................... ~ 23s
  2026-10-08 12:21:27 ...................................................................... ~ 25s
  2026-10-08 12:21:52 ....................................................................... ~ 1s
  2026-10-08 12:21:52 /image/logo/logo1x1.png ............................................... ~ 1s
  2026-10-08 12:21:52 /vendor/livewire/livewire.js?id=e949cd11 .............................. ~ 1s
  2026-10-08 12:21:51 /image/logo/logo1x1.png ............................................... ~ 2s
  2026-10-08 12:21:53 /vendor/livewire/livewire.js?id=e949cd11 .............................. ~ 0s
  2026-10-08 12:21:52 ....................................................................... ~ 2s
  2026-10-08 12:21:55 ....................................................................... ~ 0s
  2026-10-08 12:21:55 ....................................................................... ~ 0s
  2026-10-08 12:21:55 /favicon.svg .......................................................... ~ 0s
  2026-10-08 12:21:55 ....................................................................... ~ 0s
  2026-10-08 12:21:55 ....................................................................... ~ 0s
  2026-10-08 12:21:55 /favicon.svg .......................................................... ~ 0s
  2026-10-08 12:21:55 ...................................................................... ~ 14s
  2026-10-08 12:21:55 ...................................................................... ~ 14s
  2026-10-08 12:22:09 /image/logo/logo1x1.png ............................................... ~ 0s
  2026-10-08 12:22:09 /vendor/livewire/livewire.js?id=e949cd11 .............................. ~ 0s
  2026-10-08 12:22:10 ....................................................................... ~ 0s
  2026-10-08 12:22:10 /image/logo/logo1x1.png ............................................... ~ 0s
  2026-10-08 12:22:10 /vendor/livewire/livewire.js?id=e949cd11 .............................. ~ 0s
  2026-10-08 12:22:12 ....................................................................... ~ 0s
  2026-10-08 12:22:10 ....................................................................... ~ 2s
  2026-10-08 12:22:12 ....................................................................... ~ 0s
  2026-10-08 12:22:12 /favicon.svg .......................................................... ~ 0s
  2026-10-08 12:22:12 ....................................................................... ~ 1s
  2026-10-08 12:22:12 ....................................................................... ~ 1s
  2026-10-08 12:22:13 /favicon.svg .......................................................... ~ 0s
  2026-10-08 12:22:14 ....................................................................... ~ 0s
  2026-10-08 12:22:12 ...................................................................... ~ 17s
  2026-10-08 12:22:29 ....................................................................... ~ 0s
  2026-10-08 12:22:29 /image/logo/logo1x1.png ............................................... ~ 0s
  2026-10-08 12:22:29 /image/logo/logo1x1.png ............................................... ~ 1s
  2026-10-08 12:22:30 /vendor/livewire/livewire.js?id=e949cd11 .............................. ~ 0s
  2026-10-08 12:22:30 /vendor/livewire/livewire.js?id=e949cd11 .............................. ~ 0s
  2026-10-08 12:22:30 ....................................................................... ~ 1s
  2026-10-08 12:22:31 ....................................................................... ~ 1s
  2026-10-08 12:22:32 ....................................................................... ~ 0s
  2026-10-08 12:22:32 ....................................................................... ~ 1s
  2026-10-08 12:22:33 ....................................................................... ~ 0s
  2026-10-08 12:22:33 ....................................................................... ~ 0s
  2026-10-08 12:22:32 /favicon.svg .......................................................... ~ 1s
  2026-10-08 12:22:33 /favicon.svg .......................................................... ~ 0s
  2026-10-08 12:22:44 ....................................................................... ~ 0s
  2026-10-08 12:22:33 ...................................................................... ~ 17s
  2026-10-08 12:22:50 ....................................................................... ~ 0s
  2026-10-08 12:22:50 /image/logo/logo1x1.png ............................................... ~ 0s
  2026-10-08 12:22:50 /vendor/livewire/livewire.js?id=e949cd11 .............................. ~ 0s
  2026-10-08 12:22:50 /image/logo/logo1x1.png ............................................... ~ 1s
  2026-10-08 12:22:51 /vendor/livewire/livewire.js?id=e949cd11 .............................. ~ 0s
  2026-10-08 12:22:51 ....................................................................... ~ 0s
  2026-10-08 12:22:53 ....................................................................... ~ 0s
  2026-10-08 12:22:53 ....................................................................... ~ 0s
  2026-10-08 12:22:53 /favicon.svg .......................................................... ~ 0s
  2026-10-08 12:22:53 ....................................................................... ~ 0s
  2026-10-08 12:22:53 ....................................................................... ~ 0s
  2026-10-08 12:22:53 ....................................................................... ~ 1s
  2026-10-08 12:22:53 /favicon.svg .......................................................... ~ 1s
  2026-10-08 12:22:53 ...................................................................... ~ 18s
  2026-10-08 12:22:54 ...................................................................... ~ 18s
  2026-10-08 12:23:11 /image/logo/logo1x1.png ............................................... ~ 1s
  2026-10-08 12:23:12 /vendor/livewire/livewire.js?id=e949cd11 .............................. ~ 0s
  2026-10-08 12:23:12 /image/logo/logo1x1.png ............................................... ~ 0s
  2026-10-08 12:23:12 /vendor/livewire/livewire.js?id=e949cd11 .............................. ~ 0s
  2026-10-08 12:23:12 ....................................................................... ~ 0s
  2026-10-08 12:23:14 ....................................................................... ~ 1s
  2026-10-08 12:23:12 ....................................................................... ~ 3s
  2026-10-08 12:23:15 ....................................................................... ~ 0s
  2026-10-08 12:23:15 ....................................................................... ~ 0s
  2026-10-08 12:23:15 ....................................................................... ~ 0s
  2026-10-08 12:23:15 /favicon.svg .......................................................... ~ 0s
  2026-10-08 12:23:15 ....................................................................... ~ 0s
  2026-10-08 12:23:15 /favicon.svg .......................................................... ~ 0s
  2026-10-08 12:23:15 ....................................................................... ~ 5s
  2026-10-08 12:23:20 ....................................................................... ~ 0s
  2026-10-08 12:23:20 /image/logo/logo1x1.png ............................................... ~ 0s
  2026-10-08 12:23:20 /vendor/livewire/livewire.js?id=e949cd11 .............................. ~ 0s
  2026-10-08 12:23:20 /image/logo/logo1x1.png ............................................... ~ 0s
  2026-10-08 12:23:21 /vendor/livewire/livewire.js?id=e949cd11 .............................. ~ 0s
  2026-10-08 12:23:21 ....................................................................... ~ 0s
  2026-10-08 12:23:21 ....................................................................... ~ 1s
  2026-10-08 12:23:22 ....................................................................... ~ 1s
  2026-10-08 12:23:23 ....................................................................... ~ 0s
  2026-10-08 12:23:23 ....................................................................... ~ 0s
  2026-10-08 12:23:23 ....................................................................... ~ 0s
  2026-10-08 12:23:23 /favicon.svg .......................................................... ~ 0s
  2026-10-08 12:23:23 /favicon.svg .......................................................... ~ 0s
  2026-10-08 12:23:23 ....................................................................... ~ 4s
  2026-10-08 12:23:23 ....................................................................... ~ 5s
  2026-10-08 12:23:28 ....................................................................... ~ 0s
  2026-10-08 12:23:28 /image/logo/logo1x1.png ............................................... ~ 0s
  2026-10-08 12:23:28 /vendor/livewire/livewire.js?id=e949cd11 .............................. ~ 0s
  2026-10-08 12:23:28 /image/logo/logo1x1.png ............................................... ~ 0s
  2026-10-08 12:23:29 /vendor/livewire/livewire.js?id=e949cd11 .............................. ~ 0s
  2026-10-08 12:23:28 ....................................................................... ~ 2s
  2026-10-08 12:23:31 ....................................................................... ~ 0s
  2026-10-08 12:23:31 ....................................................................... ~ 0s
  2026-10-08 12:23:31 ....................................................................... ~ 0s
  2026-10-08 12:23:31 ....................................................................... ~ 0s
  2026-10-08 12:23:31 /favicon.svg .......................................................... ~ 0s
  2026-10-08 12:23:31 /favicon.svg .......................................................... ~ 0s
  2026-10-08 12:23:31 ....................................................................... ~ 7s
  2026-10-08 12:23:31 ....................................................................... ~ 8s
  2026-10-08 12:23:39 ....................................................................... ~ 0s
  2026-10-08 12:23:39 /image/logo/logo1x1.png ............................................... ~ 0s
  2026-10-08 12:23:39 /vendor/livewire/livewire.js?id=e949cd11 .............................. ~ 0s
  2026-10-08 12:23:38 /image/logo/logo1x1.png ............................................... ~ 1s
  2026-10-08 12:23:39 /vendor/livewire/livewire.js?id=e949cd11 .............................. ~ 0s
  2026-10-08 12:23:39 ....................................................................... ~ 1s
  2026-10-08 12:23:40 ....................................................................... ~ 0s
  2026-10-08 12:23:40 ....................................................................... ~ 0s
  2026-10-08 12:23:40 /favicon.svg .......................................................... ~ 0s
  2026-10-08 12:23:41 ....................................................................... ~ 0s
  2026-10-08 12:23:41 ....................................................................... ~ 0s
  2026-10-08 12:23:41 /favicon.svg .......................................................... ~ 0s
  2026-10-08 12:23:45 ....................................................................... ~ 0s
  2026-10-08 12:23:41 ...................................................................... ~ 19s
  2026-10-08 12:24:00 ....................................................................... ~ 0s
  2026-10-08 12:24:00 /image/logo/logo1x1.png ............................................... ~ 0s
  2026-10-08 12:24:00 /vendor/livewire/livewire.js?id=e949cd11 .............................. ~ 0s
  2026-10-08 12:24:00 /image/logo/logo1x1.png ............................................... ~ 0s
  2026-10-08 12:24:01 /vendor/livewire/livewire.js?id=e949cd11 .............................. ~ 0s
  2026-10-08 12:24:01 ....................................................................... ~ 0s
  2026-10-08 12:24:03 ....................................................................... ~ 0s
  2026-10-08 12:24:03 ....................................................................... ~ 0s
  2026-10-08 12:24:03 /favicon.svg .......................................................... ~ 0s
  2026-10-08 12:24:03 ....................................................................... ~ 1s
  2026-10-08 12:24:04 ....................................................................... ~ 0s
  2026-10-08 12:24:04 ....................................................................... ~ 0s
  2026-10-08 12:24:04 /favicon.svg .......................................................... ~ 0s
  2026-10-08 12:24:04 ....................................................................... ~ 3s
  2026-10-08 12:24:03 ....................................................................... ~ 5s
  2026-10-08 12:24:08 /image/logo/logo1x1.png ............................................... ~ 0s
  2026-10-08 12:24:08 /vendor/livewire/livewire.js?id=e949cd11 .............................. ~ 0s
  2026-10-08 12:24:08 /image/logo/logo1x1.png ............................................... ~ 0s
  2026-10-08 12:24:08 ....................................................................... ~ 0s
  2026-10-08 12:24:08 /vendor/livewire/livewire.js?id=e949cd11 .............................. ~ 0s
  2026-10-08 12:24:11 ....................................................................... ~ 0s
  2026-10-08 12:24:11 ....................................................................... ~ 0s
  2026-10-08 12:24:11 ....................................................................... ~ 0s
  2026-10-08 12:24:11 ....................................................................... ~ 0s
  2026-10-08 12:24:11 ....................................................................... ~ 0s
  2026-10-08 12:24:11 /favicon.svg .......................................................... ~ 0s
  2026-10-08 12:24:11 /favicon.svg .......................................................... ~ 0s
  2026-10-08 12:24:15 ....................................................................... ~ 0s
  2026-10-08 12:24:11 ....................................................................... ~ 5s
  2026-10-08 12:24:11 ....................................................................... ~ 5s
  2026-10-08 12:24:16 /image/logo/logo1x1.png ............................................... ~ 0s
  2026-10-08 12:24:16 /vendor/livewire/livewire.js?id=e949cd11 .............................. ~ 0s
  2026-10-08 12:24:16 /image/logo/logo1x1.png ............................................... ~ 0s
  2026-10-08 12:24:16 /vendor/livewire/livewire.js?id=e949cd11 .............................. ~ 0s
  2026-10-08 12:24:17 ....................................................................... ~ 0s
  2026-10-08 12:24:17 ....................................................................... ~ 2s
  2026-10-08 12:24:19 ....................................................................... ~ 0s
  2026-10-08 12:24:19 ....................................................................... ~ 0s
  2026-10-08 12:24:19 ....................................................................... ~ 0s
  2026-10-08 12:24:19 /favicon.svg .......................................................... ~ 0s
  2026-10-08 12:24:19 ....................................................................... ~ 0s
  2026-10-08 12:24:19 /favicon.svg .......................................................... ~ 0s
  2026-10-08 12:24:19 ....................................................................... ~ 8s
  2026-10-08 12:24:27 ....................................................................... ~ 0s
  2026-10-08 12:24:27 /image/logo/logo1x1.png ............................................... ~ 0s
  2026-10-08 12:24:27 /image/logo/logo1x1.png ............................................... ~ 1s
  2026-10-08 12:24:28 /vendor/livewire/livewire.js?id=e949cd11 .............................. ~ 0s
  2026-10-08 12:24:28 /vendor/livewire/livewire.js?id=e949cd11 .............................. ~ 0s
  2026-10-08 12:24:28 ....................................................................... ~ 1s
  2026-10-08 12:24:30 ....................................................................... ~ 0s
  2026-10-08 12:24:30 ....................................................................... ~ 0s
  2026-10-08 12:24:30 /favicon.svg .......................................................... ~ 0s
  2026-10-08 12:24:30 ....................................................................... ~ 0s
  2026-10-08 12:24:30 ....................................................................... ~ 1s
  2026-10-08 12:24:31 ....................................................................... ~ 0s
  2026-10-08 12:24:30 /favicon.svg .......................................................... ~ 1s
  2026-10-08 12:24:45 ....................................................................... ~ 0s
  2026-10-08 12:24:30 ...................................................................... ~ 29s
  2026-10-08 12:24:31 ...................................................................... ~ 29s
  2026-10-08 12:25:15 ....................................................................... ~ 0s
  2026-10-08 12:25:18 ....................................................................... ~ 1s
  2026-10-08 12:25:19 ....................................................................... ~ 0s
  2026-10-08 12:25:19 /image/logo/logo1x1.png ............................................... ~ 0s
  2026-10-08 12:25:19 /vendor/livewire/livewire.js?id=e949cd11 .............................. ~ 0s
  2026-10-08 12:25:19 /image/logo/logo1x1.png ............................................... ~ 0s
  2026-10-08 12:25:20 /vendor/livewire/livewire.js?id=e949cd11 .............................. ~ 0s
  2026-10-08 12:25:20 ....................................................................... ~ 0s
  2026-10-08 12:25:22 ....................................................................... ~ 1s
  2026-10-08 12:25:22 ....................................................................... ~ 1s
  2026-10-08 12:25:23 ....................................................................... ~ 0s
  2026-10-08 12:25:23 /favicon.svg .......................................................... ~ 0s
  2026-10-08 12:25:23 ....................................................................... ~ 0s
  2026-10-08 12:25:23 ....................................................................... ~ 0s
  2026-10-08 12:25:23 /favicon.svg .......................................................... ~ 0s
  2026-10-08 12:25:23 ....................................................................... ~ 5s
  2026-10-08 12:25:23 ....................................................................... ~ 6s
  2026-10-08 12:25:29 /image/logo/logo1x1.png ............................................... ~ 0s
  2026-10-08 12:25:29 /vendor/livewire/livewire.js?id=e949cd11 .............................. ~ 0s
  2026-10-08 12:25:29 /image/logo/logo1x1.png ............................................... ~ 0s
  2026-10-08 12:25:29 ....................................................................... ~ 0s
  2026-10-08 12:25:29 /vendor/livewire/livewire.js?id=e949cd11 .............................. ~ 0s
  2026-10-08 12:25:29 ....................................................................... ~ 2s
  2026-10-08 12:25:31 ....................................................................... ~ 1s
  2026-10-08 12:25:31 ....................................................................... ~ 1s
  2026-10-08 12:25:32 ....................................................................... ~ 0s
  2026-10-08 12:25:32 ....................................................................... ~ 0s
  2026-10-08 12:25:32 /favicon.svg .......................................................... ~ 0s
  2026-10-08 12:25:32 /favicon.svg .......................................................... ~ 0s
  2026-10-08 12:25:45 ....................................................................... ~ 0s
  2026-10-08 12:25:32 ...................................................................... ~ 18s
  2026-10-08 12:25:32 ...................................................................... ~ 18s
  2026-10-08 12:25:50 /image/logo/logo1x1.png ............................................... ~ 0s
  2026-10-08 12:25:50 /vendor/livewire/livewire.js?id=e949cd11 .............................. ~ 0s
  2026-10-08 12:25:51 /image/logo/logo1x1.png ............................................... ~ 0s
  2026-10-08 12:25:51 /vendor/livewire/livewire.js?id=e949cd11 .............................. ~ 0s
  2026-10-08 12:25:51 ....................................................................... ~ 1s
  2026-10-08 12:25:53 ....................................................................... ~ 1s
  2026-10-08 12:25:54 ....................................................................... ~ 0s
  2026-10-08 12:25:54 ....................................................................... ~ 0s
  2026-10-08 12:25:54 ....................................................................... ~ 0s
  2026-10-08 12:25:54 /favicon.svg .......................................................... ~ 0s
  2026-10-08 12:25:54 ....................................................................... ~ 0s
  2026-10-08 12:25:54 /favicon.svg .......................................................... ~ 0s
  2026-10-08 12:25:54 ....................................................................... ~ 8s
  2026-10-08 12:25:54 ...................................................................... ~ 10s
  2026-10-08 12:26:04 ....................................................................... ~ 0s
  2026-10-08 12:26:04 /image/logo/logo1x1.png ............................................... ~ 0s
  2026-10-08 12:26:04 /vendor/livewire/livewire.js?id=e949cd11 .............................. ~ 0s
  2026-10-08 12:26:04 /image/logo/logo1x1.png ............................................... ~ 0s
  2026-10-08 12:26:04 /vendor/livewire/livewire.js?id=e949cd11 .............................. ~ 0s
  2026-10-08 12:26:04 ....................................................................... ~ 2s
  2026-10-08 12:26:06 ....................................................................... ~ 1s
  2026-10-08 12:26:07 ....................................................................... ~ 0s
  2026-10-08 12:26:07 ....................................................................... ~ 0s
  2026-10-08 12:26:07 /favicon.svg .......................................................... ~ 0s
  2026-10-08 12:26:07 ....................................................................... ~ 0s
  2026-10-08 12:26:07 /favicon.svg .......................................................... ~ 0s
  2026-10-08 12:26:07 ....................................................................... ~ 5s
  2026-10-08 12:26:07 ....................................................................... ~ 5s
  2026-10-08 12:26:12 /image/logo/logo1x1.png ............................................... ~ 0s
  2026-10-08 12:26:12 /vendor/livewire/livewire.js?id=e949cd11 .............................. ~ 0s
  2026-10-08 12:26:13 /image/logo/logo1x1.png ............................................... ~ 0s
  2026-10-08 12:26:13 /vendor/livewire/livewire.js?id=e949cd11 .............................. ~ 0s
  2026-10-08 12:26:13 ....................................................................... ~ 1s
  2026-10-08 12:26:15 ....................................................................... ~ 0s
  2026-10-08 12:26:15 ....................................................................... ~ 0s
  2026-10-08 12:26:15 ....................................................................... ~ 0s
  2026-10-08 12:26:15 /favicon.svg .......................................................... ~ 0s
  2026-10-08 12:26:16 ....................................................................... ~ 0s
  2026-10-08 12:26:16 ....................................................................... ~ 0s
  2026-10-08 12:26:16 ....................................................................... ~ 0s
  2026-10-08 12:26:16 /favicon.svg .......................................................... ~ 0s
  2026-10-08 12:26:16 ...................................................................... ~ 21s
  2026-10-08 12:26:16 ...................................................................... ~ 23s
  2026-10-08 12:26:37 /image/logo/logo1x1.png ............................................... ~ 2s
  2026-10-08 12:26:39 /vendor/livewire/livewire.js?id=e949cd11 .............................. ~ 0s
  2026-10-08 12:26:40 ....................................................................... ~ 1s
  2026-10-08 12:26:41 ....................................................................... ~ 0s
  2026-10-08 12:26:41 ....................................................................... ~ 0s
  2026-10-08 12:26:41 /favicon.svg .......................................................... ~ 0s
  2026-10-08 12:26:41 /favicon.ico .......................................................... ~ 1s
  2026-10-08 12:26:45 ....................................................................... ~ 0s
  2026-10-08 12:26:41 ...................................................................... ~ 10s
  2026-10-08 12:26:51 ....................................................................... ~ 1s
  2026-10-08 12:26:51 /image/logo/logo1x1.png ............................................... ~ 1s
  2026-10-08 12:26:52 /image/logo/logo1x1.png ............................................... ~ 0s
  2026-10-08 12:26:52 /vendor/livewire/livewire.js?id=e949cd11 .............................. ~ 0s
  2026-10-08 12:26:52 /vendor/livewire/livewire.js?id=e949cd11 .............................. ~ 0s
  2026-10-08 12:26:53 ....................................................................... ~ 0s
  2026-10-08 12:26:54 ....................................................................... ~ 1s
  2026-10-08 12:26:53 ....................................................................... ~ 2s
  2026-10-08 12:26:55 ....................................................................... ~ 0s
  2026-10-08 12:26:55 /favicon.svg .......................................................... ~ 0s
  2026-10-08 12:26:55 ....................................................................... ~ 0s
  2026-10-08 12:26:55 ....................................................................... ~ 0s
  2026-10-08 12:26:55 /favicon.svg .......................................................... ~ 0s
  2026-10-08 12:27:15 ....................................................................... ~ 0s
  2026-10-08 12:26:55 ...................................................................... ~ 29s
  2026-10-08 12:26:55 ...................................................................... ~ 30s
  2026-10-08 12:27:45 ....................................................................... ~ 0s
  2026-10-08 12:27:54 ....................................................................... ~ 0s
  2026-10-08 12:27:55 ....................................................................... ~ 0s
  2026-10-08 12:28:15 ....................................................................... ~ 0s
  2026-10-08 12:27:54 ...................................................................... ~ 30s
  2026-10-08 12:27:55 ...................................................................... ~ 29s
  2026-10-08 12:28:45 ....................................................................... ~ 1s
  2026-10-08 12:28:54 ....................................................................... ~ 0s
  2026-10-08 12:28:55 ....................................................................... ~ 0s
  2026-10-08 12:29:16 ....................................................................... ~ 0s
  2026-10-08 12:28:54 ...................................................................... ~ 30s
  2026-10-08 12:28:55 ...................................................................... ~ 29s
  2026-10-08 12:29:46 ....................................................................... ~ 0s
  2026-10-08 12:29:54 ....................................................................... ~ 0s
  2026-10-08 12:30:16 ....................................................................... ~ 0s
  2026-10-08 12:29:54 ...................................................................... ~ 30s
  2026-10-08 12:30:46 ....................................................................... ~ 0s
  2026-10-08 12:30:54 ....................................................................... ~ 0s
  2026-10-08 12:31:16 ....................................................................... ~ 0s
  2026-10-08 12:30:54 ...................................................................... ~ 30s
  2026-10-08 12:31:46 ....................................................................... ~ 0s
  2026-10-08 12:31:54 ....................................................................... ~ 0s
  2026-10-08 12:32:16 ....................................................................... ~ 0s
  2026-10-08 12:31:54 ...................................................................... ~ 30s
  2026-10-08 12:32:46 ....................................................................... ~ 0s
  2026-10-08 12:32:54 ....................................................................... ~ 0s
  2026-10-08 12:33:16 ....................................................................... ~ 0s
  2026-10-08 12:32:54 ...................................................................... ~ 30s
  2026-10-08 12:33:46 ....................................................................... ~ 0s
  2026-10-08 12:33:54 ....................................................................... ~ 0s
  2026-10-08 12:34:16 ....................................................................... ~ 0s
  2026-10-08 12:33:54 ...................................................................... ~ 30s
  2026-10-08 12:34:46 ....................................................................... ~ 0s
  2026-10-08 12:34:54 ....................................................................... ~ 0s
  2026-10-08 12:35:16 ....................................................................... ~ 0s
  2026-10-08 12:34:54 ...................................................................... ~ 30s
  2026-10-08 12:35:46 ....................................................................... ~ 0s
  2026-10-08 12:35:54 ....................................................................... ~ 0s
  2026-10-08 12:36:16 ....................................................................... ~ 0s
  2026-10-08 12:35:54 ...................................................................... ~ 30s
  2026-10-08 12:36:46 ....................................................................... ~ 1s
  2026-10-08 12:36:54 ....................................................................... ~ 0s
  2026-10-08 12:37:17 ....................................................................... ~ 0s
  2026-10-08 12:36:54 ...................................................................... ~ 30s
  2026-10-08 12:37:47 ....................................................................... ~ 0s
  2026-10-08 12:37:54 ....................................................................... ~ 0s
  2026-10-08 12:38:17 ....................................................................... ~ 0s
  2026-10-08 12:37:54 ...................................................................... ~ 30s
  2026-10-08 12:38:47 ....................................................................... ~ 0s
  2026-10-08 12:38:54 ....................................................................... ~ 0s
  2026-10-08 12:39:17 ....................................................................... ~ 0s
  2026-10-08 12:38:54 ...................................................................... ~ 30s
  2026-10-08 12:39:31 ....................................................................... ~ 0s
  2026-10-08 12:39:47 ....................................................................... ~ 0s
  2026-10-08 12:39:31 ...................................................................... ~ 23s
  2026-10-08 12:40:17 ....................................................................... ~ 0s
  2026-10-08 12:40:25 ....................................................................... ~ 0s
  2026-10-08 12:40:47 ....................................................................... ~ 0s
  2026-10-08 12:40:25 ...................................................................... ~ 29s
  2026-10-08 12:41:17 ....................................................................... ~ 0s
  2026-10-08 12:41:25 ....................................................................... ~ 0s
  2026-10-08 12:41:41 ....................................................................... ~ 0s
  2026-10-08 12:41:47 ....................................................................... ~ 0s
  2026-10-08 12:41:25 ...................................................................... ~ 29s
  2026-10-08 12:42:17 ....................................................................... ~ 0s
  2026-10-08 12:42:25 ....................................................................... ~ 0s
  2026-10-08 12:42:25 ...................................................................... ~ 10s
  2026-10-08 12:41:41 ...................................................................... ~ 56s
  2026-10-08 12:42:37 ....................................................................... ~ 1s
  2026-10-08 12:42:37 /image/logo/logo1x1.png ............................................... ~ 1s
  2026-10-08 12:42:37 /vendor/livewire/livewire.js?id=e949cd11 .............................. ~ 1s
  2026-10-08 12:42:37 /image/logo/logo1x1.png ............................................... ~ 1s
  2026-10-08 12:42:38 /vendor/livewire/livewire.js?id=e949cd11 .............................. ~ 0s
  2026-10-08 12:42:37 ....................................................................... ~ 3s
  2026-10-08 12:42:40 ....................................................................... ~ 1s
  2026-10-08 12:42:40 ....................................................................... ~ 1s
  2026-10-08 12:42:41 /favicon.svg .......................................................... ~ 0s
  2026-10-08 12:42:41 ....................................................................... ~ 0s
  2026-10-08 12:42:41 ....................................................................... ~ 0s
  2026-10-08 12:42:41 /favicon.svg .......................................................... ~ 0s
  2026-10-08 12:42:47 ....................................................................... ~ 0s
  2026-10-08 12:42:41 ....................................................................... ~ 7s
  2026-10-08 12:42:48 ....................................................................... ~ 0s
  2026-10-08 12:42:48 /image/logo/logo1x1.png ............................................... ~ 0s
  2026-10-08 12:42:48 /image/logo/logo1x1.png ............................................... ~ 0s
  2026-10-08 12:42:48 /vendor/livewire/livewire.js?id=e949cd11 .............................. ~ 0s
  2026-10-08 12:42:49 /vendor/livewire/livewire.js?id=e949cd11 .............................. ~ 0s
  2026-10-08 12:42:49 ....................................................................... ~ 0s
  2026-10-08 12:42:50 ....................................................................... ~ 0s
  2026-10-08 12:42:50 ....................................................................... ~ 0s
  2026-10-08 12:42:50 ....................................................................... ~ 0s
  2026-10-08 12:42:50 ....................................................................... ~ 0s
  2026-10-08 12:42:50 /favicon.svg .......................................................... ~ 0s
  2026-10-08 12:42:50 ....................................................................... ~ 0s
  2026-10-08 12:42:50 /favicon.svg .......................................................... ~ 0s
  2026-10-08 12:42:50 ....................................................................... ~ 7s
  2026-10-08 12:42:50 ....................................................................... ~ 8s
  2026-10-08 12:42:58 /image/logo/logo1x1.png ............................................... ~ 0s
  2026-10-08 12:42:58 /vendor/livewire/livewire.js?id=e949cd11 .............................. ~ 0s
  2026-10-08 12:42:58 ....................................................................... ~ 0s
  2026-10-08 12:42:58 /image/logo/logo1x1.png ............................................... ~ 0s
  2026-10-08 12:42:58 /vendor/livewire/livewire.js?id=e949cd11 .............................. ~ 0s
  2026-10-08 12:42:58 ....................................................................... ~ 1s
  2026-10-08 12:42:59 ....................................................................... ~ 0s
  2026-10-08 12:42:59 ....................................................................... ~ 0s
  2026-10-08 12:42:59 ....................................................................... ~ 1s
  2026-10-08 12:42:59 ....................................................................... ~ 1s
  2026-10-08 12:42:59 /favicon.svg .......................................................... ~ 1s
  2026-10-08 12:43:00 /favicon.svg .......................................................... ~ 0s
  2026-10-08 12:43:17 ....................................................................... ~ 0s
  2026-10-08 12:43:29 ....................................................................... ~ 0s
  2026-10-08 12:43:00 ...................................................................... ~ 30s
  2026-10-08 12:43:47 ....................................................................... ~ 1s
  2026-10-08 12:43:29 ...................................................................... ~ 23s
  2026-10-08 12:43:59 ....................................................................... ~ 0s
  2026-10-08 12:44:00 ....................................................................... ~ 0s
  2026-10-08 12:43:59 ....................................................................... ~ 6s
  2026-10-08 12:44:07 ....................................................................... ~ 0s
  2026-10-08 12:44:07 ....................................................................... ~ 4s
  2026-10-08 12:44:16 ....................................................................... ~ 0s
  2026-10-08 12:44:18 ....................................................................... ~ 0s
  2026-10-08 12:44:16 ....................................................................... ~ 2s
  2026-10-08 12:44:27 ....................................................................... ~ 0s
  2026-10-08 12:44:27 ....................................................................... ~ 1s
  2026-10-08 12:44:29 ....................................................................... ~ 0s
  2026-10-08 12:44:29 ....................................................................... ~ 0s
  2026-10-08 12:44:29 /favicon.ico .......................................................... ~ 0s
  2026-10-08 12:44:00 ...................................................................... ~ 30s
  2026-10-08 12:44:48 ....................................................................... ~ 0s
  2026-10-08 12:44:30 ...................................................................... ~ 29s
  2026-10-08 12:45:00 ....................................................................... ~ 0s
  2026-10-08 12:45:18 ....................................................................... ~ 0s
  2026-10-08 12:45:29 ....................................................................... ~ 0s
  2026-10-08 12:45:00 ...................................................................... ~ 30s
  2026-10-08 12:45:48 ....................................................................... ~ 0s
  2026-10-08 12:45:29 ...................................................................... ~ 30s
  2026-10-08 12:46:18 ....................................................................... ~ 0s
  2026-10-08 12:46:18 ....................................................................... ~ 0s
  2026-10-08 12:46:29 ....................................................................... ~ 0s
  2026-10-08 12:46:49 ....................................................................... ~ 0s
  2026-10-08 12:46:29 ...................................................................... ~ 30s
  2026-10-08 12:47:19 ....................................................................... ~ 0s
  2026-10-08 12:46:18 ...................................................................... ~ 61s
  2026-10-08 12:47:29 ....................................................................... ~ 0s
  2026-10-08 12:47:49 ....................................................................... ~ 0s
  2026-10-08 12:47:29 ...................................................................... ~ 30s
  2026-10-08 12:48:07 ....................................................................... ~ 0s
  2026-10-08 12:48:07 ....................................................................... ~ 6s
  2026-10-08 12:48:14 ....................................................................... ~ 0s
  2026-10-08 12:48:18 ....................................................................... ~ 0s
  2026-10-08 12:48:18 ....................................................................... ~ 0s
  2026-10-08 12:48:19 ....................................................................... ~ 0s
  2026-10-08 12:48:15 ...................................................................... ~ 14s
  2026-10-08 12:48:45 ....................................................................... ~ 0s
  2026-10-08 12:48:45 /image/logo/logo1x1.png ............................................... ~ 0s
  2026-10-08 12:48:46 ....................................................................... ~ 0s
  2026-10-08 12:48:46 /vendor/livewire/livewire.js?id=e949cd11 .............................. ~ 0s
  2026-10-08 12:48:46 ....................................................................... ~ 0s
  2026-10-08 12:48:47 ....................................................................... ~ 0s
  2026-10-08 12:48:47 ....................................................................... ~ 0s
  2026-10-08 12:48:47 /favicon.svg .......................................................... ~ 0s
  2026-10-08 12:48:49 ....................................................................... ~ 0s
  2026-10-08 12:49:16 ....................................................................... ~ 1s
  2026-10-08 12:49:19 ....................................................................... ~ 0s
  2026-10-08 12:48:19 ...................................................................... ~ 60s
  2026-10-08 12:49:17 ....................................................................... ~ 9s
  2026-10-08 12:49:27 /image/logo/logo1x1.png ............................................... ~ 0s
  2026-10-08 12:49:27 /vendor/livewire/livewire.js?id=e949cd11 .............................. ~ 0s
  2026-10-08 12:49:27 ....................................................................... ~ 0s
  2026-10-08 12:49:27 ....................................................................... ~ 2s
  2026-10-08 12:49:29 /image/logo/logo1x1.png ............................................... ~ 0s
  2026-10-08 12:49:29 /vendor/livewire/livewire.js?id=e949cd11 .............................. ~ 0s
  2026-10-08 12:49:27 ....................................................................... ~ 4s
  2026-10-08 12:49:31 ....................................................................... ~ 0s
  2026-10-08 12:49:31 ....................................................................... ~ 0s
  2026-10-08 12:49:31 /favicon.svg .......................................................... ~ 0s
  2026-10-08 12:49:31 ....................................................................... ~ 0s
  2026-10-08 12:49:31 ....................................................................... ~ 0s
  2026-10-08 12:49:31 /favicon.svg .......................................................... ~ 0s
  2026-10-08 12:49:40 ....................................................................... ~ 0s
  2026-10-08 12:49:32 ....................................................................... ~ 9s
  2026-10-08 12:49:41 ....................................................................... ~ 0s
  2026-10-08 12:49:40 /image/logo/logo1x1.png ............................................... ~ 1s
  2026-10-08 12:49:41 /vendor/livewire/livewire.js?id=e949cd11 .............................. ~ 0s
  2026-10-08 12:49:41 /image/logo/logo1x1.png ............................................... ~ 0s
  2026-10-08 12:49:41 /vendor/livewire/livewire.js?id=e949cd11 .............................. ~ 0s
  2026-10-08 12:49:45 ....................................................................... ~ 1s
  2026-10-08 12:49:45 ....................................................................... ~ 1s
  2026-10-08 12:49:46 /favicon.svg .......................................................... ~ 0s
  2026-10-08 12:49:46 ....................................................................... ~ 0s
  2026-10-08 12:49:46 ....................................................................... ~ 1s
  2026-10-08 12:49:47 ....................................................................... ~ 0s
  2026-10-08 12:49:46 /favicon.svg .......................................................... ~ 1s
  2026-10-08 12:49:49 ....................................................................... ~ 0s
  2026-10-08 12:49:47 ...................................................................... ~ 29s
  2026-10-08 12:49:46 ...................................................................... ~ 30s
  2026-10-08 12:50:19 ....................................................................... ~ 0s
  2026-10-08 12:50:46 ....................................................................... ~ 0s
  2026-10-08 12:50:46 ....................................................................... ~ 0s
  2026-10-08 12:50:49 ....................................................................... ~ 0s
  2026-10-08 12:50:46 ....................................................................... ~ 9s
  2026-10-08 12:50:57 ....................................................................... ~ 0s
  2026-10-08 12:50:57 ....................................................................... ~ 1s
  2026-10-08 12:51:03 ....................................................................... ~ 0s
  2026-10-08 12:51:03 /image/logo/logo1x1.png ............................................... ~ 0s
  2026-10-08 12:51:04 /vendor/livewire/livewire.js?id=e949cd11 .............................. ~ 0s
  2026-10-08 12:51:04 ....................................................................... ~ 0s
  2026-10-08 12:51:05 ....................................................................... ~ 0s
  2026-10-08 12:51:05 ....................................................................... ~ 0s
  2026-10-08 12:51:05 /favicon.svg .......................................................... ~ 0s
  2026-10-08 12:51:05 ....................................................................... ~ 1s
  2026-10-08 12:50:46 ...................................................................... ~ 30s
  2026-10-08 12:51:19 ....................................................................... ~ 0s
  2026-10-08 12:51:34 ....................................................................... ~ 0s
  2026-10-08 12:51:46 ....................................................................... ~ 0s
  2026-10-08 12:51:49 ....................................................................... ~ 1s
  2026-10-08 12:51:35 ...................................................................... ~ 18s
  2026-10-08 12:51:53 /image/logo/logo1x1.png ............................................... ~ 0s
  2026-10-08 12:51:53 /vendor/livewire/livewire.js?id=e949cd11 .............................. ~ 0s
  2026-10-08 12:51:53 ....................................................................... ~ 1s
  2026-10-08 12:51:54 ....................................................................... ~ 0s
  2026-10-08 12:51:54 ....................................................................... ~ 0s
  2026-10-08 12:51:54 ....................................................................... ~ 0s
  2026-10-08 12:51:54 /favicon.svg .......................................................... ~ 0s
  2026-10-08 12:51:46 ...................................................................... ~ 30s
  2026-10-08 12:52:20 ....................................................................... ~ 0s
  2026-10-08 12:52:23 ....................................................................... ~ 1s
  2026-10-08 12:52:50 ....................................................................... ~ 0s
  2026-10-08 12:52:24 ...................................................................... ~ 29s
  2026-10-08 12:53:07 ....................................................................... ~ 0s
  2026-10-08 12:53:07 ....................................................................... ~ 1s
  2026-10-08 12:53:08 /image/logo/logo1x1.png ............................................... ~ 0s
  2026-10-08 12:53:08 /vendor/livewire/livewire.js?id=e949cd11 .............................. ~ 0s
  2026-10-08 12:53:07 /image/logo/logo1x1.png ............................................... ~ 1s
  2026-10-08 12:53:08 /vendor/livewire/livewire.js?id=e949cd11 .............................. ~ 0s
  2026-10-08 12:53:09 ....................................................................... ~ 0s
  2026-10-08 12:53:09 ....................................................................... ~ 3s
  2026-10-08 12:53:12 ....................................................................... ~ 0s
  2026-10-08 12:53:12 ....................................................................... ~ 0s
  2026-10-08 12:53:12 ....................................................................... ~ 0s
  2026-10-08 12:53:12 ....................................................................... ~ 0s
  2026-10-08 12:53:12 /favicon.svg .......................................................... ~ 0s
  2026-10-08 12:53:12 /favicon.svg .......................................................... ~ 0s
  2026-10-08 12:53:20 ....................................................................... ~ 0s
  2026-10-08 12:53:34 ....................................................................... ~ 0s
  2026-10-08 12:53:12 ...................................................................... ~ 23s
  2026-10-08 12:53:35 ....................................................................... ~ 0s
  2026-10-08 12:53:34 /image/logo/logo1x1.png ............................................... ~ 1s
  2026-10-08 12:53:35 /vendor/livewire/livewire.js?id=e949cd11 .............................. ~ 0s
  2026-10-08 12:53:35 /image/logo/logo1x1.png ............................................... ~ 0s
  2026-10-08 12:53:35 /vendor/livewire/livewire.js?id=e949cd11 .............................. ~ 0s
  2026-10-08 12:53:37 ....................................................................... ~ 0s
  2026-10-08 12:53:37 ....................................................................... ~ 0s
  2026-10-08 12:53:37 ....................................................................... ~ 1s
  2026-10-08 12:53:37 ....................................................................... ~ 1s
  2026-10-08 12:53:38 ....................................................................... ~ 0s
  2026-10-08 12:53:37 /favicon.svg .......................................................... ~ 1s
  2026-10-08 12:53:38 /favicon.svg .......................................................... ~ 0s
  2026-10-08 12:53:38 ....................................................................... ~ 4s
  2026-10-08 12:53:38 ....................................................................... ~ 6s
  2026-10-08 12:53:44 ....................................................................... ~ 0s
  2026-10-08 12:53:44 /image/logo/logo1x1.png ............................................... ~ 0s
  2026-10-08 12:53:44 /vendor/livewire/livewire.js?id=e949cd11 .............................. ~ 0s
  2026-10-08 12:53:44 /image/logo/logo1x1.png ............................................... ~ 0s
  2026-10-08 12:53:44 /vendor/livewire/livewire.js?id=e949cd11 .............................. ~ 0s
  2026-10-08 12:53:44 ....................................................................... ~ 2s
  2026-10-08 12:53:46 ....................................................................... ~ 0s
  2026-10-08 12:53:46 ....................................................................... ~ 0s
  2026-10-08 12:53:46 ....................................................................... ~ 0s
  2026-10-08 12:53:46 ....................................................................... ~ 0s
  2026-10-08 12:53:46 /favicon.svg .......................................................... ~ 0s
  2026-10-08 12:53:46 /favicon.svg .......................................................... ~ 0s
  2026-10-08 12:53:50 ....................................................................... ~ 0s
  2026-10-08 12:53:46 ...................................................................... ~ 13s
  2026-10-08 12:53:46 ...................................................................... ~ 14s
  2026-10-08 12:54:00 ....................................................................... ~ 0s
  2026-10-08 12:54:00 /image/logo/logo1x1.png ............................................... ~ 0s
  2026-10-08 12:54:00 /vendor/livewire/livewire.js?id=e949cd11 .............................. ~ 0s
  2026-10-08 12:54:00 /image/logo/logo1x1.png ............................................... ~ 0s
  2026-10-08 12:54:00 /vendor/livewire/livewire.js?id=e949cd11 .............................. ~ 0s
  2026-10-08 12:54:00 ....................................................................... ~ 2s
  2026-10-08 12:54:02 ....................................................................... ~ 0s
  2026-10-08 12:54:02 ....................................................................... ~ 0s
  2026-10-08 12:54:02 ....................................................................... ~ 0s
  2026-10-08 12:54:02 ....................................................................... ~ 0s
  2026-10-08 12:54:02 /favicon.svg .......................................................... ~ 0s
  2026-10-08 12:54:02 /favicon.svg .......................................................... ~ 0s
  2026-10-08 12:54:02 ....................................................................... ~ 9s
  2026-10-08 12:54:11 ....................................................................... ~ 1s
  2026-10-08 12:54:11 /image/logo/logo1x1.png ............................................... ~ 1s
  2026-10-08 12:54:12 /vendor/livewire/livewire.js?id=e949cd11 .............................. ~ 0s
  2026-10-08 12:54:12 /image/logo/logo1x1.png ............................................... ~ 0s
  2026-10-08 12:54:13 /vendor/livewire/livewire.js?id=e949cd11 .............................. ~ 0s
  2026-10-08 12:54:13 ....................................................................... ~ 1s
  2026-10-08 12:54:15 ....................................................................... ~ 0s
  2026-10-08 12:54:14 ....................................................................... ~ 1s
  2026-10-08 12:54:15 ....................................................................... ~ 0s
  2026-10-08 12:54:15 /favicon.svg .......................................................... ~ 0s
  2026-10-08 12:54:16 ....................................................................... ~ 0s
  2026-10-08 12:54:16 ....................................................................... ~ 0s
  2026-10-08 12:54:16 /favicon.svg .......................................................... ~ 0s
  2026-10-08 12:54:20 ....................................................................... ~ 0s
  2026-10-08 12:54:16 ...................................................................... ~ 16s
  2026-10-08 12:54:33 /image/logo/logo1x1.png ............................................... ~ 0s
  2026-10-08 12:54:33 /vendor/livewire/livewire.js?id=e949cd11 .............................. ~ 0s
  2026-10-08 12:54:15 ...................................................................... ~ 19s
  2026-10-08 12:54:34 ....................................................................... ~ 0s
  2026-10-08 12:54:34 /image/logo/logo1x1.png ............................................... ~ 0s
  2026-10-08 12:54:35 /vendor/livewire/livewire.js?id=e949cd11 .............................. ~ 0s
  2026-10-08 12:54:35 ....................................................................... ~ 1s
  2026-10-08 12:54:36 ....................................................................... ~ 0s
  2026-10-08 12:54:36 ....................................................................... ~ 0s
  2026-10-08 12:54:36 ....................................................................... ~ 0s
  2026-10-08 12:54:36 /favicon.svg .......................................................... ~ 0s
  2026-10-08 12:54:36 ....................................................................... ~ 0s
  2026-10-08 12:54:36 /favicon.svg .......................................................... ~ 0s
  2026-10-08 12:54:50 ....................................................................... ~ 0s
  2026-10-08 12:54:36 ...................................................................... ~ 29s
  2026-10-08 12:54:36 ...................................................................... ~ 31s
  2026-10-08 12:55:20 ....................................................................... ~ 0s
  2026-10-08 12:55:35 ....................................................................... ~ 0s
  2026-10-08 12:55:37 ....................................................................... ~ 0s
  2026-10-08 12:55:50 ....................................................................... ~ 0s
  2026-10-08 12:55:35 ...................................................................... ~ 30s
  2026-10-08 12:55:37 ...................................................................... ~ 30s
  2026-10-08 12:56:20 ....................................................................... ~ 0s
  2026-10-08 12:56:35 ....................................................................... ~ 0s
  2026-10-08 12:56:37 ....................................................................... ~ 0s
  2026-10-08 12:56:35 ...................................................................... ~ 11s
  2026-10-08 12:56:46 /image/logo/logo1x1.png ............................................... ~ 0s
  2026-10-08 12:56:46 /vendor/livewire/livewire.js?id=e949cd11 .............................. ~ 0s
  2026-10-08 12:56:46 ....................................................................... ~ 1s
  2026-10-08 12:56:47 ....................................................................... ~ 0s
  2026-10-08 12:56:47 ....................................................................... ~ 0s
  2026-10-08 12:56:47 /favicon.svg .......................................................... ~ 0s
  2026-10-08 12:56:48 ....................................................................... ~ 0s
  2026-10-08 12:56:50 ....................................................................... ~ 0s
  2026-10-08 12:56:37 ...................................................................... ~ 30s
  2026-10-08 12:56:48 ...................................................................... ~ 29s
  2026-10-08 12:57:20 ....................................................................... ~ 0s
  2026-10-08 12:57:40 ....................................................................... ~ 0s
  2026-10-08 12:57:40 /image/logo/logo1x1.png ............................................... ~ 0s
  2026-10-08 12:57:41 /vendor/livewire/livewire.js?id=e949cd11 .............................. ~ 0s
  2026-10-08 12:57:41 ....................................................................... ~ 0s
  2026-10-08 12:57:41 ....................................................................... ~ 0s
  2026-10-08 12:57:41 ....................................................................... ~ 0s
  2026-10-08 12:57:41 ....................................................................... ~ 0s
  2026-10-08 12:57:41 /favicon.svg .......................................................... ~ 0s
  2026-10-08 12:57:51 ....................................................................... ~ 0s
  2026-10-08 12:57:41 ...................................................................... ~ 30s
  2026-10-08 12:58:18 ....................................................................... ~ 0s
  2026-10-08 12:58:18 ....................................................................... ~ 0s
  2026-10-08 12:58:21 ....................................................................... ~ 0s
  2026-10-08 12:58:41 ....................................................................... ~ 0s
  2026-10-08 12:58:51 ....................................................................... ~ 0s
  2026-10-08 12:58:41 ...................................................................... ~ 30s
  2026-10-08 12:58:18 ...................................................................... ~ 61s
  2026-10-08 12:59:21 ....................................................................... ~ 0s
  2026-10-08 12:59:35 ....................................................................... ~ 1s
  2026-10-08 12:59:36 /image/logo/logo1x1.png ............................................... ~ 0s
  2026-10-08 12:59:36 /vendor/livewire/livewire.js?id=e949cd11 .............................. ~ 0s
  2026-10-08 12:59:36 ....................................................................... ~ 1s
  2026-10-08 12:59:37 ....................................................................... ~ 1s
  2026-10-08 12:59:37 /image/logo/logo1x1.png ............................................... ~ 1s
  2026-10-08 12:59:37 /vendor/livewire/livewire.js?id=e949cd11 .............................. ~ 1s
  2026-10-08 12:59:37 ....................................................................... ~ 2s
  2026-10-08 12:59:39 ....................................................................... ~ 0s
  2026-10-08 12:59:39 ....................................................................... ~ 1s
  2026-10-08 12:59:39 /favicon.svg .......................................................... ~ 1s
  2026-10-08 12:59:40 ....................................................................... ~ 0s
  2026-10-08 12:59:40 ....................................................................... ~ 0s
  2026-10-08 12:59:40 /favicon.svg .......................................................... ~ 0s
  2026-10-08 12:59:40 ....................................................................... ~ 1s
  2026-10-08 12:59:40 ....................................................................... ~ 2s
  2026-10-08 12:59:42 /image/logo/logo1x1.png ............................................... ~ 0s
  2026-10-08 12:59:42 /vendor/livewire/livewire.js?id=e949cd11 .............................. ~ 0s
  2026-10-08 12:59:42 ....................................................................... ~ 1s
  2026-10-08 12:59:42 /image/logo/logo1x1.png ............................................... ~ 1s
  2026-10-08 12:59:43 /vendor/livewire/livewire.js?id=e949cd11 .............................. ~ 0s
  2026-10-08 12:59:45 ....................................................................... ~ 0s
  2026-10-08 12:59:45 ....................................................................... ~ 0s
  2026-10-08 12:59:45 ....................................................................... ~ 0s
  2026-10-08 12:59:45 /favicon.svg .......................................................... ~ 0s
  2026-10-08 12:59:45 ....................................................................... ~ 0s
  2026-10-08 12:59:45 ....................................................................... ~ 0s
  2026-10-08 12:59:45 /favicon.svg .......................................................... ~ 0s
  2026-10-08 12:59:51 ....................................................................... ~ 0s
  2026-10-08 12:59:45 ...................................................................... ~ 10s
  2026-10-08 12:59:56 /image/logo/logo1x1.png ............................................... ~ 0s
  2026-10-08 12:59:56 /vendor/livewire/livewire.js?id=e949cd11 .............................. ~ 0s
  2026-10-08 12:59:45 ...................................................................... ~ 12s
  2026-10-08 12:59:56 ....................................................................... ~ 1s
  2026-10-08 12:59:57 /image/logo/logo1x1.png ............................................... ~ 0s
  2026-10-08 12:59:57 /vendor/livewire/livewire.js?id=e949cd11 .............................. ~ 0s
  2026-10-08 12:59:57 ....................................................................... ~ 1s
  2026-10-08 12:59:58 ....................................................................... ~ 0s
  2026-10-08 12:59:58 ....................................................................... ~ 0s
  2026-10-08 12:59:58 /favicon.svg .......................................................... ~ 0s
  2026-10-08 12:59:58 ....................................................................... ~ 0s
  2026-10-08 12:59:58 ....................................................................... ~ 1s
  2026-10-08 12:59:59 /favicon.svg .......................................................... ~ 0s
  2026-10-08 12:59:59 ....................................................................... ~ 3s
  2026-10-08 13:00:03 /image/logo/logo1x1.png ............................................... ~ 0s
  2026-10-08 13:00:03 /vendor/livewire/livewire.js?id=e949cd11 .............................. ~ 0s
  2026-10-08 12:59:58 ....................................................................... ~ 6s
  2026-10-08 13:00:04 ....................................................................... ~ 0s
  2026-10-08 13:00:04 /image/logo/logo1x1.png ............................................... ~ 0s
  2026-10-08 13:00:04 /vendor/livewire/livewire.js?id=e949cd11 .............................. ~ 0s
  2026-10-08 13:00:05 ....................................................................... ~ 0s
  2026-10-08 13:00:05 ....................................................................... ~ 1s
  2026-10-08 13:00:06 ....................................................................... ~ 0s
  2026-10-08 13:00:06 ....................................................................... ~ 0s
  2026-10-08 13:00:05 /favicon.svg .......................................................... ~ 1s
  2026-10-08 13:00:06 ....................................................................... ~ 0s
  2026-10-08 13:00:06 /favicon.svg .......................................................... ~ 0s
  2026-10-08 13:00:06 ....................................................................... ~ 2s
  2026-10-08 13:00:06 ....................................................................... ~ 3s
  2026-10-08 13:00:09 ....................................................................... ~ 1s
  2026-10-08 13:00:09 /image/logo/logo1x1.png ............................................... ~ 1s
  2026-10-08 13:00:09 /image/logo/logo1x1.png ............................................... ~ 1s
  2026-10-08 13:00:09 /vendor/livewire/livewire.js?id=e949cd11 .............................. ~ 1s
  2026-10-08 13:00:10 /vendor/livewire/livewire.js?id=e949cd11 .............................. ~ 0s
  2026-10-08 13:00:11 ....................................................................... ~ 0s
  2026-10-08 13:00:11 ....................................................................... ~ 0s
  2026-10-08 13:00:09 ....................................................................... ~ 2s
  2026-10-08 13:00:11 /favicon.svg .......................................................... ~ 0s
  2026-10-08 13:00:11 ....................................................................... ~ 0s
  2026-10-08 13:00:11 ....................................................................... ~ 0s
  2026-10-08 13:00:11 /favicon.svg .......................................................... ~ 0s
  2026-10-08 13:00:11 ....................................................................... ~ 4s
  2026-10-08 13:00:15 ....................................................................... ~ 0s
  2026-10-08 13:00:15 /image/logo/logo1x1.png ............................................... ~ 0s
  2026-10-08 13:00:15 /vendor/livewire/livewire.js?id=e949cd11 .............................. ~ 0s
  2026-10-08 13:00:15 /image/logo/logo1x1.png ............................................... ~ 0s
  2026-10-08 13:00:16 /vendor/livewire/livewire.js?id=e949cd11 .............................. ~ 0s
  2026-10-08 13:00:16 ....................................................................... ~ 1s
  2026-10-08 13:00:17 ....................................................................... ~ 1s
  2026-10-08 13:00:18 ....................................................................... ~ 1s
  2026-10-08 13:00:19 ....................................................................... ~ 0s
  2026-10-08 13:00:19 ....................................................................... ~ 0s
  2026-10-08 13:00:18 /favicon.svg .......................................................... ~ 1s
  2026-10-08 13:00:19 ....................................................................... ~ 0s
  2026-10-08 13:00:19 /favicon.svg .......................................................... ~ 0s
  2026-10-08 13:00:20 ....................................................................... ~ 1s
  2026-10-08 13:00:21 /image/logo/logo1x1.png ............................................... ~ 0s
  2026-10-08 13:00:19 ....................................................................... ~ 3s
  2026-10-08 13:00:22 ....................................................................... ~ 0s
  2026-10-08 13:00:22 ....................................................................... ~ 1s
  2026-10-08 13:00:22 /vendor/livewire/livewire.js?id=e949cd11 .............................. ~ 1s
  2026-10-08 13:00:23 /image/logo/logo1x1.png ............................................... ~ 0s
  2026-10-08 13:00:23 /vendor/livewire/livewire.js?id=e949cd11 .............................. ~ 0s
  2026-10-08 13:00:22 ....................................................................... ~ 2s
  2026-10-08 13:00:24 ....................................................................... ~ 0s
  2026-10-08 13:00:24 ....................................................................... ~ 0s
  2026-10-08 13:00:24 ....................................................................... ~ 0s
  2026-10-08 13:00:24 /favicon.svg .......................................................... ~ 0s
  2026-10-08 13:00:24 ....................................................................... ~ 1s
  2026-10-08 13:00:24 /favicon.svg .......................................................... ~ 1s
  2026-10-08 13:00:24 ....................................................................... ~ 2s
  2026-10-08 13:00:26 ....................................................................... ~ 1s
  2026-10-08 13:00:27 /image/logo/logo1x1.png ............................................... ~ 0s
  2026-10-08 13:00:27 /vendor/livewire/livewire.js?id=e949cd11 .............................. ~ 0s
  2026-10-08 13:00:26 /image/logo/logo1x1.png ............................................... ~ 1s
  2026-10-08 13:00:27 /vendor/livewire/livewire.js?id=e949cd11 .............................. ~ 0s
  2026-10-08 13:00:28 ....................................................................... ~ 0s
  2026-10-08 13:00:30 ....................................................................... ~ 0s
  2026-10-08 13:00:30 ....................................................................... ~ 0s
  2026-10-08 13:00:28 ....................................................................... ~ 2s
  2026-10-08 13:00:30 /favicon.svg .......................................................... ~ 0s
  2026-10-08 13:00:30 ....................................................................... ~ 0s
  2026-10-08 13:00:30 ....................................................................... ~ 0s
  2026-10-08 13:00:30 /favicon.svg .......................................................... ~ 0s
  2026-10-08 13:00:52 ....................................................................... ~ 0s
  2026-10-08 13:00:30 ...................................................................... ~ 30s
  2026-10-08 13:01:00 ....................................................................... ~ 0s
  2026-10-08 13:01:22 ....................................................................... ~ 0s
  2026-10-08 13:01:00 ...................................................................... ~ 30s
  2026-10-08 13:01:30 ....................................................................... ~ 0s
  2026-10-08 13:01:52 ....................................................................... ~ 0s
  2026-10-08 13:01:30 ...................................................................... ~ 30s
  2026-10-08 13:02:00 ....................................................................... ~ 0s
  2026-10-08 13:02:22 ....................................................................... ~ 0s
  2026-10-08 13:02:00 ...................................................................... ~ 30s
  2026-10-08 13:02:30 ....................................................................... ~ 0s
  2026-10-08 13:02:52 ....................................................................... ~ 0s
  2026-10-08 13:02:30 ...................................................................... ~ 30s
  2026-10-08 13:03:00 ....................................................................... ~ 0s
  2026-10-08 13:03:22 ....................................................................... ~ 0s
  2026-10-08 13:03:00 ...................................................................... ~ 30s
  2026-10-08 13:03:52 ....................................................................... ~ 0s
  2026-10-08 13:04:00 ....................................................................... ~ 0s
  2026-10-08 13:04:00 ....................................................................... ~ 1s
  2026-10-08 13:04:02 /image/logo/logo1x1.png ............................................... ~ 0s
  2026-10-08 13:04:02 /vendor/livewire/livewire.js?id=e949cd11 .............................. ~ 0s
  2026-10-08 13:04:02 ....................................................................... ~ 0s
  2026-10-08 13:04:02 ....................................................................... ~ 1s
  2026-10-08 13:04:03 ....................................................................... ~ 0s
  2026-10-08 13:04:03 ....................................................................... ~ 0s
  2026-10-08 13:04:03 /favicon.svg .......................................................... ~ 0s
  2026-10-08 13:04:04 ....................................................................... ~ 0s
  2026-10-08 13:04:04 ....................................................................... ~ 9s
  2026-10-08 13:04:16 ....................................................................... ~ 0s
  2026-10-08 13:04:16 ....................................................................... ~ 0s
  2026-10-08 13:04:18 ....................................................................... ~ 0s
  2026-10-08 13:04:18 ....................................................................... ~ 2s
  2026-10-08 13:04:22 ....................................................................... ~ 1s
  2026-10-08 13:04:28 ....................................................................... ~ 0s
  2026-10-08 13:04:28 ....................................................................... ~ 4s
  2026-10-08 13:04:33 ....................................................................... ~ 0s
  2026-10-08 13:04:33 ....................................................................... ~ 3s
  2026-10-08 13:04:40 ....................................................................... ~ 0s
  2026-10-08 13:04:40 ....................................................................... ~ 1s
  2026-10-08 13:04:51 ....................................................................... ~ 0s
  2026-10-08 13:04:53 ....................................................................... ~ 0s
  2026-10-08 13:04:51 ....................................................................... ~ 7s
  2026-10-08 13:05:03 ....................................................................... ~ 0s
  2026-10-08 13:05:03 ....................................................................... ~ 1s
  2026-10-08 13:05:04 /image/logo/logo1x1.png ............................................... ~ 0s
  2026-10-08 13:05:04 /vendor/livewire/livewire.js?id=e949cd11 .............................. ~ 0s
  2026-10-08 13:05:05 ....................................................................... ~ 0s
  2026-10-08 13:05:05 ....................................................................... ~ 0s
  2026-10-08 13:05:05 ....................................................................... ~ 0s
  2026-10-08 13:05:05 ....................................................................... ~ 0s
  2026-10-08 13:05:05 /favicon.svg .......................................................... ~ 0s
  2026-10-08 13:05:23 ....................................................................... ~ 0s
  2026-10-08 13:05:35 ....................................................................... ~ 0s
  2026-10-08 13:05:53 ....................................................................... ~ 0s
  2026-10-08 13:05:35 ...................................................................... ~ 30s
  2026-10-08 13:04:16 ..................................................................... ~ 110s
  2026-10-08 13:06:06 ....................................................................... ~ 0s
  2026-10-08 13:06:06 ....................................................................... ~ 1s
  2026-10-08 13:06:07 ....................................................................... ~ 0s
  2026-10-08 13:06:07 /image/logo/logo1x1.png ............................................... ~ 0s
  2026-10-08 13:06:07 /vendor/livewire/livewire.js?id=e949cd11 .............................. ~ 0s
  2026-10-08 13:06:07 /image/logo/logo1x1.png ............................................... ~ 0s
  2026-10-08 13:06:07 /vendor/livewire/livewire.js?id=e949cd11 .............................. ~ 0s
  2026-10-08 13:06:10 ....................................................................... ~ 0s
  2026-10-08 13:06:10 ....................................................................... ~ 0s
  2026-10-08 13:06:10 ....................................................................... ~ 1s
  2026-10-08 13:06:10 /favicon.svg .......................................................... ~ 1s
  2026-10-08 13:06:11 ....................................................................... ~ 0s
  2026-10-08 13:06:11 ....................................................................... ~ 0s
  2026-10-08 13:06:11 /favicon.svg .......................................................... ~ 0s
  2026-10-08 13:06:23 ....................................................................... ~ 0s
  2026-10-08 13:06:10 ...................................................................... ~ 18s
  2026-10-08 13:06:11 ...................................................................... ~ 18s
  2026-10-08 13:06:29 ....................................................................... ~ 0s
  2026-10-08 13:06:29 /image/logo/logo1x1.png ............................................... ~ 0s
  2026-10-08 13:06:29 /vendor/livewire/livewire.js?id=e949cd11 .............................. ~ 0s
  2026-10-08 13:06:29 /image/logo/logo1x1.png ............................................... ~ 0s
  2026-10-08 13:06:29 /vendor/livewire/livewire.js?id=e949cd11 .............................. ~ 0s
  2026-10-08 13:06:30 ....................................................................... ~ 1s
  2026-10-08 13:06:31 ....................................................................... ~ 0s
  2026-10-08 13:06:31 ....................................................................... ~ 0s
  2026-10-08 13:06:31 ....................................................................... ~ 0s
  2026-10-08 13:06:31 /favicon.svg .......................................................... ~ 0s
  2026-10-08 13:06:31 ....................................................................... ~ 0s
  2026-10-08 13:06:31 /favicon.svg .......................................................... ~ 0s
  2026-10-08 13:06:31 ....................................................................... ~ 6s
  2026-10-08 13:06:31 ....................................................................... ~ 7s
  2026-10-08 13:06:38 /image/logo/logo1x1.png ............................................... ~ 0s
  2026-10-08 13:06:38 /vendor/livewire/livewire.js?id=e949cd11 .............................. ~ 0s
  2026-10-08 13:06:38 ....................................................................... ~ 0s
  2026-10-08 13:06:37 /image/logo/logo1x1.png ............................................... ~ 1s
  2026-10-08 13:06:38 /vendor/livewire/livewire.js?id=e949cd11 .............................. ~ 0s
  2026-10-08 13:06:38 ....................................................................... ~ 2s
  2026-10-08 13:06:40 ....................................................................... ~ 1s
  2026-10-08 13:06:40 ....................................................................... ~ 1s
  2026-10-08 13:06:41 ....................................................................... ~ 0s
  2026-10-08 13:06:41 ....................................................................... ~ 0s
  2026-10-08 13:06:41 /favicon.svg .......................................................... ~ 0s
  2026-10-08 13:06:41 /favicon.svg .......................................................... ~ 0s
  2026-10-08 13:06:53 ....................................................................... ~ 0s
  2026-10-08 13:06:41 ...................................................................... ~ 14s
  2026-10-08 13:06:55 ....................................................................... ~ 0s
  2026-10-08 13:06:55 /image/logo/logo1x1.png ............................................... ~ 0s
  2026-10-08 13:06:55 /vendor/livewire/livewire.js?id=e949cd11 .............................. ~ 0s
  2026-10-08 13:06:55 /image/logo/logo1x1.png ............................................... ~ 0s
  2026-10-08 13:06:56 /vendor/livewire/livewire.js?id=e949cd11 .............................. ~ 0s
  2026-10-08 13:06:56 ....................................................................... ~ 0s
  2026-10-08 13:06:58 ....................................................................... ~ 0s
  2026-10-08 13:06:58 ....................................................................... ~ 0s
  2026-10-08 13:06:58 /favicon.svg .......................................................... ~ 0s
  2026-10-08 13:06:59 ....................................................................... ~ 0s
  2026-10-08 13:06:59 ....................................................................... ~ 0s
  2026-10-08 13:06:59 ....................................................................... ~ 0s
  2026-10-08 13:06:59 /favicon.svg .......................................................... ~ 0s
  2026-10-08 13:07:23 ....................................................................... ~ 0s
  2026-10-08 13:06:59 ...................................................................... ~ 29s
  2026-10-08 13:06:58 ...................................................................... ~ 31s
  2026-10-08 13:07:40 ....................................................................... ~ 1s
  2026-10-08 13:07:41 /image/logo/logo1x1.png ............................................... ~ 0s
  2026-10-08 13:07:41 /vendor/livewire/livewire.js?id=e949cd11 .............................. ~ 0s
  2026-10-08 13:07:41 ....................................................................... ~ 1s
  2026-10-08 13:07:41 ....................................................................... ~ 1s
  2026-10-08 13:07:42 /image/logo/logo1x1.png ............................................... ~ 0s
  2026-10-08 13:07:42 /vendor/livewire/livewire.js?id=e949cd11 .............................. ~ 0s
  2026-10-08 13:07:47 ....................................................................... ~ 0s
  2026-10-08 13:07:47 ....................................................................... ~ 0s
  2026-10-08 13:07:47 ....................................................................... ~ 0s
  2026-10-08 13:07:47 ....................................................................... ~ 0s
  2026-10-08 13:07:47 /favicon.svg .......................................................... ~ 0s
  2026-10-08 13:07:47 ....................................................................... ~ 1s
  2026-10-08 13:07:47 /favicon.svg .......................................................... ~ 1s
  2026-10-08 13:07:53 ....................................................................... ~ 0s
  2026-10-08 13:07:47 ...................................................................... ~ 29s
  2026-10-08 13:07:47 ...................................................................... ~ 30s
  2026-10-08 13:08:23 ....................................................................... ~ 0s
  2026-10-08 13:08:34 ....................................................................... ~ 1s
  2026-10-08 13:08:35 /image/logo/logo1x1.png ............................................... ~ 0s
  2026-10-08 13:08:35 ....................................................................... ~ 0s
  2026-10-08 13:08:35 ....................................................................... ~ 1s
  2026-10-08 13:08:35 /vendor/livewire/livewire.js?id=e949cd11 .............................. ~ 1s
  2026-10-08 13:08:35 /image/logo/logo1x1.png ............................................... ~ 1s
  2026-10-08 13:08:36 /vendor/livewire/livewire.js?id=e949cd11 .............................. ~ 0s
  2026-10-08 13:08:36 ....................................................................... ~ 3s
  2026-10-08 13:08:39 ....................................................................... ~ 0s
  2026-10-08 13:08:39 ....................................................................... ~ 0s
  2026-10-08 13:08:39 ....................................................................... ~ 0s
  2026-10-08 13:08:39 ....................................................................... ~ 0s
  2026-10-08 13:08:39 /favicon.svg .......................................................... ~ 0s
  2026-10-08 13:08:39 /favicon.svg .......................................................... ~ 0s
  2026-10-08 13:08:53 ....................................................................... ~ 0s
  2026-10-08 13:09:08 ....................................................................... ~ 0s
  2026-10-08 13:08:39 ...................................................................... ~ 31s
  2026-10-08 13:09:23 ....................................................................... ~ 0s
  2026-10-08 13:09:08 ...................................................................... ~ 29s
  2026-10-08 13:09:37 /image/logo/logo1x1.png ............................................... ~ 0s
  2026-10-08 13:09:37 /vendor/livewire/livewire.js?id=e949cd11 .............................. ~ 0s
  2026-10-08 13:09:37 ....................................................................... ~ 0s
  2026-10-08 13:09:38 ....................................................................... ~ 1s
  2026-10-08 13:09:39 ....................................................................... ~ 0s
  2026-10-08 13:09:40 ....................................................................... ~ 0s
  2026-10-08 13:09:40 ....................................................................... ~ 0s
  2026-10-08 13:09:40 ....................................................................... ~ 0s
  2026-10-08 13:09:40 ....................................................................... ~ 0s
  2026-10-08 13:09:40 /favicon.svg .......................................................... ~ 0s
  2026-10-08 13:09:45 ....................................................................... ~ 0s
  2026-10-08 13:09:45 ....................................................................... ~ 1s
  2026-10-08 13:09:50 ....................................................................... ~ 0s
  2026-10-08 13:09:50 ....................................................................... ~ 3s
  2026-10-08 13:09:53 ....................................................................... ~ 0s
  2026-10-08 13:09:57 ....................................................................... ~ 0s
  2026-10-08 13:09:57 ....................................................................... ~ 0s
  2026-10-08 13:09:57 ....................................................................... ~ 0s
  2026-10-08 13:09:57 /favicon.ico .......................................................... ~ 0s
  2026-10-08 13:10:06 ....................................................................... ~ 0s
  2026-10-08 13:10:06 /image/logo/logo1x1.png ............................................... ~ 0s
  2026-10-08 13:10:06 /vendor/livewire/livewire.js?id=e949cd11 .............................. ~ 0s
  2026-10-08 13:10:06 ....................................................................... ~ 0s
  2026-10-08 13:10:06 ....................................................................... ~ 1s
  2026-10-08 13:10:08 ....................................................................... ~ 0s
  2026-10-08 13:10:08 ....................................................................... ~ 0s
  2026-10-08 13:10:08 /favicon.svg .......................................................... ~ 0s
  2026-10-08 13:09:40 ...................................................................... ~ 30s
  2026-10-08 13:10:08 ....................................................................... ~ 3s
  2026-10-08 13:10:12 /image/logo/logo1x1.png ............................................... ~ 0s
  2026-10-08 13:10:12 /vendor/livewire/livewire.js?id=e949cd11 .............................. ~ 0s
  2026-10-08 13:10:12 ....................................................................... ~ 0s
  2026-10-08 13:10:12 ....................................................................... ~ 0s
  2026-10-08 13:10:13 ....................................................................... ~ 0s
  2026-10-08 13:10:13 ....................................................................... ~ 0s
  2026-10-08 13:10:13 /favicon.svg .......................................................... ~ 0s
  2026-10-08 13:10:15 ....................................................................... ~ 0s
  2026-10-08 13:10:15 /image/logo/logo1x1.png ............................................... ~ 0s
  2026-10-08 13:10:15 /vendor/livewire/livewire.js?id=e949cd11 .............................. ~ 0s
  2026-10-08 13:10:15 ....................................................................... ~ 1s
  2026-10-08 13:10:16 ....................................................................... ~ 0s
  2026-10-08 13:10:16 ....................................................................... ~ 0s
  2026-10-08 13:10:16 /favicon.svg .......................................................... ~ 0s
  2026-10-08 13:10:20 ....................................................................... ~ 0s
  2026-10-08 13:10:20 /image/logo/logo1x1.png ............................................... ~ 0s
  2026-10-08 13:10:20 ....................................................................... ~ 0s
  2026-10-08 13:10:20 /vendor/livewire/livewire.js?id=e949cd11 .............................. ~ 0s
  2026-10-08 13:10:20 ....................................................................... ~ 0s
  2026-10-08 13:10:21 ....................................................................... ~ 0s
  2026-10-08 13:10:21 ....................................................................... ~ 0s
  2026-10-08 13:10:21 /favicon.svg .......................................................... ~ 0s
  2026-10-08 13:10:21 ....................................................................... ~ 1s
  2026-10-08 13:10:22 /image/logo/logo1x1.png ............................................... ~ 0s
  2026-10-08 13:10:22 /vendor/livewire/livewire.js?id=e949cd11 .............................. ~ 0s
  2026-10-08 13:10:22 ....................................................................... ~ 1s
  2026-10-08 13:10:23 ....................................................................... ~ 0s
  2026-10-08 13:10:23 ....................................................................... ~ 0s
  2026-10-08 13:10:23 ....................................................................... ~ 0s
  2026-10-08 13:10:23 /favicon.svg .......................................................... ~ 0s
  2026-10-08 13:10:23 ....................................................................... ~ 1s
  2026-10-08 13:10:40 ....................................................................... ~ 0s
  2026-10-08 13:10:53 ....................................................................... ~ 0s
  2026-10-08 13:10:54 ....................................................................... ~ 0s
  2026-10-08 13:10:40 ...................................................................... ~ 30s
  2026-10-08 13:10:53 ...................................................................... ~ 30s
  2026-10-08 13:11:24 ....................................................................... ~ 0s
  2026-10-08 13:11:51 ....................................................................... ~ 0s
  2026-10-08 13:11:51 /image/logo/logo1x1.png ............................................... ~ 0s
  2026-10-08 13:11:51 ....................................................................... ~ 1s
  2026-10-08 13:11:52 ....................................................................... ~ 0s
  2026-10-08 13:11:52 /vendor/livewire/livewire.js?id=e949cd11 .............................. ~ 0s
  2026-10-08 13:11:52 /image/logo/logo1x1.png ............................................... ~ 0s
  2026-10-08 13:11:52 /vendor/livewire/livewire.js?id=e949cd11 .............................. ~ 0s
  2026-10-08 13:11:54 ....................................................................... ~ 0s
  2026-10-08 13:11:54 ....................................................................... ~ 0s
  2026-10-08 13:11:54 ....................................................................... ~ 1s
  2026-10-08 13:11:55 ....................................................................... ~ 0s
  2026-10-08 13:11:54 /favicon.svg .......................................................... ~ 1s
  2026-10-08 13:11:55 ....................................................................... ~ 0s
  2026-10-08 13:11:55 ....................................................................... ~ 0s
  2026-10-08 13:11:55 /favicon.svg .......................................................... ~ 0s
  2026-10-08 13:11:55 ...................................................................... ~ 26s
  2026-10-08 13:11:55 ...................................................................... ~ 26s
  2026-10-08 13:12:21 ....................................................................... ~ 0s
  2026-10-08 13:12:21 /image/logo/logo1x1.png ............................................... ~ 0s
  2026-10-08 13:12:22 /vendor/livewire/livewire.js?id=e949cd11 .............................. ~ 0s
  2026-10-08 13:12:24 ....................................................................... ~ 0s
  2026-10-08 13:12:24 ....................................................................... ~ 0s
  2026-10-08 13:12:24 ....................................................................... ~ 1s
  2026-10-08 13:12:24 /favicon.svg .......................................................... ~ 1s
  2026-10-08 13:12:21 /favicon.ico .......................................................... ~ 4s
  2026-10-08 13:12:25 ...................................................................... ~ 16s
  2026-10-08 13:12:41 ....................................................................... ~ 1s
  2026-10-08 13:12:41 /image/logo/logo1x1.png ............................................... ~ 1s
  2026-10-08 13:12:42 /vendor/livewire/livewire.js?id=e949cd11 .............................. ~ 0s
  2026-10-08 13:12:42 /image/logo/logo1x1.png ............................................... ~ 0s
  2026-10-08 13:12:42 /vendor/livewire/livewire.js?id=e949cd11 .............................. ~ 0s
  2026-10-08 13:12:42 ....................................................................... ~ 0s
  2026-10-08 13:12:44 ....................................................................... ~ 0s
  2026-10-08 13:12:44 ....................................................................... ~ 1s
  2026-10-08 13:12:44 /favicon.svg .......................................................... ~ 1s
  2026-10-08 13:12:45 ....................................................................... ~ 0s
  2026-10-08 13:12:45 ....................................................................... ~ 0s
  2026-10-08 13:12:45 ....................................................................... ~ 0s
  2026-10-08 13:12:45 /favicon.svg .......................................................... ~ 0s
  2026-10-08 13:12:45 ....................................................................... ~ 3s
  2026-10-08 13:12:45 ....................................................................... ~ 5s
  2026-10-08 13:12:50 ....................................................................... ~ 0s
  2026-10-08 13:12:50 /image/logo/logo1x1.png ............................................... ~ 0s
  2026-10-08 13:12:50 /vendor/livewire/livewire.js?id=e949cd11 .............................. ~ 0s
  2026-10-08 13:12:50 /image/logo/logo1x1.png ............................................... ~ 0s
  2026-10-08 13:12:51 /vendor/livewire/livewire.js?id=e949cd11 .............................. ~ 0s
  2026-10-08 13:12:50 ....................................................................... ~ 2s
  2026-10-08 13:12:52 ....................................................................... ~ 0s
  2026-10-08 13:12:52 ....................................................................... ~ 0s
  2026-10-08 13:12:52 ....................................................................... ~ 0s
  2026-10-08 13:12:52 ....................................................................... ~ 1s
  2026-10-08 13:12:52 /favicon.svg .......................................................... ~ 1s
  2026-10-08 13:12:52 /favicon.svg .......................................................... ~ 1s
  2026-10-08 13:12:54 ....................................................................... ~ 0s
  2026-10-08 13:13:07 ....................................................................... ~ 0s
  2026-10-08 13:12:52 ...................................................................... ~ 15s
  2026-10-08 13:13:07 /image/logo/logo1x1.png ............................................... ~ 0s
  2026-10-08 13:13:07 /vendor/livewire/livewire.js?id=e949cd11 .............................. ~ 0s
  2026-10-08 13:13:07 /image/logo/logo1x1.png ............................................... ~ 0s
  2026-10-08 13:13:07 /vendor/livewire/livewire.js?id=e949cd11 .............................. ~ 0s
  2026-10-08 13:13:07 ....................................................................... ~ 1s
  2026-10-08 13:13:09 ....................................................................... ~ 0s
  2026-10-08 13:13:09 ....................................................................... ~ 0s
  2026-10-08 13:13:09 ....................................................................... ~ 0s
  2026-10-08 13:13:09 ....................................................................... ~ 1s
  2026-10-08 13:13:09 /favicon.svg .......................................................... ~ 1s
  2026-10-08 13:13:10 ....................................................................... ~ 0s
  2026-10-08 13:13:09 /favicon.svg .......................................................... ~ 1s
  2026-10-08 13:13:24 ....................................................................... ~ 0s
  2026-10-08 13:13:10 ...................................................................... ~ 29s
  2026-10-08 13:13:10 ...................................................................... ~ 30s
  2026-10-08 13:13:47 ....................................................................... ~ 0s
  2026-10-08 13:13:47 /image/logo/logo1x1.png ............................................... ~ 0s
  2026-10-08 13:13:47 ....................................................................... ~ 1s
  2026-10-08 13:13:48 ....................................................................... ~ 1s
  2026-10-08 13:13:48 /vendor/livewire/livewire.js?id=e949cd11 .............................. ~ 1s
  2026-10-08 13:13:48 /image/logo/logo1x1.png ............................................... ~ 1s
  2026-10-08 13:13:48 /vendor/livewire/livewire.js?id=e949cd11 .............................. ~ 1s
  2026-10-08 13:13:49 ....................................................................... ~ 2s
  2026-10-08 13:13:51 ....................................................................... ~ 1s
  2026-10-08 13:13:51 ....................................................................... ~ 1s
  2026-10-08 13:13:52 ....................................................................... ~ 0s
  2026-10-08 13:13:52 /favicon.svg .......................................................... ~ 0s
  2026-10-08 13:13:52 ....................................................................... ~ 0s
  2026-10-08 13:13:52 /favicon.svg .......................................................... ~ 0s
  2026-10-08 13:13:54 ....................................................................... ~ 0s
  2026-10-08 13:13:52 ...................................................................... ~ 29s
  2026-10-08 13:13:52 ...................................................................... ~ 30s
  2026-10-08 13:14:24 ....................................................................... ~ 0s
  2026-10-08 13:14:51 ....................................................................... ~ 0s
  2026-10-08 13:14:52 ....................................................................... ~ 0s
  2026-10-08 13:14:51 ....................................................................... ~ 2s
  2026-10-08 13:14:53 ....................................................................... ~ 1s
  2026-10-08 13:14:54 ....................................................................... ~ 0s
  2026-10-08 13:14:54 /image/logo/logo1x1.png ............................................... ~ 0s
  2026-10-08 13:14:54 /vendor/livewire/livewire.js?id=e949cd11 .............................. ~ 0s
  2026-10-08 13:14:54 /image/logo/logo1x1.png ............................................... ~ 0s
  2026-10-08 13:14:54 /vendor/livewire/livewire.js?id=e949cd11 .............................. ~ 0s
  2026-10-08 13:14:54 ....................................................................... ~ 0s
  2026-10-08 13:14:57 ....................................................................... ~ 0s
  2026-10-08 13:14:57 ....................................................................... ~ 1s
  2026-10-08 13:14:57 ....................................................................... ~ 1s
  2026-10-08 13:14:58 ....................................................................... ~ 0s
  2026-10-08 13:14:58 ....................................................................... ~ 0s
  2026-10-08 13:14:58 /favicon.svg .......................................................... ~ 0s
  2026-10-08 13:14:58 /favicon.svg .......................................................... ~ 0s
  2026-10-08 13:15:24 ....................................................................... ~ 1s
  2026-10-08 13:15:27 ....................................................................... ~ 0s
  2026-10-08 13:14:58 ...................................................................... ~ 30s
  2026-10-08 13:15:55 ....................................................................... ~ 0s
  2026-10-08 13:15:27 ...................................................................... ~ 29s
  2026-10-08 13:15:58 ....................................................................... ~ 0s
  2026-10-08 13:16:16 ....................................................................... ~ 0s
  2026-10-08 13:16:16 /image/logo/logo1x1.png ............................................... ~ 0s
  2026-10-08 13:16:17 /vendor/livewire/livewire.js?id=e949cd11 .............................. ~ 0s
  2026-10-08 13:16:17 ....................................................................... ~ 0s
  2026-10-08 13:16:17 ....................................................................... ~ 0s
  2026-10-08 13:16:18 ....................................................................... ~ 0s
  2026-10-08 13:16:18 ....................................................................... ~ 0s
  2026-10-08 13:16:18 ....................................................................... ~ 0s
  2026-10-08 13:16:18 /favicon.svg .......................................................... ~ 0s
  2026-10-08 13:16:18 ....................................................................... ~ 1s
  2026-10-08 13:16:23 ....................................................................... ~ 1s
  2026-10-08 13:16:25 ....................................................................... ~ 0s
  2026-10-08 13:16:24 ....................................................................... ~ 2s
  2026-10-08 13:15:58 ...................................................................... ~ 30s
  2026-10-08 13:16:30 ....................................................................... ~ 0s
  2026-10-08 13:16:30 ....................................................................... ~ 4s
  2026-10-08 13:16:45 ....................................................................... ~ 1s
  2026-10-08 13:16:46 ....................................................................... ~ 1s
  2026-10-08 13:16:48 ....................................................................... ~ 0s
  2026-10-08 13:16:55 ....................................................................... ~ 0s
  2026-10-08 13:16:58 ....................................................................... ~ 0s
  2026-10-08 13:17:01 ....................................................................... ~ 1s
  2026-10-08 13:17:02 ....................................................................... ~ 3s
  2026-10-08 13:17:10 ....................................................................... ~ 0s
  2026-10-08 13:17:10 ....................................................................... ~ 7s
  2026-10-08 13:17:18 ....................................................................... ~ 0s
  2026-10-08 13:17:19 ....................................................................... ~ 1s
  2026-10-08 13:17:21 ....................................................................... ~ 0s
  2026-10-08 13:17:21 ....................................................................... ~ 1s
  2026-10-08 13:17:25 ....................................................................... ~ 0s
  2026-10-08 13:16:58 ...................................................................... ~ 30s
  2026-10-08 13:17:48 ....................................................................... ~ 0s
  2026-10-08 13:17:55 ....................................................................... ~ 0s
  2026-10-08 13:17:48 ...................................................................... ~ 29s
  2026-10-08 13:18:18 ....................................................................... ~ 0s
  2026-10-08 13:18:25 ....................................................................... ~ 1s
  2026-10-08 13:18:48 ....................................................................... ~ 0s
  2026-10-08 13:18:55 ....................................................................... ~ 1s
  2026-10-08 13:18:48 ...................................................................... ~ 29s
  2026-10-08 13:18:18 ...................................................................... ~ 60s
  2026-10-08 13:19:26 ....................................................................... ~ 0s
  2026-10-08 13:19:48 ....................................................................... ~ 0s
  2026-10-08 13:19:56 ....................................................................... ~ 0s
  2026-10-08 13:19:48 ...................................................................... ~ 29s
  2026-10-08 13:20:18 ....................................................................... ~ 0s
  2026-10-08 13:20:18 ....................................................................... ~ 0s
  2026-10-08 13:20:26 ....................................................................... ~ 0s
  2026-10-08 13:20:48 ....................................................................... ~ 0s
  2026-10-08 13:20:56 ....................................................................... ~ 0s
  2026-10-08 13:20:48 ...................................................................... ~ 29s
  2026-10-08 13:20:18 ...................................................................... ~ 62s
  2026-10-08 13:21:26 ....................................................................... ~ 0s
  2026-10-08 13:21:43 ....................................................................... ~ 1s
  2026-10-08 13:21:44 ....................................................................... ~ 0s
  2026-10-08 13:21:44 /image/logo/logo1x1.png ............................................... ~ 0s
  2026-10-08 13:21:44 /image/brand/512.png .................................................. ~ 0s
  2026-10-08 13:21:44 /vendor/livewire/livewire.js?id=e949cd11 .............................. ~ 0s
  2026-10-08 13:21:44 ....................................................................... ~ 0s
  2026-10-08 13:21:44 /favicon.svg .......................................................... ~ 1s
  2026-10-08 13:21:56 ....................................................................... ~ 0s
  2026-10-08 13:22:02 ....................................................................... ~ 0s
  2026-10-08 13:22:02 ....................................................................... ~ 1s
  2026-10-08 13:22:03 /image/logo/logo1x1.png ............................................... ~ 0s
  2026-10-08 13:22:03 /vendor/livewire/livewire.js?id=e949cd11 .............................. ~ 0s
  2026-10-08 13:22:03 ....................................................................... ~ 0s
  2026-10-08 13:22:03 ....................................................................... ~ 1s
  2026-10-08 13:22:04 ....................................................................... ~ 1s
  2026-10-08 13:22:05 /favicon.svg .......................................................... ~ 0s
  2026-10-08 13:22:09 ....................................................................... ~ 0s
  2026-10-08 13:22:09 ....................................................................... ~ 0s
  2026-10-08 13:22:09 /image/logo/logo1x1.png ............................................... ~ 0s
  2026-10-08 13:22:09 /image/brand/512.png .................................................. ~ 0s
  2026-10-08 13:22:09 /vendor/livewire/livewire.js?id=e949cd11 .............................. ~ 0s
  2026-10-08 13:22:10 ....................................................................... ~ 0s
  2026-10-08 13:22:10 /favicon.svg .......................................................... ~ 0s
  2026-10-08 13:22:17 ....................................................................... ~ 0s
  2026-10-08 13:22:17 ....................................................................... ~ 1s
  2026-10-08 13:22:18 ....................................................................... ~ 6s
  2026-10-08 13:22:24 /image/logo/logo1x1.png ............................................... ~ 0s
  2026-10-08 13:22:24 /vendor/livewire/livewire.js?id=e949cd11 .............................. ~ 0s
  2026-10-08 13:22:25 ....................................................................... ~ 0s
  2026-10-08 13:22:25 ....................................................................... ~ 0s
  2026-10-08 13:22:26 ....................................................................... ~ 0s
  2026-10-08 13:22:26 ....................................................................... ~ 0s
  2026-10-08 13:22:26 ....................................................................... ~ 2s
  2026-10-08 13:22:30 ....................................................................... ~ 0s
  2026-10-08 13:22:30 ....................................................................... ~ 4s
  2026-10-08 13:22:49 ....................................................................... ~ 1s
  2026-10-08 13:22:50 ....................................................................... ~ 0s
  2026-10-08 13:22:50 /image/logo/logo1x1.png ............................................... ~ 0s
  2026-10-08 13:22:50 /vendor/livewire/livewire.js?id=e949cd11 .............................. ~ 0s
  2026-10-08 13:22:51 ....................................................................... ~ 0s
  2026-10-08 13:22:51 ....................................................................... ~ 0s
  2026-10-08 13:22:51 ....................................................................... ~ 0s
  2026-10-08 13:22:51 /favicon.svg .......................................................... ~ 0s
  2026-10-08 13:22:55 ....................................................................... ~ 0s
  2026-10-08 13:22:51 ....................................................................... ~ 4s
  2026-10-08 13:22:55 /image/logo/logo1x1.png ............................................... ~ 1s
  2026-10-08 13:22:55 /vendor/livewire/livewire.js?id=e949cd11 .............................. ~ 1s
  2026-10-08 13:22:56 ....................................................................... ~ 0s
  2026-10-08 13:22:56 ....................................................................... ~ 0s
  2026-10-08 13:22:56 ....................................................................... ~ 0s
  2026-10-08 13:22:56 ....................................................................... ~ 1s
  2026-10-08 13:22:57 ....................................................................... ~ 0s
  2026-10-08 13:22:57 /favicon.svg .......................................................... ~ 0s
  2026-10-08 13:22:57 ....................................................................... ~ 1s
  2026-10-08 13:23:06 ....................................................................... ~ 0s
  2026-10-08 13:23:07 ....................................................................... ~ 3s
  2026-10-08 13:23:13 ....................................................................... ~ 1s
  2026-10-08 13:23:14 ....................................................................... ~ 9s
  2026-10-08 13:22:55 ...................................................................... ~ 29s
  2026-10-08 13:23:25 ....................................................................... ~ 0s
  2026-10-08 13:23:25 ....................................................................... ~ 1s
  2026-10-08 13:23:26 ....................................................................... ~ 0s
  2026-10-08 13:23:34 ....................................................................... ~ 0s
  2026-10-08 13:23:34 ....................................................................... ~ 6s
  2026-10-08 13:23:42 ....................................................................... ~ 1s
  2026-10-08 13:23:43 ....................................................................... ~ 5s
  2026-10-08 13:23:49 ....................................................................... ~ 1s
  2026-10-08 13:23:50 ....................................................................... ~ 1s
  2026-10-08 13:23:53 ....................................................................... ~ 1s
  2026-10-08 13:23:55 ....................................................................... ~ 0s
  2026-10-08 13:23:54 ....................................................................... ~ 2s
  2026-10-08 13:23:56 ....................................................................... ~ 1s
  2026-10-08 13:23:57 ....................................................................... ~ 0s
  2026-10-08 13:23:57 ...................................................................... ~ 29s
  2026-10-08 13:24:27 ....................................................................... ~ 0s
  2026-10-08 13:23:55 ...................................................................... ~ 61s
  2026-10-08 13:24:56 ....................................................................... ~ 0s
  2026-10-08 13:24:57 ....................................................................... ~ 0s
  2026-10-08 13:24:56 ...................................................................... ~ 18s
  2026-10-08 13:25:26 ....................................................................... ~ 0s
  2026-10-08 13:25:27 ....................................................................... ~ 0s
  2026-10-08 13:25:26 ...................................................................... ~ 30s
  2026-10-08 13:25:57 ....................................................................... ~ 0s
  2026-10-08 13:26:26 ....................................................................... ~ 0s
  2026-10-08 13:26:27 ....................................................................... ~ 0s
  2026-10-08 13:26:26 ...................................................................... ~ 30s
  2026-10-08 13:26:57 ....................................................................... ~ 0s
  2026-10-08 13:27:26 ....................................................................... ~ 0s
  2026-10-08 13:27:27 ....................................................................... ~ 0s
  2026-10-08 13:27:26 ...................................................................... ~ 30s
  2026-10-08 13:27:57 ....................................................................... ~ 0s
  2026-10-08 13:28:26 ....................................................................... ~ 0s
  2026-10-08 13:28:27 ....................................................................... ~ 0s
  2026-10-08 13:28:26 ...................................................................... ~ 30s
  2026-10-08 13:28:57 ....................................................................... ~ 1s
  2026-10-08 13:29:18 ....................................................................... ~ 0s
  2026-10-08 13:29:26 ....................................................................... ~ 0s
  2026-10-08 13:29:27 ....................................................................... ~ 1s
  2026-10-08 13:29:26 ...................................................................... ~ 30s
  2026-10-08 13:29:58 ....................................................................... ~ 0s
  2026-10-08 13:30:26 ....................................................................... ~ 0s
  2026-10-08 13:30:28 ....................................................................... ~ 0s
  2026-10-08 13:29:18 ...................................................................... ~ 85s
  2026-10-08 13:30:26 ...................................................................... ~ 30s
  2026-10-08 13:30:58 ....................................................................... ~ 0s
  2026-10-08 13:31:26 ....................................................................... ~ 0s
  2026-10-08 13:31:28 ....................................................................... ~ 0s
  2026-10-08 13:31:26 ...................................................................... ~ 30s
  2026-10-08 13:31:58 ....................................................................... ~ 0s
  2026-10-08 13:32:18 ....................................................................... ~ 0s
  2026-10-08 13:32:26 ....................................................................... ~ 0s
  2026-10-08 13:32:28 ....................................................................... ~ 0s
  2026-10-08 13:32:26 ...................................................................... ~ 30s
  2026-10-08 13:32:58 ....................................................................... ~ 0s
  2026-10-08 13:33:26 ....................................................................... ~ 0s
  2026-10-08 13:33:28 ....................................................................... ~ 0s
  2026-10-08 13:32:18 ...................................................................... ~ 85s
  2026-10-08 13:33:26 ...................................................................... ~ 30s
  2026-10-08 13:33:58 ....................................................................... ~ 0s
  2026-10-08 13:34:26 ....................................................................... ~ 0s
  2026-10-08 13:34:28 ....................................................................... ~ 0s
  2026-10-08 13:34:26 ...................................................................... ~ 30s
  2026-10-08 13:34:58 ....................................................................... ~ 0s
  2026-10-08 13:35:23 ....................................................................... ~ 1s
  2026-10-08 13:35:24 ....................................................................... ~ 0s
  2026-10-08 13:35:24 /image/logo/logo1x1.png ............................................... ~ 0s
  2026-10-08 13:35:24 /image/brand/512.png .................................................. ~ 0s
  2026-10-08 13:35:24 /vendor/livewire/livewire.js?id=e949cd11 .............................. ~ 0s
  2026-10-08 13:35:24 ....................................................................... ~ 0s
  2026-10-08 13:35:24 /favicon.svg .......................................................... ~ 1s
  2026-10-08 13:35:28 ....................................................................... ~ 0s
  2026-10-08 13:35:29 ....................................................................... ~ 0s
  2026-10-08 13:35:29 ...................................................................... ~ 10s
  2026-10-08 13:35:39 /image/logo/logo1x1.png ............................................... ~ 0s
  2026-10-08 13:35:39 /vendor/livewire/livewire.js?id=e949cd11 .............................. ~ 0s
  2026-10-08 13:35:40 ....................................................................... ~ 0s
  2026-10-08 13:35:40 ....................................................................... ~ 0s
  2026-10-08 13:35:58 ....................................................................... ~ 0s
  2026-10-08 13:35:40 ...................................................................... ~ 30s
  2026-10-08 13:36:28 ....................................................................... ~ 0s
  2026-10-08 13:36:40 ....................................................................... ~ 0s
  2026-10-08 13:36:58 ....................................................................... ~ 1s
  2026-10-08 13:36:40 ...................................................................... ~ 30s
  2026-10-08 13:37:29 ....................................................................... ~ 0s
  2026-10-08 13:37:46 ....................................................................... ~ 0s
  2026-10-08 13:37:59 ....................................................................... ~ 0s
  2026-10-08 13:38:29 ....................................................................... ~ 0s
  2026-10-08 13:38:59 ....................................................................... ~ 0s
  2026-10-08 13:37:46 ...................................................................... ~ 87s
  2026-10-08 13:39:29 ....................................................................... ~ 0s
  2026-10-08 13:39:59 ....................................................................... ~ 0s
  2026-10-08 13:40:29 ....................................................................... ~ 0s
  2026-10-08 13:40:59 ....................................................................... ~ 0s
  2026-10-08 13:41:29 ....................................................................... ~ 0s
  2026-10-08 13:41:59 ....................................................................... ~ 0s
  2026-10-08 13:42:29 ....................................................................... ~ 0s
  2026-10-08 13:42:59 ....................................................................... ~ 0s
  2026-10-08 13:43:29 ....................................................................... ~ 0s
  2026-10-08 13:43:59 ....................................................................... ~ 1s
  2026-10-08 13:44:30 ....................................................................... ~ 0s
  2026-10-08 13:45:00 ....................................................................... ~ 0s
  2026-10-08 13:45:30 ....................................................................... ~ 0s
  2026-10-08 13:46:00 ....................................................................... ~ 0s
  2026-10-08 13:46:30 ....................................................................... ~ 0s
  2026-10-08 13:47:00 ....................................................................... ~ 0s
  2026-10-08 13:47:30 ....................................................................... ~ 0s
  2026-10-08 13:48:00 ....................................................................... ~ 0s
  2026-10-08 13:48:30 ....................................................................... ~ 0s
  2026-10-08 13:49:00 ....................................................................... ~ 0s
  2026-10-08 13:49:30 ....................................................................... ~ 0s
  2026-10-08 13:50:00 ....................................................................... ~ 0s
  2026-10-08 13:50:30 ....................................................................... ~ 0s
  2026-10-08 13:51:00 ....................................................................... ~ 1s
  2026-10-08 13:51:31 ....................................................................... ~ 0s
  2026-10-08 13:52:01 ....................................................................... ~ 0s
  2026-10-08 13:52:31 ....................................................................... ~ 0s
  2026-10-08 13:53:01 ....................................................................... ~ 0s
  2026-10-08 13:53:31 ....................................................................... ~ 0s
  2026-10-08 13:54:01 ....................................................................... ~ 0s
  2026-10-08 13:54:31 ....................................................................... ~ 0s
  2026-10-08 13:55:01 ....................................................................... ~ 0s
  2026-10-08 13:55:31 ....................................................................... ~ 0s
  2026-10-08 13:56:01 ....................................................................... ~ 0s
  2026-10-08 13:56:31 ....................................................................... ~ 0s
  2026-10-08 13:57:01 ....................................................................... ~ 0s
  2026-10-08 13:57:31 ....................................................................... ~ 0s
  2026-10-08 13:58:01 ....................................................................... ~ 0s
  2026-10-08 13:58:31 ....................................................................... ~ 0s
  2026-10-08 13:59:01 ....................................................................... ~ 1s
  2026-10-08 13:59:32 ....................................................................... ~ 0s
  2026-10-08 14:00:02 ....................................................................... ~ 0s
  2026-10-08 14:00:32 ....................................................................... ~ 0s
  2026-10-08 14:01:02 ....................................................................... ~ 0s
  2026-10-08 14:01:32 ....................................................................... ~ 0s
  2026-10-08 14:01:50 ....................................................................... ~ 1s
  2026-10-08 14:01:51 /image/logo/logo1x1.png ............................................... ~ 0s
  2026-10-08 14:01:51 /vendor/livewire/livewire.js?id=e949cd11 .............................. ~ 0s
  2026-10-08 14:01:53 ....................................................................... ~ 0s
  2026-10-08 14:01:53 ....................................................................... ~ 0s
  2026-10-08 14:01:53 ....................................................................... ~ 1s
  2026-10-08 14:02:01 ....................................................................... ~ 0s
  2026-10-08 14:02:02 ....................................................................... ~ 0s
  2026-10-08 14:02:01 ....................................................................... ~ 5s
  2026-10-08 14:02:10 ....................................................................... ~ 0s
  2026-10-08 14:02:10 ...................................................................... ~ 12s
  2026-10-08 14:02:32 ....................................................................... ~ 0s
  2026-10-08 14:02:52 ....................................................................... ~ 0s
  2026-10-08 14:03:02 ....................................................................... ~ 0s
  2026-10-08 14:02:52 ...................................................................... ~ 30s
  2026-10-08 14:03:32 ....................................................................... ~ 0s
  2026-10-08 14:03:52 ....................................................................... ~ 0s
  2026-10-08 14:03:52 ...................................................................... ~ 10s
  2026-10-08 14:04:02 ....................................................................... ~ 1s
  2026-10-08 14:04:02 /image/logo/logo1x1.png ............................................... ~ 1s
  2026-10-08 14:04:03 /vendor/livewire/livewire.js?id=e949cd11 .............................. ~ 0s
  2026-10-08 14:04:03 ....................................................................... ~ 0s
  2026-10-08 14:04:03 ....................................................................... ~ 1s
  2026-10-08 14:04:04 ....................................................................... ~ 1s
  2026-10-08 14:04:09 ....................................................................... ~ 0s
  2026-10-08 14:04:09 /image/logo/logo1x1.png ............................................... ~ 0s
  2026-10-08 14:04:09 /vendor/livewire/livewire.js?id=e949cd11 .............................. ~ 0s
  2026-10-08 14:04:10 ....................................................................... ~ 0s
  2026-10-08 14:04:10 ....................................................................... ~ 0s
  2026-10-08 14:04:10 ....................................................................... ~ 1s
  2026-10-08 14:04:14 ....................................................................... ~ 0s
  2026-10-08 14:04:14 ...................................................................... ~ 16s
  2026-10-08 14:04:33 ....................................................................... ~ 0s
  2026-10-08 14:05:03 ....................................................................... ~ 0s
  2026-10-08 14:05:33 ....................................................................... ~ 0s
  2026-10-08 14:06:03 ....................................................................... ~ 0s
  2026-10-08 14:06:33 ....................................................................... ~ 0s
  2026-10-08 14:07:03 ....................................................................... ~ 0s
  2026-10-08 14:07:33 ....................................................................... ~ 0s
  2026-10-08 14:08:03 ....................................................................... ~ 0s
  2026-10-08 14:08:33 ....................................................................... ~ 0s
  2026-10-08 14:09:03 ....................................................................... ~ 0s
  2026-10-08 14:09:33 ....................................................................... ~ 1s
  2026-10-08 14:10:02 ....................................................................... ~ 1s
  2026-10-08 14:10:03 /image/logo/logo1x1.png ............................................... ~ 0s
  2026-10-08 14:10:03 /vendor/livewire/livewire.js?id=e949cd11 .............................. ~ 0s
  2026-10-08 14:10:03 ....................................................................... ~ 0s
  2026-10-08 14:10:03 ....................................................................... ~ 1s
  2026-10-08 14:10:04 ....................................................................... ~ 0s
  2026-10-08 14:10:03 ....................................................................... ~ 4s
  2026-10-08 14:10:07 ....................................................................... ~ 0s
  2026-10-08 14:10:07 /favicon.svg .......................................................... ~ 0s
  2026-10-08 14:10:10 ....................................................................... ~ 1s
  2026-10-08 14:10:11 ....................................................................... ~ 0s
  2026-10-08 14:10:12 /image/logo/logo1x1.png ............................................... ~ 0s
  2026-10-08 14:10:12 /vendor/livewire/livewire.js?id=e949cd11 .............................. ~ 0s
  2026-10-08 14:10:12 ....................................................................... ~ 0s
  2026-10-08 14:10:12 ....................................................................... ~ 1s
  2026-10-08 14:10:13 ....................................................................... ~ 0s
  2026-10-08 14:10:13 /favicon.svg .......................................................... ~ 0s
  2026-10-08 14:10:34 ....................................................................... ~ 0s
  2026-10-08 14:10:43 ....................................................................... ~ 0s
  2026-10-08 14:10:43 ....................................................................... ~ 1s
  2026-10-08 14:10:44 /image/logo/logo1x1.png ............................................... ~ 0s
  2026-10-08 14:10:44 /vendor/livewire/livewire.js?id=e949cd11 .............................. ~ 0s
  2026-10-08 14:10:44 ....................................................................... ~ 1s
  2026-10-08 14:10:45 ....................................................................... ~ 1s
  2026-10-08 14:10:46 ....................................................................... ~ 0s
  2026-10-08 14:10:46 ....................................................................... ~ 1s
  2026-10-08 14:10:45 /image/logo/logo1x1.png ............................................... ~ 2s
  2026-10-08 14:10:47 ....................................................................... ~ 0s
  2026-10-08 14:10:45 /vendor/livewire/livewire.js?id=e949cd11 .............................. ~ 2s
  2026-10-08 14:10:46 /favicon.svg .......................................................... ~ 1s
  2026-10-08 14:10:50 ....................................................................... ~ 0s
  2026-10-08 14:10:50 ....................................................................... ~ 0s
  2026-10-08 14:10:50 /favicon.svg .......................................................... ~ 0s
  2026-10-08 14:11:04 ....................................................................... ~ 0s
  2026-10-08 14:11:07 ....................................................................... ~ 1s
  2026-10-08 14:11:08 /image/logo/logo1x1.png ............................................... ~ 0s
  2026-10-08 14:11:08 ....................................................................... ~ 1s
  2026-10-08 14:11:09 ....................................................................... ~ 0s
  2026-10-08 14:11:09 /vendor/livewire/livewire.js?id=e949cd11 .............................. ~ 0s
  2026-10-08 14:11:09 /image/logo/logo1x1.png ............................................... ~ 0s
  2026-10-08 14:11:09 /vendor/livewire/livewire.js?id=e949cd11 .............................. ~ 0s
  2026-10-08 14:11:10 ....................................................................... ~ 0s
  2026-10-08 14:11:11 ....................................................................... ~ 0s
  2026-10-08 14:11:11 ....................................................................... ~ 1s
  2026-10-08 14:11:11 ....................................................................... ~ 1s
  2026-10-08 14:11:12 /favicon.svg .......................................................... ~ 0s
  2026-10-08 14:11:12 ....................................................................... ~ 0s
  2026-10-08 14:11:12 ....................................................................... ~ 0s
  2026-10-08 14:11:12 /image/logo/logo1x1.png ............................................... ~ 0s
  2026-10-08 14:11:12 ....................................................................... ~ 1s
  2026-10-08 14:11:12 /favicon.svg .......................................................... ~ 1s
  2026-10-08 14:11:12 ....................................................................... ~ 1s
  2026-10-08 14:11:12 /vendor/livewire/livewire.js?id=e949cd11 .............................. ~ 1s
  2026-10-08 14:11:14 /image/logo/logo1x1.png ............................................... ~ 0s
  2026-10-08 14:11:14 /vendor/livewire/livewire.js?id=e949cd11 .............................. ~ 0s
  2026-10-08 14:11:14 ....................................................................... ~ 0s
  2026-10-08 14:11:15 ....................................................................... ~ 0s
  2026-10-08 14:11:15 ....................................................................... ~ 0s
  2026-10-08 14:11:15 ....................................................................... ~ 0s
  2026-10-08 14:11:14 ....................................................................... ~ 1s
  2026-10-08 14:11:15 /favicon.svg .......................................................... ~ 0s
  2026-10-08 14:11:15 ....................................................................... ~ 1s
  2026-10-08 14:11:16 /image/logo/logo1x1.png ............................................... ~ 0s
  2026-10-08 14:11:16 /vendor/livewire/livewire.js?id=e949cd11 .............................. ~ 0s
  2026-10-08 14:11:16 ....................................................................... ~ 2s
  2026-10-08 14:11:16 ....................................................................... ~ 2s
  2026-10-08 14:11:18 ....................................................................... ~ 0s
  2026-10-08 14:11:18 ....................................................................... ~ 0s
  2026-10-08 14:11:18 /favicon.svg .......................................................... ~ 0s
  2026-10-08 14:11:18 /image/logo/logo1x1.png ............................................... ~ 0s
  2026-10-08 14:11:18 /vendor/livewire/livewire.js?id=e949cd11 .............................. ~ 0s
  2026-10-08 14:11:19 ....................................................................... ~ 0s
  2026-10-08 14:11:19 ....................................................................... ~ 2s
  2026-10-08 14:11:21 ....................................................................... ~ 0s
  2026-10-08 14:11:21 /favicon.svg .......................................................... ~ 0s
  2026-10-08 14:11:24 ....................................................................... ~ 0s
  2026-10-08 14:11:24 /image/logo/logo1x1.png ............................................... ~ 0s
  2026-10-08 14:11:24 ....................................................................... ~ 1s
  2026-10-08 14:11:25 ....................................................................... ~ 0s
  2026-10-08 14:11:25 /vendor/livewire/livewire.js?id=e949cd11 .............................. ~ 0s
  2026-10-08 14:11:25 /image/logo/logo1x1.png ............................................... ~ 0s
  2026-10-08 14:11:25 /vendor/livewire/livewire.js?id=e949cd11 .............................. ~ 0s
  2026-10-08 14:11:26 ....................................................................... ~ 0s
  2026-10-08 14:11:26 ....................................................................... ~ 1s
  2026-10-08 14:11:26 ....................................................................... ~ 1s
  2026-10-08 14:11:27 /favicon.svg .......................................................... ~ 0s
  2026-10-08 14:11:28 ....................................................................... ~ 0s
  2026-10-08 14:11:27 ....................................................................... ~ 1s
  2026-10-08 14:11:28 ....................................................................... ~ 1s
  2026-10-08 14:11:28 /favicon.svg .......................................................... ~ 1s
  2026-10-08 14:11:29 /image/logo/logo1x1.png ............................................... ~ 0s
  2026-10-08 14:11:29 /vendor/livewire/livewire.js?id=e949cd11 .............................. ~ 0s
  2026-10-08 14:11:29 ....................................................................... ~ 2s
  2026-10-08 14:11:29 ....................................................................... ~ 2s
  2026-10-08 14:11:31 ....................................................................... ~ 0s
  2026-10-08 14:11:31 ....................................................................... ~ 0s
  2026-10-08 14:11:31 /image/logo/logo1x1.png ............................................... ~ 0s
  2026-10-08 14:11:31 /favicon.svg .......................................................... ~ 0s
  2026-10-08 14:11:31 /vendor/livewire/livewire.js?id=e949cd11 .............................. ~ 0s
  2026-10-08 14:11:31 ....................................................................... ~ 1s
  2026-10-08 14:11:33 ....................................................................... ~ 0s
  2026-10-08 14:11:33 ....................................................................... ~ 0s
  2026-10-08 14:11:33 /favicon.svg .......................................................... ~ 0s
  2026-10-08 14:11:34 ....................................................................... ~ 0s
  2026-10-08 14:11:44 ....................................................................... ~ 1s
  2026-10-08 14:11:45 /image/logo/logo1x1.png ............................................... ~ 0s
  2026-10-08 14:11:33 ...................................................................... ~ 13s
  2026-10-08 14:11:46 ....................................................................... ~ 1s
  2026-10-08 14:11:46 /vendor/livewire/livewire.js?id=e949cd11 .............................. ~ 1s
  2026-10-08 14:11:46 /image/logo/logo1x1.png ............................................... ~ 1s
  2026-10-08 14:11:47 /vendor/livewire/livewire.js?id=e949cd11 .............................. ~ 0s
  2026-10-08 14:11:47 ....................................................................... ~ 0s
  2026-10-08 14:11:48 ....................................................................... ~ 0s
  2026-10-08 14:11:48 ....................................................................... ~ 1s
  2026-10-08 14:11:48 /favicon.svg .......................................................... ~ 1s
  2026-10-08 14:11:50 ....................................................................... ~ 0s
  2026-10-08 14:11:50 ....................................................................... ~ 0s
  2026-10-08 14:11:50 /favicon.svg .......................................................... ~ 0s
  2026-10-08 14:11:49 ....................................................................... ~ 5s
  2026-10-08 14:11:50 ....................................................................... ~ 5s
  2026-10-08 14:11:55 ....................................................................... ~ 0s
  2026-10-08 14:11:55 /image/logo/logo1x1.png ............................................... ~ 0s
  2026-10-08 14:11:55 /vendor/livewire/livewire.js?id=e949cd11 .............................. ~ 0s
  2026-10-08 14:11:55 /image/logo/logo1x1.png ............................................... ~ 0s
  2026-10-08 14:11:55 /vendor/livewire/livewire.js?id=e949cd11 .............................. ~ 0s
  2026-10-08 14:11:55 ....................................................................... ~ 1s
  2026-10-08 14:11:55 ....................................................................... ~ 1s
  2026-10-08 14:11:56 ....................................................................... ~ 0s
  2026-10-08 14:11:56 /favicon.svg .......................................................... ~ 0s
  2026-10-08 14:11:57 ....................................................................... ~ 1s
  2026-10-08 14:11:58 ....................................................................... ~ 0s
  2026-10-08 14:11:58 /favicon.svg .......................................................... ~ 0s
  2026-10-08 14:12:04 ....................................................................... ~ 0s
  2026-10-08 14:12:25 ....................................................................... ~ 1s
  2026-10-08 14:12:34 ....................................................................... ~ 0s
  2026-10-08 14:12:26 ...................................................................... ~ 29s
  2026-10-08 14:11:58 ...................................................................... ~ 64s
  2026-10-08 14:13:04 ....................................................................... ~ 0s
  2026-10-08 14:13:25 ....................................................................... ~ 1s
  2026-10-08 14:13:34 ....................................................................... ~ 0s
  2026-10-08 14:13:40 ....................................................................... ~ 1s
  2026-10-08 14:13:41 /image/logo/logo1x1.png ............................................... ~ 0s
  2026-10-08 14:13:41 /vendor/livewire/livewire.js?id=e949cd11 .............................. ~ 0s
  2026-10-08 14:13:41 ....................................................................... ~ 1s
  2026-10-08 14:13:42 ....................................................................... ~ 0s
  2026-10-08 14:13:42 ....................................................................... ~ 0s
  2026-10-08 14:13:42 /favicon.svg .......................................................... ~ 0s
  2026-10-08 14:13:42 ....................................................................... ~ 3s
  2026-10-08 14:13:45 /image/logo/logo1x1.png ............................................... ~ 0s
  2026-10-08 14:13:45 /vendor/livewire/livewire.js?id=e949cd11 .............................. ~ 0s
  2026-10-08 14:13:45 ....................................................................... ~ 0s
  2026-10-08 14:13:46 ....................................................................... ~ 1s
  2026-10-08 14:13:47 ....................................................................... ~ 0s
  2026-10-08 14:13:26 ...................................................................... ~ 29s
  2026-10-08 14:14:04 ....................................................................... ~ 1s
  2026-10-08 14:13:47 ...................................................................... ~ 29s
  2026-10-08 14:14:18 ....................................................................... ~ 0s
  2026-10-08 14:14:18 /image/logo/logo1x1.png ............................................... ~ 0s
  2026-10-08 14:14:18 /vendor/livewire/livewire.js?id=e949cd11 .............................. ~ 0s
  2026-10-08 14:14:19 ....................................................................... ~ 1s
  2026-10-08 14:14:20 ....................................................................... ~ 0s
  2026-10-08 14:14:25 ....................................................................... ~ 1s
  2026-10-08 14:14:35 ....................................................................... ~ 0s
  2026-10-08 14:14:26 ...................................................................... ~ 29s
  2026-10-08 14:14:20 ...................................................................... ~ 43s
  2026-10-08 14:15:05 ....................................................................... ~ 0s
  2026-10-08 14:15:09 ....................................................................... ~ 0s
  2026-10-08 14:15:09 ....................................................................... ~ 6s
  2026-10-08 14:15:16 ....................................................................... ~ 0s
  2026-10-08 14:15:16 ....................................................................... ~ 1s
  2026-10-08 14:15:25 ....................................................................... ~ 1s
  2026-10-08 14:15:35 ....................................................................... ~ 0s
  2026-10-08 14:15:26 ...................................................................... ~ 12s
  2026-10-08 14:15:38 ....................................................................... ~ 0s
  2026-10-08 14:15:38 /image/logo/logo1x1.png ............................................... ~ 0s
  2026-10-08 14:15:38 /image/brand/512.png .................................................. ~ 0s
  2026-10-08 14:15:38 /vendor/livewire/livewire.js?id=e949cd11 .............................. ~ 0s
  2026-10-08 14:15:39 ....................................................................... ~ 0s
  2026-10-08 14:15:39 /favicon.svg .......................................................... ~ 0s
  2026-10-08 14:15:43 ....................................................................... ~ 1s
  2026-10-08 14:15:44 ....................................................................... ~ 0s
  2026-10-08 14:15:44 /image/logo/logo1x1.png ............................................... ~ 0s
  2026-10-08 14:15:44 /vendor/livewire/livewire.js?id=e949cd11 .............................. ~ 0s
  2026-10-08 14:15:45 ....................................................................... ~ 0s
  2026-10-08 14:15:45 ....................................................................... ~ 0s
  2026-10-08 14:15:45 ....................................................................... ~ 0s
  2026-10-08 14:15:45 /favicon.svg .......................................................... ~ 0s
  2026-10-08 14:15:46 ....................................................................... ~ 0s
  2026-10-08 14:15:46 ....................................................................... ~ 3s
  2026-10-08 14:15:50 /image/logo/logo1x1.png ............................................... ~ 0s
  2026-10-08 14:15:50 /vendor/livewire/livewire.js?id=e949cd11 .............................. ~ 0s
  2026-10-08 14:15:50 ....................................................................... ~ 0s
  2026-10-08 14:15:50 ....................................................................... ~ 1s
  2026-10-08 14:15:51 ....................................................................... ~ 0s
  2026-10-08 14:15:51 /favicon.svg .......................................................... ~ 0s
  2026-10-08 14:16:05 ....................................................................... ~ 0s
  2026-10-08 14:15:46 ...................................................................... ~ 30s
  2026-10-08 14:16:20 ....................................................................... ~ 0s
  2026-10-08 14:16:31 ....................................................................... ~ 0s
  2026-10-08 14:16:31 ....................................................................... ~ 2s
  2026-10-08 14:16:35 ....................................................................... ~ 0s
  2026-10-08 14:16:46 ....................................................................... ~ 0s
  2026-10-08 14:16:20 ...................................................................... ~ 30s
  2026-10-08 14:17:05 ....................................................................... ~ 0s
  2026-10-08 14:16:46 ...................................................................... ~ 30s
  2026-10-08 14:17:20 ....................................................................... ~ 0s
  2026-10-08 14:17:35 ....................................................................... ~ 0s
  2026-10-08 14:17:46 ....................................................................... ~ 0s
  2026-10-08 14:17:20 ...................................................................... ~ 30s
  2026-10-08 14:18:05 ....................................................................... ~ 0s
  2026-10-08 14:17:46 ...................................................................... ~ 30s
  2026-10-08 14:18:20 ....................................................................... ~ 0s
  2026-10-08 14:18:35 ....................................................................... ~ 0s
  2026-10-08 14:18:46 ....................................................................... ~ 0s
  2026-10-08 14:18:20 ...................................................................... ~ 30s
  2026-10-08 14:19:05 ....................................................................... ~ 0s
  2026-10-08 14:18:46 ...................................................................... ~ 30s
  2026-10-08 14:19:20 ....................................................................... ~ 0s
  2026-10-08 14:19:35 ....................................................................... ~ 0s
  2026-10-08 14:19:46 ....................................................................... ~ 0s
  2026-10-08 14:19:20 ...................................................................... ~ 30s
  2026-10-08 14:20:05 ....................................................................... ~ 1s
  2026-10-08 14:19:46 ...................................................................... ~ 30s
  2026-10-08 14:20:20 ....................................................................... ~ 0s
  2026-10-08 14:20:36 ....................................................................... ~ 0s
  2026-10-08 14:20:46 ....................................................................... ~ 0s
  2026-10-08 14:20:20 ...................................................................... ~ 30s
  2026-10-08 14:21:06 ....................................................................... ~ 0s
  2026-10-08 14:20:46 ...................................................................... ~ 23s
  2026-10-08 14:21:09 ....................................................................... ~ 1s
  2026-10-08 14:21:09 ....................................................................... ~ 2s
  2026-10-08 14:21:11 ....................................................................... ~ 1s
  2026-10-08 14:21:10 /image/logo/logo1x1.png ............................................... ~ 2s
  2026-10-08 14:21:11 /image/logo/logo1x1.png ............................................... ~ 1s
  2026-10-08 14:21:12 ....................................................................... ~ 0s
  2026-10-08 14:21:11 /vendor/livewire/livewire.js?id=e949cd11 .............................. ~ 1s
  2026-10-08 14:21:11 /vendor/livewire/livewire.js?id=e949cd11 .............................. ~ 1s
  2026-10-08 14:21:12 /vendor/livewire/livewire.js?id=e949cd11 .............................. ~ 0s
  2026-10-08 14:21:12 /image/logo/logo1x1.png ............................................... ~ 0s
  2026-10-08 14:21:13 ....................................................................... ~ 1s
  2026-10-08 14:21:14 ....................................................................... ~ 0s
  2026-10-08 14:21:14 ....................................................................... ~ 1s
  2026-10-08 14:21:14 ....................................................................... ~ 1s
  2026-10-08 14:21:15 ....................................................................... ~ 0s
  2026-10-08 14:21:15 /favicon.svg .......................................................... ~ 0s
  2026-10-08 14:21:15 /favicon.svg .......................................................... ~ 0s
  2026-10-08 14:21:15 ....................................................................... ~ 1s
  2026-10-08 14:21:16 ....................................................................... ~ 0s
  2026-10-08 14:21:15 /image/logo/logo1x1.png ............................................... ~ 1s
  2026-10-08 14:21:16 ....................................................................... ~ 0s
  2026-10-08 14:21:15 /favicon.svg .......................................................... ~ 1s
  2026-10-08 14:21:16 /vendor/livewire/livewire.js?id=e949cd11 .............................. ~ 0s
  2026-10-08 14:21:16 /image/logo/logo1x1.png ............................................... ~ 0s
  2026-10-08 14:21:16 /vendor/livewire/livewire.js?id=e949cd11 .............................. ~ 0s
  2026-10-08 14:21:16 ....................................................................... ~ 1s
  2026-10-08 14:21:17 ....................................................................... ~ 0s
  2026-10-08 14:21:17 ....................................................................... ~ 1s
  2026-10-08 14:21:17 /favicon.svg .......................................................... ~ 1s
  2026-10-08 14:21:18 ....................................................................... ~ 0s
  2026-10-08 14:21:18 ....................................................................... ~ 0s
  2026-10-08 14:21:18 /favicon.svg .......................................................... ~ 0s
  2026-10-08 14:21:18 ....................................................................... ~ 7s
  2026-10-08 14:21:15 ...................................................................... ~ 11s
  2026-10-08 14:21:25 ....................................................................... ~ 3s
  2026-10-08 14:21:28 ....................................................................... ~ 0s
  2026-10-08 14:21:26 /image/logo/logo1x1.png ............................................... ~ 2s
  2026-10-08 14:21:28 ....................................................................... ~ 0s
  2026-10-08 14:21:28 /vendor/livewire/livewire.js?id=e949cd11 .............................. ~ 0s
  2026-10-08 14:21:28 /image/logo/logo1x1.png ............................................... ~ 0s
  2026-10-08 14:21:28 /vendor/livewire/livewire.js?id=e949cd11 .............................. ~ 0s
  2026-10-08 14:21:29 /image/logo/logo1x1.png ............................................... ~ 0s
  2026-10-08 14:21:29 /vendor/livewire/livewire.js?id=e949cd11 .............................. ~ 0s
  2026-10-08 14:21:29 ....................................................................... ~ 1s
  2026-10-08 14:21:29 ....................................................................... ~ 1s
  2026-10-08 14:21:30 ....................................................................... ~ 1s
  2026-10-08 14:21:30 /favicon.svg .......................................................... ~ 1s
  2026-10-08 14:21:30 ....................................................................... ~ 1s
  2026-10-08 14:21:31 ....................................................................... ~ 0s
  2026-10-08 14:21:31 ....................................................................... ~ 1s
  2026-10-08 14:21:31 /favicon.svg .......................................................... ~ 1s
  2026-10-08 14:21:31 /favicon.svg .......................................................... ~ 1s
  2026-10-08 14:21:36 ....................................................................... ~ 0s
  2026-10-08 14:21:30 ...................................................................... ~ 29s
  2026-10-08 14:21:59 ....................................................................... ~ 0s
  2026-10-08 14:22:06 ....................................................................... ~ 0s
  2026-10-08 14:21:59 ...................................................................... ~ 30s
  2026-10-08 14:22:29 ....................................................................... ~ 0s
  2026-10-08 14:22:36 ....................................................................... ~ 0s
  2026-10-08 14:22:37 ....................................................................... ~ 0s
  2026-10-08 14:22:37 /image/logo/logo1x1.png ............................................... ~ 0s
  2026-10-08 14:22:37 /vendor/livewire/livewire.js?id=e949cd11 .............................. ~ 0s
  2026-10-08 14:22:38 ....................................................................... ~ 0s
  2026-10-08 14:22:38 ....................................................................... ~ 0s
  2026-10-08 14:22:38 ....................................................................... ~ 1s
  2026-10-08 14:22:39 ....................................................................... ~ 1s
  2026-10-08 14:22:40 /favicon.svg .......................................................... ~ 0s
  2026-10-08 14:22:29 ...................................................................... ~ 30s
  2026-10-08 14:23:06 ....................................................................... ~ 0s
  2026-10-08 14:23:09 ....................................................................... ~ 0s
  2026-10-08 14:23:29 ....................................................................... ~ 0s
  2026-10-08 14:23:36 ....................................................................... ~ 0s
  2026-10-08 14:23:29 ...................................................................... ~ 30s
  2026-10-08 14:24:06 ....................................................................... ~ 0s
  2026-10-08 14:23:10 ...................................................................... ~ 72s
  2026-10-08 14:24:22 ....................................................................... ~ 1s
  2026-10-08 14:24:23 ....................................................................... ~ 1s
  2026-10-08 14:24:23 ....................................................................... ~ 2s
  2026-10-08 14:24:25 ....................................................................... ~ 0s
  2026-10-08 14:24:24 /image/logo/logo1x1.png ............................................... ~ 1s
  2026-10-08 14:24:25 /image/logo/logo1x1.png ............................................... ~ 0s
  2026-10-08 14:24:25 /vendor/livewire/livewire.js?id=e949cd11 .............................. ~ 0s
  2026-10-08 14:24:25 /vendor/livewire/livewire.js?id=e949cd11 .............................. ~ 0s
  2026-10-08 14:24:25 /image/logo/logo1x1.png ............................................... ~ 0s
  2026-10-08 14:24:25 /vendor/livewire/livewire.js?id=e949cd11 .............................. ~ 0s
  2026-10-08 14:24:26 ....................................................................... ~ 0s
  2026-10-08 14:24:26 ....................................................................... ~ 1s
  2026-10-08 14:24:26 ....................................................................... ~ 1s
  2026-10-08 14:24:27 ....................................................................... ~ 1s
  2026-10-08 14:24:27 /favicon.svg .......................................................... ~ 1s
  2026-10-08 14:24:28 ....................................................................... ~ 1s
  2026-10-08 14:24:28 ....................................................................... ~ 2s
  2026-10-08 14:24:29 ....................................................................... ~ 1s
  2026-10-08 14:24:30 ....................................................................... ~ 0s
  2026-10-08 14:24:30 /favicon.svg .......................................................... ~ 0s
  2026-10-08 14:24:27 /image/logo/logo1x1.png ............................................... ~ 3s
  2026-10-08 14:24:30 ....................................................................... ~ 0s
  2026-10-08 14:24:30 ....................................................................... ~ 0s
  2026-10-08 14:24:30 /vendor/livewire/livewire.js?id=e949cd11 .............................. ~ 0s
  2026-10-08 14:24:30 /favicon.svg .......................................................... ~ 0s
  2026-10-08 14:24:30 /image/logo/logo1x1.png ............................................... ~ 0s
  2026-10-08 14:24:30 /vendor/livewire/livewire.js?id=e949cd11 .............................. ~ 0s
  2026-10-08 14:24:31 ....................................................................... ~ 0s
  2026-10-08 14:24:31 ....................................................................... ~ 1s
  2026-10-08 14:24:31 ....................................................................... ~ 1s
  2026-10-08 14:24:32 ....................................................................... ~ 0s
  2026-10-08 14:24:32 /favicon.svg .......................................................... ~ 0s
  2026-10-08 14:24:36 ....................................................................... ~ 0s
  2026-10-08 14:24:32 ....................................................................... ~ 6s
  2026-10-08 14:24:32 ....................................................................... ~ 7s
  2026-10-08 14:24:38 ....................................................................... ~ 2s
  2026-10-08 14:24:40 ....................................................................... ~ 0s
  2026-10-08 14:24:39 /image/logo/logo1x1.png ............................................... ~ 1s
  2026-10-08 14:24:40 /vendor/livewire/livewire.js?id=e949cd11 .............................. ~ 0s
  2026-10-08 14:24:40 /image/logo/logo1x1.png ............................................... ~ 0s
  2026-10-08 14:24:40 /vendor/livewire/livewire.js?id=e949cd11 .............................. ~ 0s
  2026-10-08 14:24:41 /vendor/livewire/livewire.js?id=e949cd11 .............................. ~ 0s
  2026-10-08 14:24:41 /image/logo/logo1x1.png ............................................... ~ 0s
  2026-10-08 14:24:41 ....................................................................... ~ 0s
  2026-10-08 14:24:41 ....................................................................... ~ 0s
  2026-10-08 14:24:41 ....................................................................... ~ 0s
  2026-10-08 14:24:40 ....................................................................... ~ 2s
  2026-10-08 14:24:41 /favicon.svg .......................................................... ~ 1s
  2026-10-08 14:24:42 ....................................................................... ~ 0s
  2026-10-08 14:24:42 ....................................................................... ~ 0s
  2026-10-08 14:24:42 ....................................................................... ~ 0s
  2026-10-08 14:24:42 /favicon.svg .......................................................... ~ 0s
  2026-10-08 14:24:42 /favicon.svg .......................................................... ~ 0s
  2026-10-08 14:25:06 ....................................................................... ~ 0s
  2026-10-08 14:25:11 ....................................................................... ~ 0s
  2026-10-08 14:25:13 ....................................................................... ~ 0s
  2026-10-08 14:25:36 ....................................................................... ~ 1s
  2026-10-08 14:25:11 ...................................................................... ~ 30s
  2026-10-08 14:25:13 ...................................................................... ~ 28s
  2026-10-08 14:25:42 ....................................................................... ~ 0s
  2026-10-08 14:25:42 /image/logo/logo1x1.png ............................................... ~ 0s
  2026-10-08 14:25:42 /vendor/livewire/livewire.js?id=e949cd11 .............................. ~ 0s
  2026-10-08 14:25:43 ....................................................................... ~ 0s
  2026-10-08 14:25:43 ....................................................................... ~ 0s
  2026-10-08 14:25:43 ....................................................................... ~ 1s
  2026-10-08 14:25:44 ....................................................................... ~ 1s
  2026-10-08 14:25:45 /favicon.svg .......................................................... ~ 0s
  2026-10-08 14:26:07 ....................................................................... ~ 0s
  2026-10-08 14:26:11 ....................................................................... ~ 0s
  2026-10-08 14:26:14 ....................................................................... ~ 0s
  2026-10-08 14:26:37 ....................................................................... ~ 0s
  2026-10-08 14:26:11 ...................................................................... ~ 30s
  2026-10-08 14:26:14 ...................................................................... ~ 30s
  2026-10-08 14:26:44 ....................................................................... ~ 1s
  2026-10-08 14:26:44 ....................................................................... ~ 2s
  2026-10-08 14:26:46 ....................................................................... ~ 0s
  2026-10-08 14:26:45 /image/logo/logo1x1.png ............................................... ~ 1s
  2026-10-08 14:26:46 ....................................................................... ~ 0s
  2026-10-08 14:26:46 /image/logo/logo1x1.png ............................................... ~ 0s
  2026-10-08 14:26:46 /vendor/livewire/livewire.js?id=e949cd11 .............................. ~ 0s
  2026-10-08 14:26:46 /vendor/livewire/livewire.js?id=e949cd11 .............................. ~ 0s
  2026-10-08 14:26:46 ....................................................................... ~ 0s
  2026-10-08 14:26:46 /vendor/livewire/livewire.js?id=e949cd11 .............................. ~ 0s
  2026-10-08 14:26:46 /image/logo/logo1x1.png ............................................... ~ 0s
  2026-10-08 14:26:47 ....................................................................... ~ 1s
  2026-10-08 14:26:47 ....................................................................... ~ 1s
  2026-10-08 14:26:48 ....................................................................... ~ 1s
  2026-10-08 14:26:48 /favicon.svg .......................................................... ~ 1s
  2026-10-08 14:26:48 ....................................................................... ~ 1s
  2026-10-08 14:26:48 /favicon.svg .......................................................... ~ 1s
  2026-10-08 14:26:49 /favicon.svg .......................................................... ~ 0s
  2026-10-08 14:26:49 ....................................................................... ~ 1s
  2026-10-08 14:26:50 ....................................................................... ~ 0s
  2026-10-08 14:26:50 ....................................................................... ~ 1s
  2026-10-08 14:26:50 ....................................................................... ~ 1s
  2026-10-08 14:26:51 ....................................................................... ~ 1s
  2026-10-08 14:26:52 ....................................................................... ~ 0s
  2026-10-08 14:26:51 /image/logo/logo1x1.png ............................................... ~ 1s
  2026-10-08 14:26:52 /vendor/livewire/livewire.js?id=e949cd11 .............................. ~ 0s
  2026-10-08 14:26:52 /image/logo/logo1x1.png ............................................... ~ 0s
  2026-10-08 14:26:52 /vendor/livewire/livewire.js?id=e949cd11 .............................. ~ 0s
  2026-10-08 14:26:53 /image/logo/logo1x1.png ............................................... ~ 0s
  2026-10-08 14:26:53 ....................................................................... ~ 0s
  2026-10-08 14:26:53 /vendor/livewire/livewire.js?id=e949cd11 .............................. ~ 0s
  2026-10-08 14:26:53 ....................................................................... ~ 0s
  2026-10-08 14:26:52 ....................................................................... ~ 2s
  2026-10-08 14:26:53 ....................................................................... ~ 1s
  2026-10-08 14:26:54 ....................................................................... ~ 0s
  2026-10-08 14:26:54 ....................................................................... ~ 0s
  2026-10-08 14:26:54 /favicon.svg .......................................................... ~ 0s
  2026-10-08 14:26:54 ....................................................................... ~ 1s
  2026-10-08 14:26:54 ....................................................................... ~ 2s
  2026-10-08 14:26:54 /favicon.svg .......................................................... ~ 2s
  2026-10-08 14:26:55 ....................................................................... ~ 2s
  2026-10-08 14:26:57 ....................................................................... ~ 0s
  2026-10-08 14:26:56 /favicon.svg .......................................................... ~ 1s
  2026-10-08 14:26:57 ....................................................................... ~ 1s
  2026-10-08 14:26:57 /image/logo/logo1x1.png ............................................... ~ 1s
  2026-10-08 14:26:58 ....................................................................... ~ 0s
  2026-10-08 14:26:57 /vendor/livewire/livewire.js?id=e949cd11 .............................. ~ 1s
  2026-10-08 14:26:57 /image/logo/logo1x1.png ............................................... ~ 1s
  2026-10-08 14:26:58 /vendor/livewire/livewire.js?id=e949cd11 .............................. ~ 0s
  2026-10-08 14:26:58 /image/logo/logo1x1.png ............................................... ~ 0s
  2026-10-08 14:26:58 /vendor/livewire/livewire.js?id=e949cd11 .............................. ~ 0s
  2026-10-08 14:26:59 ....................................................................... ~ 0s
  2026-10-08 14:26:59 ....................................................................... ~ 0s
  2026-10-08 14:26:58 ....................................................................... ~ 1s
  2026-10-08 14:26:59 ....................................................................... ~ 0s
  2026-10-08 14:26:59 ....................................................................... ~ 1s
  2026-10-08 14:26:59 /favicon.svg .......................................................... ~ 1s
  2026-10-08 14:27:00 ....................................................................... ~ 0s
  2026-10-08 14:26:59 /favicon.svg .......................................................... ~ 1s
  2026-10-08 14:27:00 /favicon.svg .......................................................... ~ 0s
  2026-10-08 14:27:02 ....................................................................... ~ 1s
  2026-10-08 14:27:03 ....................................................................... ~ 1s
  2026-10-08 14:27:03 ....................................................................... ~ 2s
  2026-10-08 14:27:05 ....................................................................... ~ 0s
  2026-10-08 14:27:04 /image/logo/logo1x1.png ............................................... ~ 1s
  2026-10-08 14:27:05 /image/logo/logo1x1.png ............................................... ~ 0s
  2026-10-08 14:27:05 ....................................................................... ~ 1s
  2026-10-08 14:27:05 /vendor/livewire/livewire.js?id=e949cd11 .............................. ~ 1s
  2026-10-08 14:27:05 /vendor/livewire/livewire.js?id=e949cd11 .............................. ~ 1s
  2026-10-08 14:27:05 /image/logo/logo1x1.png ............................................... ~ 1s
  2026-10-08 14:27:06 /vendor/livewire/livewire.js?id=e949cd11 .............................. ~ 0s
  2026-10-08 14:27:07 ....................................................................... ~ 0s
  2026-10-08 14:27:07 ....................................................................... ~ 0s
  2026-10-08 14:27:07 ....................................................................... ~ 1s
  2026-10-08 14:27:08 ....................................................................... ~ 0s
  2026-10-08 14:27:08 ....................................................................... ~ 0s
  2026-10-08 14:27:07 /favicon.svg .......................................................... ~ 1s
  2026-10-08 14:27:08 ....................................................................... ~ 0s
  2026-10-08 14:27:08 ....................................................................... ~ 1s
  2026-10-08 14:27:08 /favicon.svg .......................................................... ~ 1s
  2026-10-08 14:27:08 /favicon.svg .......................................................... ~ 1s
  2026-10-08 14:27:36 ....................................................................... ~ 0s
  2026-10-08 14:27:09 ...................................................................... ~ 28s
  2026-10-08 14:27:37 ....................................................................... ~ 0s
  2026-10-08 14:27:37 ...................................................................... ~ 29s
  2026-10-08 14:28:07 ....................................................................... ~ 0s
  2026-10-08 14:28:07 ....................................................................... ~ 0s
  2026-10-08 14:28:36 ....................................................................... ~ 0s
  2026-10-08 14:28:07 ...................................................................... ~ 30s
  2026-10-08 14:28:37 ....................................................................... ~ 0s
  2026-10-08 14:28:37 ...................................................................... ~ 29s
  2026-10-08 14:29:07 ....................................................................... ~ 0s
  2026-10-08 14:29:07 ....................................................................... ~ 0s
  2026-10-08 14:29:07 ...................................................................... ~ 30s
  2026-10-08 14:29:37 ....................................................................... ~ 0s
  2026-10-08 14:30:06 ....................................................................... ~ 0s
  2026-10-08 14:30:07 ....................................................................... ~ 0s
  2026-10-08 14:30:07 ....................................................................... ~ 0s
  2026-10-08 14:30:07 ...................................................................... ~ 29s
  2026-10-08 14:30:07 ...................................................................... ~ 30s
  2026-10-08 14:30:37 ....................................................................... ~ 0s
  2026-10-08 14:31:06 ....................................................................... ~ 0s
  2026-10-08 14:31:07 ....................................................................... ~ 0s
  2026-10-08 14:31:07 ....................................................................... ~ 0s
  2026-10-08 14:31:07 ...................................................................... ~ 13s
  2026-10-08 14:31:07 ...................................................................... ~ 13s
  2026-10-08 14:31:36 ....................................................................... ~ 0s
  2026-10-08 14:31:37 ....................................................................... ~ 0s
  2026-10-08 14:31:37 ....................................................................... ~ 0s
  2026-10-08 14:31:37 ...................................................................... ~ 29s
  2026-10-08 14:31:37 ...................................................................... ~ 30s
  2026-10-08 14:32:07 ....................................................................... ~ 1s
  2026-10-08 14:32:36 ....................................................................... ~ 1s
  2026-10-08 14:32:37 ....................................................................... ~ 0s
  2026-10-08 14:32:38 ....................................................................... ~ 0s
  2026-10-08 14:32:37 ...................................................................... ~ 29s
  2026-10-08 14:32:37 ...................................................................... ~ 30s
  2026-10-08 14:33:08 ....................................................................... ~ 0s
  2026-10-08 14:33:36 ....................................................................... ~ 1s
  2026-10-08 14:33:37 ....................................................................... ~ 0s
  2026-10-08 14:33:38 ....................................................................... ~ 0s
  2026-10-08 14:33:37 ...................................................................... ~ 29s
  2026-10-08 14:33:37 ...................................................................... ~ 30s
  2026-10-08 14:34:08 ....................................................................... ~ 0s
  2026-10-08 14:34:36 ....................................................................... ~ 1s
  2026-10-08 14:34:37 ....................................................................... ~ 0s
  2026-10-08 14:34:38 ....................................................................... ~ 0s
  2026-10-08 14:34:37 ...................................................................... ~ 29s
  2026-10-08 14:34:37 ...................................................................... ~ 30s
  2026-10-08 14:35:08 ....................................................................... ~ 0s
  2026-10-08 14:35:10 ....................................................................... ~ 1s
  2026-10-08 14:35:11 ....................................................................... ~ 1s
  2026-10-08 14:35:11 ....................................................................... ~ 2s
  2026-10-08 14:35:13 ....................................................................... ~ 0s
  2026-10-08 14:35:12 /image/logo/logo1x1.png ............................................... ~ 1s
  2026-10-08 14:35:13 /image/logo/logo1x1.png ............................................... ~ 0s
  2026-10-08 14:35:13 ....................................................................... ~ 0s
  2026-10-08 14:35:13 /vendor/livewire/livewire.js?id=e949cd11 .............................. ~ 0s
  2026-10-08 14:35:13 /vendor/livewire/livewire.js?id=e949cd11 .............................. ~ 0s
  2026-10-08 14:35:14 /image/logo/logo1x1.png ............................................... ~ 0s
  2026-10-08 14:35:14 /vendor/livewire/livewire.js?id=e949cd11 .............................. ~ 0s
  2026-10-08 14:35:14 ....................................................................... ~ 1s
  2026-10-08 14:35:14 ....................................................................... ~ 2s
  2026-10-08 14:35:15 /favicon.svg .......................................................... ~ 1s
  2026-10-08 14:35:16 ....................................................................... ~ 1s
  2026-10-08 14:35:17 ....................................................................... ~ 0s
  2026-10-08 14:35:17 ....................................................................... ~ 0s
  2026-10-08 14:35:17 ....................................................................... ~ 0s
  2026-10-08 14:35:17 /favicon.svg .......................................................... ~ 0s
  2026-10-08 14:35:17 /favicon.svg .......................................................... ~ 0s
  2026-10-08 14:35:16 ....................................................................... ~ 8s
  2026-10-08 14:35:24 ....................................................................... ~ 2s
  2026-10-08 14:35:24 ....................................................................... ~ 3s
  2026-10-08 14:35:27 ....................................................................... ~ 1s
  2026-10-08 14:35:26 /image/logo/logo1x1.png ............................................... ~ 2s
  2026-10-08 14:35:27 /image/logo/logo1x1.png ............................................... ~ 1s
  2026-10-08 14:35:28 ....................................................................... ~ 0s
  2026-10-08 14:35:27 /vendor/livewire/livewire.js?id=e949cd11 .............................. ~ 1s
  2026-10-08 14:35:28 /vendor/livewire/livewire.js?id=e949cd11 .............................. ~ 0s
  2026-10-08 14:35:28 /image/logo/logo1x1.png ............................................... ~ 0s
  2026-10-08 14:35:28 /vendor/livewire/livewire.js?id=e949cd11 .............................. ~ 0s
  2026-10-08 14:35:27 ....................................................................... ~ 2s
  2026-10-08 14:35:29 ....................................................................... ~ 0s
  2026-10-08 14:35:29 ....................................................................... ~ 0s
  2026-10-08 14:35:29 ....................................................................... ~ 0s
  2026-10-08 14:35:29 /favicon.svg .......................................................... ~ 0s
  2026-10-08 14:35:29 ....................................................................... ~ 1s
  2026-10-08 14:35:29 /favicon.svg .......................................................... ~ 1s
  2026-10-08 14:35:30 ....................................................................... ~ 0s
  2026-10-08 14:35:30 /favicon.svg .......................................................... ~ 0s
  2026-10-08 14:35:30 ....................................................................... ~ 8s
  2026-10-08 14:35:38 ....................................................................... ~ 1s
  2026-10-08 14:35:38 ....................................................................... ~ 2s
  2026-10-08 14:35:40 ....................................................................... ~ 0s
  2026-10-08 14:35:39 /image/logo/logo1x1.png ............................................... ~ 1s
  2026-10-08 14:35:40 ....................................................................... ~ 0s
  2026-10-08 14:35:40 ....................................................................... ~ 1s
  2026-10-08 14:35:40 /image/logo/logo1x1.png ............................................... ~ 1s
  2026-10-08 14:35:40 /vendor/livewire/livewire.js?id=e949cd11 .............................. ~ 1s
  2026-10-08 14:35:40 /vendor/livewire/livewire.js?id=e949cd11 .............................. ~ 1s
  2026-10-08 14:35:41 /vendor/livewire/livewire.js?id=e949cd11 .............................. ~ 0s
  2026-10-08 14:35:41 /image/logo/logo1x1.png ............................................... ~ 0s
  2026-10-08 14:35:42 ....................................................................... ~ 0s
  2026-10-08 14:35:42 ....................................................................... ~ 0s
  2026-10-08 14:35:42 ....................................................................... ~ 0s
  2026-10-08 14:35:42 ....................................................................... ~ 0s
  2026-10-08 14:35:42 /favicon.svg .......................................................... ~ 0s
  2026-10-08 14:35:42 ....................................................................... ~ 1s
  2026-10-08 14:35:42 ....................................................................... ~ 1s
  2026-10-08 14:35:42 /favicon.svg .......................................................... ~ 1s
  2026-10-08 14:35:43 /favicon.svg .......................................................... ~ 0s
  2026-10-08 14:35:43 ....................................................................... ~ 6s
  2026-10-08 14:35:49 ....................................................................... ~ 1s
  2026-10-08 14:35:49 ....................................................................... ~ 3s
  2026-10-08 14:35:52 ....................................................................... ~ 1s
  2026-10-08 14:35:50 /image/logo/logo1x1.png ............................................... ~ 3s
  2026-10-08 14:35:52 /image/logo/logo1x1.png ............................................... ~ 1s
  2026-10-08 14:35:53 ....................................................................... ~ 0s
  2026-10-08 14:35:52 /vendor/livewire/livewire.js?id=e949cd11 .............................. ~ 1s
  2026-10-08 14:35:52 /vendor/livewire/livewire.js?id=e949cd11 .............................. ~ 1s
  2026-10-08 14:35:53 /image/logo/logo1x1.png ............................................... ~ 0s
  2026-10-08 14:35:53 /vendor/livewire/livewire.js?id=e949cd11 .............................. ~ 0s
  2026-10-08 14:35:54 ....................................................................... ~ 0s
  2026-10-08 14:35:54 ....................................................................... ~ 0s
  2026-10-08 14:35:54 /favicon.svg .......................................................... ~ 0s
  2026-10-08 14:35:54 ....................................................................... ~ 1s
  2026-10-08 14:35:55 ....................................................................... ~ 0s
  2026-10-08 14:35:55 ....................................................................... ~ 0s
  2026-10-08 14:35:55 ....................................................................... ~ 0s
  2026-10-08 14:35:55 /favicon.svg .......................................................... ~ 0s
  2026-10-08 14:35:55 /favicon.svg .......................................................... ~ 0s
  2026-10-08 14:36:09 ....................................................................... ~ 0s
  2026-10-08 14:35:54 ...................................................................... ~ 29s
  2026-10-08 14:36:24 ....................................................................... ~ 0s
  2026-10-08 14:36:24 ....................................................................... ~ 6s
  2026-10-08 14:36:30 /image/logo/logo1x1.png ............................................... ~ 0s
  2026-10-08 14:36:30 /vendor/livewire/livewire.js?id=e949cd11 .............................. ~ 0s
  2026-10-08 14:36:30 ....................................................................... ~ 1s
  2026-10-08 14:36:31 ....................................................................... ~ 1s
  2026-10-08 14:36:32 ....................................................................... ~ 0s
  2026-10-08 14:36:32 /favicon.svg .......................................................... ~ 0s
  2026-10-08 14:36:39 ....................................................................... ~ 0s
  2026-10-08 14:36:54 ....................................................................... ~ 0s
  2026-10-08 14:36:32 ...................................................................... ~ 29s
  2026-10-08 14:36:54 ...................................................................... ~ 16s
  2026-10-08 14:37:10 ....................................................................... ~ 1s
  2026-10-08 14:37:10 ....................................................................... ~ 2s
  2026-10-08 14:37:11 ....................................................................... ~ 2s
  2026-10-08 14:37:13 ....................................................................... ~ 0s
  2026-10-08 14:37:12 /image/logo/logo1x1.png ............................................... ~ 1s
  2026-10-08 14:37:13 /image/logo/logo1x1.png ............................................... ~ 0s
  2026-10-08 14:37:13 ....................................................................... ~ 0s
  2026-10-08 14:37:13 /vendor/livewire/livewire.js?id=e949cd11 .............................. ~ 0s
  2026-10-08 14:37:13 /vendor/livewire/livewire.js?id=e949cd11 .............................. ~ 0s
  2026-10-08 14:37:14 /vendor/livewire/livewire.js?id=e949cd11 .............................. ~ 0s
  2026-10-08 14:37:14 /image/logo/logo1x1.png ............................................... ~ 0s
  2026-10-08 14:37:13 ....................................................................... ~ 1s
  2026-10-08 14:37:14 ....................................................................... ~ 1s
  2026-10-08 14:37:15 /favicon.svg .......................................................... ~ 0s
  2026-10-08 14:37:15 ....................................................................... ~ 0s
  2026-10-08 14:37:15 ....................................................................... ~ 0s
  2026-10-08 14:37:15 ....................................................................... ~ 1s
  2026-10-08 14:37:15 ....................................................................... ~ 1s
  2026-10-08 14:37:15 /favicon.svg .......................................................... ~ 1s
  2026-10-08 14:37:16 /favicon.svg .......................................................... ~ 0s
  2026-10-08 14:37:41 ....................................................................... ~ 0s
  2026-10-08 14:37:44 ....................................................................... ~ 0s
  2026-10-08 14:37:44 ....................................................................... ~ 1s
  2026-10-08 14:38:11 ....................................................................... ~ 0s
  2026-10-08 14:37:44 ...................................................................... ~ 30s
  2026-10-08 14:37:45 ...................................................................... ~ 29s
  2026-10-08 14:38:41 ....................................................................... ~ 0s
  2026-10-08 14:38:44 ....................................................................... ~ 0s
  2026-10-08 14:38:44 ....................................................................... ~ 1s
  2026-10-08 14:39:11 ....................................................................... ~ 0s
  2026-10-08 14:38:44 ...................................................................... ~ 30s
  2026-10-08 14:38:45 ...................................................................... ~ 29s
  2026-10-08 14:39:15 ....................................................................... ~ 1s
  2026-10-08 14:39:16 /image/logo/logo1x1.png ............................................... ~ 0s
  2026-10-08 14:39:16 /vendor/livewire/livewire.js?id=e949cd11 .............................. ~ 0s
  2026-10-08 14:39:17 ....................................................................... ~ 0s
  2026-10-08 14:39:17 ....................................................................... ~ 0s
  2026-10-08 14:39:18 ....................................................................... ~ 0s
  2026-10-08 14:39:18 /favicon.svg .......................................................... ~ 0s
  2026-10-08 14:39:41 ....................................................................... ~ 0s
  2026-10-08 14:39:44 ....................................................................... ~ 0s
  2026-10-08 14:39:47 ....................................................................... ~ 0s
  2026-10-08 14:40:11 ....................................................................... ~ 0s
  2026-10-08 14:39:44 ...................................................................... ~ 30s
  2026-10-08 14:39:47 ...................................................................... ~ 30s
  2026-10-08 14:40:41 ....................................................................... ~ 0s
  2026-10-08 14:40:43 ....................................................................... ~ 0s
  2026-10-08 14:40:44 ....................................................................... ~ 0s
  2026-10-08 14:40:43 ....................................................................... ~ 4s
  2026-10-08 14:40:56 ....................................................................... ~ 1s
  2026-10-08 14:40:57 ....................................................................... ~ 1s
  2026-10-08 14:41:11 ....................................................................... ~ 0s
  2026-10-08 14:40:44 ...................................................................... ~ 30s
  2026-10-08 14:41:17 ....................................................................... ~ 0s
  2026-10-08 14:41:41 ....................................................................... ~ 0s
  2026-10-08 14:41:44 ....................................................................... ~ 0s
  2026-10-08 14:41:17 ...................................................................... ~ 30s
  2026-10-08 14:42:11 ....................................................................... ~ 0s
  2026-10-08 14:41:44 ...................................................................... ~ 30s
  2026-10-08 14:42:17 ....................................................................... ~ 0s
  2026-10-08 14:42:41 ....................................................................... ~ 0s
  2026-10-08 14:42:17 ...................................................................... ~ 28s
  2026-10-08 14:42:45 ....................................................................... ~ 2s
  2026-10-08 14:42:45 ....................................................................... ~ 2s
  2026-10-08 14:42:47 ....................................................................... ~ 2s
  2026-10-08 14:42:47 /image/logo/logo1x1.png ............................................... ~ 2s
  2026-10-08 14:42:49 ....................................................................... ~ 1s
  2026-10-08 14:42:50 ....................................................................... ~ 0s
  2026-10-08 14:42:47 /image/logo/logo1x1.png ............................................... ~ 3s
  2026-10-08 14:42:49 /vendor/livewire/livewire.js?id=e949cd11 .............................. ~ 1s
  2026-10-08 14:42:49 /vendor/livewire/livewire.js?id=e949cd11 .............................. ~ 1s
  2026-10-08 14:42:50 /image/logo/logo1x1.png ............................................... ~ 0s
  2026-10-08 14:42:50 /vendor/livewire/livewire.js?id=e949cd11 .............................. ~ 0s
  2026-10-08 14:42:51 ....................................................................... ~ 1s
  2026-10-08 14:42:51 ....................................................................... ~ 1s
  2026-10-08 14:42:52 ....................................................................... ~ 0s
  2026-10-08 14:42:52 ....................................................................... ~ 0s
  2026-10-08 14:42:52 /favicon.svg .......................................................... ~ 0s
  2026-10-08 14:42:52 /favicon.svg .......................................................... ~ 0s
  2026-10-08 14:42:52 ....................................................................... ~ 0s
  2026-10-08 14:42:52 ....................................................................... ~ 1s
  2026-10-08 14:42:53 /favicon.svg .......................................................... ~ 0s
  2026-10-08 14:42:52 ....................................................................... ~ 3s
  2026-10-08 14:42:55 ....................................................................... ~ 0s
  2026-10-08 14:42:55 ....................................................................... ~ 2s
  2026-10-08 14:42:57 ....................................................................... ~ 0s
  2026-10-08 14:42:55 /image/logo/logo1x1.png ............................................... ~ 2s
  2026-10-08 14:42:57 /image/logo/logo1x1.png ............................................... ~ 0s
  2026-10-08 14:42:57 ....................................................................... ~ 0s
  2026-10-08 14:42:57 /vendor/livewire/livewire.js?id=e949cd11 .............................. ~ 0s
  2026-10-08 14:42:57 /vendor/livewire/livewire.js?id=e949cd11 .............................. ~ 0s
  2026-10-08 14:42:57 /image/logo/logo1x1.png ............................................... ~ 0s
  2026-10-08 14:42:57 /vendor/livewire/livewire.js?id=e949cd11 .............................. ~ 0s
  2026-10-08 14:42:57 ....................................................................... ~ 2s
  2026-10-08 14:42:59 ....................................................................... ~ 1s
  2026-10-08 14:42:59 ....................................................................... ~ 1s
  2026-10-08 14:43:00 ....................................................................... ~ 0s
  2026-10-08 14:43:00 /favicon.svg .......................................................... ~ 0s
  2026-10-08 14:43:00 ....................................................................... ~ 0s
  2026-10-08 14:43:00 ....................................................................... ~ 0s
  2026-10-08 14:43:00 /favicon.svg .......................................................... ~ 0s
  2026-10-08 14:43:00 /favicon.svg .......................................................... ~ 0s
  2026-10-08 14:43:03 ....................................................................... ~ 1s
  2026-10-08 14:43:04 ....................................................................... ~ 1s
  2026-10-08 14:43:04 ....................................................................... ~ 3s
  2026-10-08 14:43:07 ....................................................................... ~ 0s
  2026-10-08 14:43:05 /image/logo/logo1x1.png ............................................... ~ 2s
  2026-10-08 14:43:07 /image/logo/logo1x1.png ............................................... ~ 0s
  2026-10-08 14:43:07 ....................................................................... ~ 0s
  2026-10-08 14:43:07 /vendor/livewire/livewire.js?id=e949cd11 .............................. ~ 0s
  2026-10-08 14:43:07 /vendor/livewire/livewire.js?id=e949cd11 .............................. ~ 0s
  2026-10-08 14:43:07 /image/logo/logo1x1.png ............................................... ~ 0s
  2026-10-08 14:43:08 /vendor/livewire/livewire.js?id=e949cd11 .............................. ~ 0s
  2026-10-08 14:43:09 ....................................................................... ~ 0s
  2026-10-08 14:43:09 ....................................................................... ~ 1s
  2026-10-08 14:43:10 ....................................................................... ~ 0s
  2026-10-08 14:43:10 ....................................................................... ~ 0s
  2026-10-08 14:43:09 /favicon.svg .......................................................... ~ 1s
  2026-10-08 14:43:10 ....................................................................... ~ 0s
  2026-10-08 14:43:10 ....................................................................... ~ 1s
  2026-10-08 14:43:10 /favicon.svg .......................................................... ~ 1s
  2026-10-08 14:43:11 /favicon.svg .......................................................... ~ 0s
  2026-10-08 14:43:11 ....................................................................... ~ 1s
  2026-10-08 14:43:10 ...................................................................... ~ 11s
  2026-10-08 14:43:21 ....................................................................... ~ 1s
  2026-10-08 14:43:21 ....................................................................... ~ 2s
  2026-10-08 14:43:23 ....................................................................... ~ 0s
  2026-10-08 14:43:22 /image/logo/logo1x1.png ............................................... ~ 1s
  2026-10-08 14:43:23 /image/logo/logo1x1.png ............................................... ~ 0s
  2026-10-08 14:43:23 ....................................................................... ~ 0s
  2026-10-08 14:43:23 /vendor/livewire/livewire.js?id=e949cd11 .............................. ~ 0s
  2026-10-08 14:43:23 /vendor/livewire/livewire.js?id=e949cd11 .............................. ~ 0s
  2026-10-08 14:43:23 /image/logo/logo1x1.png ............................................... ~ 0s
  2026-10-08 14:43:23 /vendor/livewire/livewire.js?id=e949cd11 .............................. ~ 0s
  2026-10-08 14:43:24 ....................................................................... ~ 1s
  2026-10-08 14:43:24 ....................................................................... ~ 1s
  2026-10-08 14:43:25 ....................................................................... ~ 1s
  2026-10-08 14:43:23 ....................................................................... ~ 3s
  2026-10-08 14:43:24 /favicon.svg .......................................................... ~ 2s
  2026-10-08 14:43:25 ....................................................................... ~ 1s
  2026-10-08 14:43:26 ....................................................................... ~ 0s
  2026-10-08 14:43:26 ....................................................................... ~ 1s
  2026-10-08 14:43:26 ....................................................................... ~ 1s
  2026-10-08 14:43:27 ....................................................................... ~ 1s
  2026-10-08 14:43:27 /favicon.svg .......................................................... ~ 1s
  2026-10-08 14:43:27 /favicon.svg .......................................................... ~ 1s
  2026-10-08 14:43:28 ....................................................................... ~ 0s
  2026-10-08 14:43:28 /image/logo/logo1x1.png ............................................... ~ 0s
  2026-10-08 14:43:28 ....................................................................... ~ 1s
  2026-10-08 14:43:28 /vendor/livewire/livewire.js?id=e949cd11 .............................. ~ 1s
  2026-10-08 14:43:28 /image/logo/logo1x1.png ............................................... ~ 1s
  2026-10-08 14:43:28 /vendor/livewire/livewire.js?id=e949cd11 .............................. ~ 1s
  2026-10-08 14:43:29 /image/logo/logo1x1.png ............................................... ~ 0s
  2026-10-08 14:43:29 /vendor/livewire/livewire.js?id=e949cd11 .............................. ~ 0s
  2026-10-08 14:43:30 ....................................................................... ~ 1s
  2026-10-08 14:43:28 ....................................................................... ~ 3s
  2026-10-08 14:43:31 ....................................................................... ~ 0s
  2026-10-08 14:43:31 ....................................................................... ~ 1s
  2026-10-08 14:43:31 ....................................................................... ~ 1s
  2026-10-08 14:43:31 /favicon.svg .......................................................... ~ 1s
  2026-10-08 14:43:32 ....................................................................... ~ 0s
  2026-10-08 14:43:32 /favicon.svg .......................................................... ~ 0s
  2026-10-08 14:43:32 /favicon.svg .......................................................... ~ 0s
  2026-10-08 14:43:42 ....................................................................... ~ 0s
  2026-10-08 14:44:00 ....................................................................... ~ 0s
  2026-10-08 14:44:00 ....................................................................... ~ 0s
  2026-10-08 14:44:00 ....................................................................... ~ 6s
  2026-10-08 14:44:06 /image/logo/logo1x1.png ............................................... ~ 0s
  2026-10-08 14:44:06 /vendor/livewire/livewire.js?id=e949cd11 .............................. ~ 0s
  2026-10-08 14:44:06 ....................................................................... ~ 1s
  2026-10-08 14:44:07 ....................................................................... ~ 0s
  2026-10-08 14:44:08 ....................................................................... ~ 0s
  2026-10-08 14:44:08 ....................................................................... ~ 0s
  2026-10-08 14:44:08 /favicon.svg .......................................................... ~ 0s
  2026-10-08 14:44:08 ....................................................................... ~ 2s
  2026-10-08 14:44:12 ....................................................................... ~ 0s
  2026-10-08 14:44:00 ...................................................................... ~ 29s
  2026-10-08 14:44:38 ....................................................................... ~ 0s
  2026-10-08 14:44:42 ....................................................................... ~ 0s
  2026-10-08 14:44:38 ...................................................................... ~ 20s
  2026-10-08 14:44:58 ....................................................................... ~ 2s
  2026-10-08 14:44:58 ....................................................................... ~ 4s
  2026-10-08 14:45:00 ....................................................................... ~ 2s
  2026-10-08 14:45:02 ....................................................................... ~ 1s
  2026-10-08 14:45:02 /image/logo/logo1x1.png ............................................... ~ 1s
  2026-10-08 14:45:03 ....................................................................... ~ 0s
  2026-10-08 14:45:02 /vendor/livewire/livewire.js?id=e949cd11 .............................. ~ 1s
  2026-10-08 14:45:02 /image/logo/logo1x1.png ............................................... ~ 1s
  2026-10-08 14:45:03 /vendor/livewire/livewire.js?id=e949cd11 .............................. ~ 0s
  2026-10-08 14:45:03 /image/logo/logo1x1.png ............................................... ~ 0s
  2026-10-08 14:45:03 /vendor/livewire/livewire.js?id=e949cd11 .............................. ~ 0s
  2026-10-08 14:45:05 ....................................................................... ~ 0s
  2026-10-08 14:45:05 ....................................................................... ~ 1s
  2026-10-08 14:45:06 ....................................................................... ~ 0s
  2026-10-08 14:45:06 ....................................................................... ~ 0s
  2026-10-08 14:45:05 /favicon.svg .......................................................... ~ 1s
  2026-10-08 14:45:06 ....................................................................... ~ 0s
  2026-10-08 14:45:06 ....................................................................... ~ 1s
  2026-10-08 14:45:06 /favicon.svg .......................................................... ~ 1s
  2026-10-08 14:45:06 /favicon.svg .......................................................... ~ 1s
  2026-10-08 14:45:12 ....................................................................... ~ 0s
  2026-10-08 14:45:34 ....................................................................... ~ 0s
  2026-10-08 14:45:07 ...................................................................... ~ 27s
  2026-10-08 14:45:42 ....................................................................... ~ 0s
  2026-10-08 14:45:34 ...................................................................... ~ 30s
  2026-10-08 14:46:04 ....................................................................... ~ 0s
  2026-10-08 14:46:12 ....................................................................... ~ 0s
  2026-10-08 14:46:12 ....................................................................... ~ 0s
  2026-10-08 14:46:12 ....................................................................... ~ 2s
  2026-10-08 14:46:15 ....................................................................... ~ 0s
  2026-10-08 14:46:15 ....................................................................... ~ 2s
  2026-10-08 14:46:18 ....................................................................... ~ 0s
  2026-10-08 14:46:04 ...................................................................... ~ 30s
  2026-10-08 14:46:42 ....................................................................... ~ 0s
  2026-10-08 14:47:04 ....................................................................... ~ 0s
  2026-10-08 14:47:12 ....................................................................... ~ 0s
  2026-10-08 14:46:18 ...................................................................... ~ 74s
  2026-10-08 14:47:04 ...................................................................... ~ 30s
  2026-10-08 14:47:42 ....................................................................... ~ 0s
  2026-10-08 14:48:04 ....................................................................... ~ 0s
  2026-10-08 14:48:12 ....................................................................... ~ 0s
  2026-10-08 14:48:04 ...................................................................... ~ 30s
  2026-10-08 14:48:42 ....................................................................... ~ 0s
  2026-10-08 14:49:04 ....................................................................... ~ 0s
  2026-10-08 14:49:12 ....................................................................... ~ 0s
  2026-10-08 14:49:34 ....................................................................... ~ 0s
  2026-10-08 14:49:04 ...................................................................... ~ 30s
  2026-10-08 14:49:42 ....................................................................... ~ 1s
  2026-10-08 14:50:04 ....................................................................... ~ 0s
  2026-10-08 14:50:13 ....................................................................... ~ 0s
  2026-10-08 14:49:34 ...................................................................... ~ 51s
  2026-10-08 14:50:25 /image/logo/logo1x1.png ............................................... ~ 0s
  2026-10-08 14:50:25 /vendor/livewire/livewire.js?id=e949cd11 .............................. ~ 0s
  2026-10-08 14:50:26 ....................................................................... ~ 1s
  2026-10-08 14:50:27 ....................................................................... ~ 0s
  2026-10-08 14:50:27 ....................................................................... ~ 1s
  2026-10-08 14:50:28 ....................................................................... ~ 0s
  2026-10-08 14:50:28 ....................................................................... ~ 0s
  2026-10-08 14:50:28 ....................................................................... ~ 0s
  2026-10-08 14:50:28 ....................................................................... ~ 0s
  2026-10-08 14:50:28 ....................................................................... ~ 1s
  2026-10-08 14:50:29 ....................................................................... ~ 0s
  2026-10-08 14:50:29 ....................................................................... ~ 0s
  2026-10-08 14:50:04 ...................................................................... ~ 30s
  2026-10-08 14:50:43 ....................................................................... ~ 0s
  2026-10-08 14:51:04 ....................................................................... ~ 0s
  2026-10-08 14:51:13 ....................................................................... ~ 0s
  2026-10-08 14:50:29 ...................................................................... ~ 63s
  2026-10-08 14:51:04 ...................................................................... ~ 30s
  2026-10-08 14:51:43 ....................................................................... ~ 0s
  2026-10-08 14:51:45 ....................................................................... ~ 1s
  2026-10-08 14:51:46 ....................................................................... ~ 1s
  2026-10-08 14:51:46 ....................................................................... ~ 2s
  2026-10-08 14:51:48 ....................................................................... ~ 0s
  2026-10-08 14:51:47 /image/logo/logo1x1.png ............................................... ~ 1s
  2026-10-08 14:51:48 /image/logo/logo1x1.png ............................................... ~ 0s
  2026-10-08 14:51:48 /vendor/livewire/livewire.js?id=e949cd11 .............................. ~ 0s
  2026-10-08 14:51:48 /vendor/livewire/livewire.js?id=e949cd11 .............................. ~ 0s
  2026-10-08 14:51:48 /image/logo/logo1x1.png ............................................... ~ 0s
  2026-10-08 14:51:48 /vendor/livewire/livewire.js?id=e949cd11 .............................. ~ 0s
  2026-10-08 14:51:48 ....................................................................... ~ 1s
  2026-10-08 14:51:49 ....................................................................... ~ 0s
  2026-10-08 14:51:49 ....................................................................... ~ 1s
  2026-10-08 14:51:49 /favicon.svg .......................................................... ~ 1s
  2026-10-08 14:51:50 ....................................................................... ~ 1s
  2026-10-08 14:51:50 ....................................................................... ~ 1s
  2026-10-08 14:51:51 ....................................................................... ~ 0s
  2026-10-08 14:51:51 ....................................................................... ~ 0s
  2026-10-08 14:51:51 /favicon.svg .......................................................... ~ 0s
  2026-10-08 14:51:51 /favicon.svg .......................................................... ~ 0s
  2026-10-08 14:52:13 ....................................................................... ~ 0s
  2026-10-08 14:52:19 ....................................................................... ~ 0s
  2026-10-08 14:52:43 ....................................................................... ~ 0s
  2026-10-08 14:52:19 ...................................................................... ~ 30s
  2026-10-08 14:52:54 ....................................................................... ~ 1s
  2026-10-08 14:52:55 /image/logo/logo1x1.png ............................................... ~ 0s
  2026-10-08 14:52:55 /vendor/livewire/livewire.js?id=e949cd11 .............................. ~ 0s
  2026-10-08 14:52:55 ....................................................................... ~ 1s
  2026-10-08 14:52:56 ....................................................................... ~ 0s
  2026-10-08 14:52:56 ....................................................................... ~ 0s
  2026-10-08 14:52:56 /favicon.svg .......................................................... ~ 0s
  2026-10-08 14:52:57 ....................................................................... ~ 8s
  2026-10-08 14:53:10 ....................................................................... ~ 1s
  2026-10-08 14:53:11 /image/logo/logo1x1.png ............................................... ~ 0s
  2026-10-08 14:53:11 /vendor/livewire/livewire.js?id=e949cd11 .............................. ~ 0s
  2026-10-08 14:53:11 ....................................................................... ~ 0s
  2026-10-08 14:53:12 ....................................................................... ~ 1s
  2026-10-08 14:53:12 ....................................................................... ~ 1s
  2026-10-08 14:53:13 /favicon.svg .......................................................... ~ 0s
  2026-10-08 14:53:13 ....................................................................... ~ 1s
  2026-10-08 14:53:26 ....................................................................... ~ 0s
  2026-10-08 14:53:13 ...................................................................... ~ 29s
  2026-10-08 14:53:44 ....................................................................... ~ 0s
  2026-10-08 14:53:26 ...................................................................... ~ 21s
  2026-10-08 14:53:47 ....................................................................... ~ 1s
  2026-10-08 14:53:47 ....................................................................... ~ 3s
  2026-10-08 14:53:48 /image/logo/logo1x1.png ............................................... ~ 2s
  2026-10-08 14:53:50 ....................................................................... ~ 0s
  2026-10-08 14:53:50 /image/logo/logo1x1.png ............................................... ~ 0s
  2026-10-08 14:53:50 ....................................................................... ~ 0s
  2026-10-08 14:53:50 /vendor/livewire/livewire.js?id=e949cd11 .............................. ~ 0s
  2026-10-08 14:53:50 /vendor/livewire/livewire.js?id=e949cd11 .............................. ~ 0s
  2026-10-08 14:53:50 /image/logo/logo1x1.png ............................................... ~ 0s
  2026-10-08 14:53:50 /vendor/livewire/livewire.js?id=e949cd11 .............................. ~ 0s
  2026-10-08 14:53:51 ....................................................................... ~ 0s
  2026-10-08 14:53:51 ....................................................................... ~ 1s
  2026-10-08 14:53:52 ....................................................................... ~ 0s
  2026-10-08 14:53:52 ....................................................................... ~ 0s
  2026-10-08 14:53:51 /favicon.svg .......................................................... ~ 1s
  2026-10-08 14:53:52 /favicon.svg .......................................................... ~ 0s
  2026-10-08 14:53:53 ....................................................................... ~ 0s
  2026-10-08 14:53:53 ....................................................................... ~ 0s
  2026-10-08 14:53:53 /favicon.svg .......................................................... ~ 0s
  2026-10-08 14:53:53 ...................................................................... ~ 13s
  2026-10-08 14:54:06 /image/logo/logo1x1.png ............................................... ~ 0s
  2026-10-08 14:54:06 /vendor/livewire/livewire.js?id=e949cd11 .............................. ~ 0s
  2026-10-08 14:54:06 ....................................................................... ~ 0s
  2026-10-08 14:54:06 ....................................................................... ~ 1s
  2026-10-08 14:54:07 ....................................................................... ~ 0s
  2026-10-08 14:54:07 /favicon.svg .......................................................... ~ 0s
  2026-10-08 14:54:14 ....................................................................... ~ 0s
  2026-10-08 14:54:21 ....................................................................... ~ 1s
  2026-10-08 14:54:44 ....................................................................... ~ 0s
  2026-10-08 14:55:14 ....................................................................... ~ 0s
  2026-10-08 14:54:22 ...................................................................... ~ 60s
  2026-10-08 14:55:44 ....................................................................... ~ 1s
  2026-10-08 14:55:45 ....................................................................... ~ 0s
  2026-10-08 14:55:45 ....................................................................... ~ 1s
  2026-10-08 14:55:45 ....................................................................... ~ 2s
  2026-10-08 14:55:45 /image/logo/logo1x1.png ............................................... ~ 2s
  2026-10-08 14:55:46 /image/logo/logo1x1.png ............................................... ~ 1s
  2026-10-08 14:55:47 /vendor/livewire/livewire.js?id=e949cd11 .............................. ~ 0s
  2026-10-08 14:55:47 /vendor/livewire/livewire.js?id=e949cd11 .............................. ~ 0s
  2026-10-08 14:55:48 /image/logo/logo1x1.png ............................................... ~ 0s
  2026-10-08 14:55:48 /vendor/livewire/livewire.js?id=e949cd11 .............................. ~ 0s
  2026-10-08 14:55:48 ....................................................................... ~ 0s
  2026-10-08 14:55:48 ....................................................................... ~ 0s
  2026-10-08 14:55:48 ....................................................................... ~ 1s
  2026-10-08 14:55:48 ....................................................................... ~ 1s
  2026-10-08 14:55:48 ....................................................................... ~ 1s
  2026-10-08 14:55:49 /favicon.svg .......................................................... ~ 0s
  2026-10-08 14:55:49 ....................................................................... ~ 0s
  2026-10-08 14:55:49 /favicon.svg .......................................................... ~ 0s
  2026-10-08 14:55:50 ....................................................................... ~ 0s
  2026-10-08 14:55:50 ....................................................................... ~ 0s
  2026-10-08 14:55:50 /favicon.svg .......................................................... ~ 0s
  2026-10-08 14:55:50 ....................................................................... ~ 3s
  2026-10-08 14:55:53 ....................................................................... ~ 1s
  2026-10-08 14:55:53 ....................................................................... ~ 2s
  2026-10-08 14:55:54 /image/logo/logo1x1.png ............................................... ~ 1s
  2026-10-08 14:55:55 /image/logo/logo1x1.png ............................................... ~ 0s
  2026-10-08 14:55:55 /vendor/livewire/livewire.js?id=e949cd11 .............................. ~ 0s
  2026-10-08 14:55:55 /vendor/livewire/livewire.js?id=e949cd11 .............................. ~ 0s
  2026-10-08 14:55:55 ....................................................................... ~ 1s
  2026-10-08 14:55:56 ....................................................................... ~ 0s
  2026-10-08 14:55:56 ....................................................................... ~ 0s
  2026-10-08 14:55:56 /image/logo/logo1x1.png ............................................... ~ 0s
  2026-10-08 14:55:56 ....................................................................... ~ 0s
  2026-10-08 14:55:56 /vendor/livewire/livewire.js?id=e949cd11 .............................. ~ 0s
  2026-10-08 14:55:56 /favicon.svg .......................................................... ~ 0s
  2026-10-08 14:55:57 ....................................................................... ~ 1s
  2026-10-08 14:55:57 ....................................................................... ~ 2s
  2026-10-08 14:55:58 ....................................................................... ~ 1s
  2026-10-08 14:55:59 ....................................................................... ~ 1s
  2026-10-08 14:55:59 ....................................................................... ~ 2s
  2026-10-08 14:56:00 /favicon.svg .......................................................... ~ 1s
  2026-10-08 14:56:01 ....................................................................... ~ 0s
  2026-10-08 14:56:01 ....................................................................... ~ 1s
  2026-10-08 14:56:01 /image/logo/logo1x1.png ............................................... ~ 1s
  2026-10-08 14:56:02 ....................................................................... ~ 0s
  2026-10-08 14:56:01 /favicon.svg .......................................................... ~ 1s
  2026-10-08 14:56:01 /vendor/livewire/livewire.js?id=e949cd11 .............................. ~ 1s
  2026-10-08 14:56:02 /image/logo/logo1x1.png ............................................... ~ 0s
  2026-10-08 14:56:02 /vendor/livewire/livewire.js?id=e949cd11 .............................. ~ 0s
  2026-10-08 14:56:02 /vendor/livewire/livewire.js?id=e949cd11 .............................. ~ 0s
  2026-10-08 14:56:02 /image/logo/logo1x1.png ............................................... ~ 0s
  2026-10-08 14:56:02 ....................................................................... ~ 1s
  2026-10-08 14:56:03 ....................................................................... ~ 1s
  2026-10-08 14:56:03 ....................................................................... ~ 1s
  2026-10-08 14:56:04 ....................................................................... ~ 0s
  2026-10-08 14:56:04 ....................................................................... ~ 0s
  2026-10-08 14:56:04 /favicon.svg .......................................................... ~ 0s
  2026-10-08 14:56:04 /favicon.svg .......................................................... ~ 0s
  2026-10-08 14:56:04 ....................................................................... ~ 1s
  2026-10-08 14:56:05 ....................................................................... ~ 0s
  2026-10-08 14:56:15 ....................................................................... ~ 0s
  2026-10-08 14:56:04 ...................................................................... ~ 13s
  2026-10-08 14:56:17 ....................................................................... ~ 1s
  2026-10-08 14:56:18 ....................................................................... ~ 1s
  2026-10-08 14:56:19 ....................................................................... ~ 1s
  2026-10-08 14:56:18 /image/logo/logo1x1.png ............................................... ~ 2s
  2026-10-08 14:56:20 ....................................................................... ~ 0s
  2026-10-08 14:56:19 /vendor/livewire/livewire.js?id=e949cd11 .............................. ~ 1s
  2026-10-08 14:56:19 /image/logo/logo1x1.png ............................................... ~ 1s
  2026-10-08 14:56:19 /vendor/livewire/livewire.js?id=e949cd11 .............................. ~ 1s
  2026-10-08 14:56:20 /image/logo/logo1x1.png ............................................... ~ 0s
  2026-10-08 14:56:20 /vendor/livewire/livewire.js?id=e949cd11 .............................. ~ 0s
  2026-10-08 14:56:21 ....................................................................... ~ 0s
  2026-10-08 14:56:21 ....................................................................... ~ 1s
  2026-10-08 14:56:22 ....................................................................... ~ 1s
  2026-10-08 14:56:22 ....................................................................... ~ 2s
  2026-10-08 14:56:23 ....................................................................... ~ 1s
  2026-10-08 14:56:21 /favicon.svg .......................................................... ~ 3s
  2026-10-08 14:56:24 ....................................................................... ~ 0s
  2026-10-08 14:56:24 ....................................................................... ~ 0s
  2026-10-08 14:56:24 /favicon.svg .......................................................... ~ 0s
  2026-10-08 14:56:24 ....................................................................... ~ 2s
  2026-10-08 14:56:24 /image/logo/logo1x1.png ............................................... ~ 2s
  2026-10-08 14:56:26 ....................................................................... ~ 1s
  2026-10-08 14:56:27 ....................................................................... ~ 0s
  2026-10-08 14:56:26 /favicon.svg .......................................................... ~ 1s
  2026-10-08 14:56:24 /vendor/livewire/livewire.js?id=e949cd11 .............................. ~ 3s
  2026-10-08 14:56:27 /image/logo/logo1x1.png ............................................... ~ 0s
  2026-10-08 14:56:27 /vendor/livewire/livewire.js?id=e949cd11 .............................. ~ 0s
  2026-10-08 14:56:27 /image/logo/logo1x1.png ............................................... ~ 0s
  2026-10-08 14:56:27 ....................................................................... ~ 1s
  2026-10-08 14:56:27 /vendor/livewire/livewire.js?id=e949cd11 .............................. ~ 1s
  2026-10-08 14:56:28 ....................................................................... ~ 0s
  2026-10-08 14:56:28 ....................................................................... ~ 1s
  2026-10-08 14:56:29 ....................................................................... ~ 0s
  2026-10-08 14:56:29 ....................................................................... ~ 0s
  2026-10-08 14:56:29 /favicon.svg .......................................................... ~ 0s
  2026-10-08 14:56:30 ....................................................................... ~ 0s
  2026-10-08 14:56:30 ....................................................................... ~ 1s
  2026-10-08 14:56:45 ....................................................................... ~ 0s
  2026-10-08 14:56:30 ...................................................................... ~ 32s
  2026-10-08 14:57:02 /image/logo/logo1x1.png ............................................... ~ 0s
  2026-10-08 14:57:02 /vendor/livewire/livewire.js?id=e949cd11 .............................. ~ 0s
  2026-10-08 14:57:02 ....................................................................... ~ 0s
  2026-10-08 14:57:03 ....................................................................... ~ 0s
  2026-10-08 14:57:03 ....................................................................... ~ 0s
  2026-10-08 14:57:03 /favicon.svg .......................................................... ~ 0s
  2026-10-08 14:57:15 ....................................................................... ~ 0s
  2026-10-08 14:57:03 ...................................................................... ~ 25s
  2026-10-08 14:57:33 ....................................................................... ~ 0s
  2026-10-08 14:57:45 ....................................................................... ~ 0s
  2026-10-08 14:57:33 ...................................................................... ~ 30s
  2026-10-08 14:58:15 ....................................................................... ~ 0s
  2026-10-08 14:58:33 ....................................................................... ~ 0s
  2026-10-08 14:58:45 ....................................................................... ~ 1s
  2026-10-08 14:58:33 ...................................................................... ~ 30s
  2026-10-08 14:59:16 ....................................................................... ~ 0s
  2026-10-08 14:59:33 ....................................................................... ~ 0s
  2026-10-08 14:59:46 ....................................................................... ~ 0s
  2026-10-08 14:59:33 ...................................................................... ~ 30s
  2026-10-08 15:00:03 ....................................................................... ~ 1s
  2026-10-08 15:00:04 /image/logo/logo1x1.png ............................................... ~ 0s
  2026-10-08 15:00:04 /vendor/livewire/livewire.js?id=e949cd11 .............................. ~ 0s
  2026-10-08 15:00:04 ....................................................................... ~ 0s
  2026-10-08 15:00:05 ....................................................................... ~ 0s
  2026-10-08 15:00:05 ....................................................................... ~ 0s
  2026-10-08 15:00:05 /favicon.svg .......................................................... ~ 0s
  2026-10-08 15:00:16 ....................................................................... ~ 0s
  2026-10-08 15:00:35 ....................................................................... ~ 0s
  2026-10-08 15:00:46 ....................................................................... ~ 0s
  2026-10-08 14:56:29 ..................................................................... ~ 274s
  2026-10-08 15:00:35 ...................................................................... ~ 29s
  2026-10-08 15:01:04 ....................................................................... ~ 2s
  2026-10-08 15:01:04 ....................................................................... ~ 4s
  2026-10-08 15:01:08 ....................................................................... ~ 0s
  2026-10-08 15:01:06 /image/logo/logo1x1.png ............................................... ~ 2s
  2026-10-08 15:01:08 /image/logo/logo1x1.png ............................................... ~ 0s
  2026-10-08 15:01:08 ....................................................................... ~ 0s
  2026-10-08 15:01:08 /vendor/livewire/livewire.js?id=e949cd11 .............................. ~ 0s
  2026-10-08 15:01:08 /vendor/livewire/livewire.js?id=e949cd11 .............................. ~ 0s
  2026-10-08 15:01:08 /image/logo/logo1x1.png ............................................... ~ 0s
  2026-10-08 15:01:08 /vendor/livewire/livewire.js?id=e949cd11 .............................. ~ 0s
  2026-10-08 15:01:10 ....................................................................... ~ 0s
  2026-10-08 15:01:10 ....................................................................... ~ 0s
  2026-10-08 15:01:10 ....................................................................... ~ 0s
  2026-10-08 15:01:10 ....................................................................... ~ 1s
  2026-10-08 15:01:10 /favicon.svg .......................................................... ~ 1s
  2026-10-08 15:01:11 ....................................................................... ~ 0s
  2026-10-08 15:01:11 ....................................................................... ~ 1s
  2026-10-08 15:01:10 /favicon.svg .......................................................... ~ 2s
  2026-10-08 15:01:12 ....................................................................... ~ 1s
  2026-10-08 15:01:12 ....................................................................... ~ 2s
  2026-10-08 15:01:13 ....................................................................... ~ 3s
  2026-10-08 15:01:11 /favicon.svg .......................................................... ~ 5s
  2026-10-08 15:01:16 ....................................................................... ~ 0s
  2026-10-08 15:01:14 /image/logo/logo1x1.png ............................................... ~ 2s
  2026-10-08 15:01:16 ....................................................................... ~ 0s
  2026-10-08 15:01:16 /vendor/livewire/livewire.js?id=e949cd11 .............................. ~ 0s
  2026-10-08 15:01:16 ....................................................................... ~ 1s
  2026-10-08 15:01:16 /image/logo/logo1x1.png ............................................... ~ 1s
  2026-10-08 15:01:16 /vendor/livewire/livewire.js?id=e949cd11 .............................. ~ 1s
  2026-10-08 15:01:17 /vendor/livewire/livewire.js?id=e949cd11 .............................. ~ 0s
  2026-10-08 15:01:17 /image/logo/logo1x1.png ............................................... ~ 0s
  2026-10-08 15:01:18 ....................................................................... ~ 0s
  2026-10-08 15:01:18 ....................................................................... ~ 0s
  2026-10-08 15:01:18 ....................................................................... ~ 0s
  2026-10-08 15:01:18 ....................................................................... ~ 1s
  2026-10-08 15:01:18 /favicon.svg .......................................................... ~ 1s
  2026-10-08 15:01:19 ....................................................................... ~ 1s
  2026-10-08 15:01:19 ....................................................................... ~ 1s
  2026-10-08 15:01:20 ....................................................................... ~ 2s
  2026-10-08 15:01:22 ....................................................................... ~ 2s
  2026-10-08 15:01:24 ....................................................................... ~ 1s
  2026-10-08 15:01:24 ....................................................................... ~ 1s
  2026-10-08 15:01:22 /image/logo/logo1x1.png ............................................... ~ 3s
  2026-10-08 15:01:24 /vendor/livewire/livewire.js?id=e949cd11 .............................. ~ 1s
  2026-10-08 15:01:25 ....................................................................... ~ 0s
  2026-10-08 15:01:25 /image/logo/logo1x1.png ............................................... ~ 0s
  2026-10-08 15:01:25 /vendor/livewire/livewire.js?id=e949cd11 .............................. ~ 0s
  2026-10-08 15:01:25 /vendor/livewire/livewire.js?id=e949cd11 .............................. ~ 0s
  2026-10-08 15:01:25 /image/logo/logo1x1.png ............................................... ~ 0s
  2026-10-08 15:01:25 ....................................................................... ~ 1s
  2026-10-08 15:01:26 ....................................................................... ~ 0s
  2026-10-08 15:01:26 ....................................................................... ~ 2s
  2026-10-08 15:01:26 ....................................................................... ~ 2s
  2026-10-08 15:01:28 ....................................................................... ~ 0s
  2026-10-08 15:01:26 /favicon.svg .......................................................... ~ 2s
  2026-10-08 15:01:28 ....................................................................... ~ 2s
  2026-10-08 15:01:28 ....................................................................... ~ 2s
  2026-10-08 15:01:30 ....................................................................... ~ 0s
  2026-10-08 15:01:28 /favicon.svg .......................................................... ~ 2s
  2026-10-08 15:01:30 ....................................................................... ~ 0s
  2026-10-08 15:01:30 /image/logo/logo1x1.png ............................................... ~ 0s
  2026-10-08 15:01:30 ....................................................................... ~ 1s
  2026-10-08 15:01:30 /vendor/livewire/livewire.js?id=e949cd11 .............................. ~ 1s
  2026-10-08 15:01:31 ....................................................................... ~ 1s
  2026-10-08 15:01:31 /image/logo/logo1x1.png ............................................... ~ 1s
  2026-10-08 15:01:31 /vendor/livewire/livewire.js?id=e949cd11 .............................. ~ 1s
  2026-10-08 15:01:32 /image/logo/logo1x1.png ............................................... ~ 0s
  2026-10-08 15:01:32 /vendor/livewire/livewire.js?id=e949cd11 .............................. ~ 0s
  2026-10-08 15:01:30 ....................................................................... ~ 3s
  2026-10-08 15:01:33 ....................................................................... ~ 0s
  2026-10-08 15:01:33 ....................................................................... ~ 0s
  2026-10-08 15:01:33 ....................................................................... ~ 0s
  2026-10-08 15:01:33 ....................................................................... ~ 0s
  2026-10-08 15:01:33 /favicon.svg .......................................................... ~ 0s
  2026-10-08 15:01:33 ....................................................................... ~ 0s
  2026-10-08 15:01:35 ....................................................................... ~ 2s
  2026-10-08 15:01:37 ....................................................................... ~ 1s
  2026-10-08 15:01:37 ....................................................................... ~ 3s
  2026-10-08 15:01:40 ....................................................................... ~ 0s
  2026-10-08 15:01:38 /image/logo/logo1x1.png ............................................... ~ 2s
  2026-10-08 15:01:40 /image/logo/logo1x1.png ............................................... ~ 0s
  2026-10-08 15:01:40 ....................................................................... ~ 1s
  2026-10-08 15:01:40 /vendor/livewire/livewire.js?id=e949cd11 .............................. ~ 1s
  2026-10-08 15:01:40 /vendor/livewire/livewire.js?id=e949cd11 .............................. ~ 1s
  2026-10-08 15:01:40 /image/logo/logo1x1.png ............................................... ~ 1s
  2026-10-08 15:01:41 /vendor/livewire/livewire.js?id=e949cd11 .............................. ~ 0s
  2026-10-08 15:01:43 ....................................................................... ~ 0s
  2026-10-08 15:01:43 ....................................................................... ~ 1s
  2026-10-08 15:01:44 ....................................................................... ~ 0s
  2026-10-08 15:01:44 ....................................................................... ~ 0s
  2026-10-08 15:01:44 ....................................................................... ~ 1s
  2026-10-08 15:01:43 /favicon.svg .......................................................... ~ 2s
  2026-10-08 15:01:45 ....................................................................... ~ 0s
  2026-10-08 15:01:44 /favicon.svg .......................................................... ~ 1s
  2026-10-08 15:01:45 /favicon.svg .......................................................... ~ 0s
  2026-10-08 15:01:47 ....................................................................... ~ 0s
  2026-10-08 15:01:45 ....................................................................... ~ 5s
  2026-10-08 15:01:50 ....................................................................... ~ 2s
  2026-10-08 15:01:50 ....................................................................... ~ 4s
  2026-10-08 15:01:54 ....................................................................... ~ 1s
  2026-10-08 15:01:52 /image/logo/logo1x1.png ............................................... ~ 3s
  2026-10-08 15:01:54 /image/logo/logo1x1.png ............................................... ~ 1s
  2026-10-08 15:01:55 ....................................................................... ~ 0s
  2026-10-08 15:01:54 /vendor/livewire/livewire.js?id=e949cd11 .............................. ~ 1s
  2026-10-08 15:01:54 /vendor/livewire/livewire.js?id=e949cd11 .............................. ~ 1s
  2026-10-08 15:01:55 /image/logo/logo1x1.png ............................................... ~ 0s
  2026-10-08 15:01:55 /vendor/livewire/livewire.js?id=e949cd11 .............................. ~ 0s
  2026-10-08 15:01:57 ....................................................................... ~ 1s
  2026-10-08 15:01:58 ....................................................................... ~ 0s
  2026-10-08 15:01:58 ....................................................................... ~ 0s
  2026-10-08 15:01:58 ....................................................................... ~ 0s
  2026-10-08 15:01:58 /favicon.svg .......................................................... ~ 0s
  2026-10-08 15:01:58 ....................................................................... ~ 1s
  2026-10-08 15:01:58 /favicon.svg .......................................................... ~ 1s
  2026-10-08 15:01:59 ....................................................................... ~ 0s
  2026-10-08 15:01:59 /favicon.svg .......................................................... ~ 0s
  2026-10-08 15:02:17 ....................................................................... ~ 0s
  2026-10-08 15:02:23 ....................................................................... ~ 0s
  2026-10-08 15:02:23 /image/logo/logo1x1.png ............................................... ~ 0s
  2026-10-08 15:02:23 /vendor/livewire/livewire.js?id=e949cd11 .............................. ~ 0s
  2026-10-08 15:02:24 ....................................................................... ~ 0s
  2026-10-08 15:02:24 ....................................................................... ~ 0s
  2026-10-08 15:02:24 ....................................................................... ~ 0s
  2026-10-08 15:02:24 /favicon.svg .......................................................... ~ 0s
  2026-10-08 15:02:37 ....................................................................... ~ 1s
  2026-10-08 15:02:47 ....................................................................... ~ 0s
  2026-10-08 15:02:38 ...................................................................... ~ 16s
  2026-10-08 15:01:58 ...................................................................... ~ 78s
  2026-10-08 15:03:17 ....................................................................... ~ 0s
  2026-10-08 15:03:17 ....................................................................... ~ 2s
  2026-10-08 15:03:17 ....................................................................... ~ 3s
  2026-10-08 15:03:20 ....................................................................... ~ 0s
  2026-10-08 15:03:19 /image/logo/logo1x1.png ............................................... ~ 1s
  2026-10-08 15:03:20 ....................................................................... ~ 1s
  2026-10-08 15:03:20 /image/logo/logo1x1.png ............................................... ~ 1s
  2026-10-08 15:03:21 ....................................................................... ~ 0s
  2026-10-08 15:03:20 /vendor/livewire/livewire.js?id=e949cd11 .............................. ~ 1s
  2026-10-08 15:03:20 /vendor/livewire/livewire.js?id=e949cd11 .............................. ~ 1s
  2026-10-08 15:03:21 /image/logo/logo1x1.png ............................................... ~ 0s
  2026-10-08 15:03:21 /vendor/livewire/livewire.js?id=e949cd11 .............................. ~ 0s
  2026-10-08 15:03:22 ....................................................................... ~ 0s
  2026-10-08 15:03:22 ....................................................................... ~ 0s
  2026-10-08 15:03:22 /favicon.svg .......................................................... ~ 0s
  2026-10-08 15:03:22 ....................................................................... ~ 1s
  2026-10-08 15:03:22 ....................................................................... ~ 1s
  2026-10-08 15:03:23 ....................................................................... ~ 0s
  2026-10-08 15:03:23 /favicon.svg .......................................................... ~ 0s
  2026-10-08 15:03:23 ....................................................................... ~ 0s
  2026-10-08 15:03:23 /favicon.svg .......................................................... ~ 0s
  2026-10-08 15:03:48 ....................................................................... ~ 0s
  2026-10-08 15:03:52 ....................................................................... ~ 1s
  2026-10-08 15:04:19 ....................................................................... ~ 0s
  2026-10-08 15:03:53 ...................................................................... ~ 29s
  2026-10-08 15:04:44 ....................................................................... ~ 1s
  2026-10-08 15:04:45 /image/logo/logo1x1.png ............................................... ~ 0s
  2026-10-08 15:04:45 /vendor/livewire/livewire.js?id=e949cd11 .............................. ~ 0s
  2026-10-08 15:04:45 ....................................................................... ~ 1s
  2026-10-08 15:04:46 ....................................................................... ~ 0s
  2026-10-08 15:04:46 ....................................................................... ~ 1s
  2026-10-08 15:04:47 ....................................................................... ~ 0s
  2026-10-08 15:04:47 /favicon.svg .......................................................... ~ 0s
  2026-10-08 15:04:48 ....................................................................... ~ 0s
  2026-10-08 15:04:49 ....................................................................... ~ 0s
  2026-10-08 15:04:48 ....................................................................... ~ 3s
  2026-10-08 15:04:52 ....................................................................... ~ 0s
  2026-10-08 15:04:52 ....................................................................... ~ 2s
  2026-10-08 15:04:58 ....................................................................... ~ 0s
  2026-10-08 15:04:58 ....................................................................... ~ 2s
  2026-10-08 15:05:01 ....................................................................... ~ 0s
  2026-10-08 15:05:01 ....................................................................... ~ 3s
  2026-10-08 15:05:17 ....................................................................... ~ 0s
  2026-10-08 15:05:19 ....................................................................... ~ 0s
  2026-10-08 15:05:17 ...................................................................... ~ 30s
  2026-10-08 15:05:49 ....................................................................... ~ 0s
  2026-10-08 15:06:17 ....................................................................... ~ 0s
  2026-10-08 15:06:19 ....................................................................... ~ 0s
  2026-10-08 15:06:17 ...................................................................... ~ 30s
  2026-10-08 15:06:49 ....................................................................... ~ 0s
  2026-10-08 15:07:17 ....................................................................... ~ 0s
  2026-10-08 15:07:19 ....................................................................... ~ 0s
  2026-10-08 15:07:17 ...................................................................... ~ 30s
  2026-10-08 15:07:49 ....................................................................... ~ 0s
  2026-10-08 15:03:22 ..................................................................... ~ 287s
  2026-10-08 15:08:09 ....................................................................... ~ 1s
  2026-10-08 15:08:10 ....................................................................... ~ 1s
  2026-10-08 15:08:10 ....................................................................... ~ 3s
  2026-10-08 15:08:13 ....................................................................... ~ 1s
  2026-10-08 15:08:11 /image/logo/logo1x1.png ............................................... ~ 3s
  2026-10-08 15:08:13 /image/logo/logo1x1.png ............................................... ~ 1s
  2026-10-08 15:08:14 ....................................................................... ~ 0s
  2026-10-08 15:08:13 /vendor/livewire/livewire.js?id=e949cd11 .............................. ~ 1s
  2026-10-08 15:08:13 /vendor/livewire/livewire.js?id=e949cd11 .............................. ~ 1s
  2026-10-08 15:08:14 /image/logo/logo1x1.png ............................................... ~ 0s
  2026-10-08 15:08:14 /vendor/livewire/livewire.js?id=e949cd11 .............................. ~ 0s
  2026-10-08 15:08:15 ....................................................................... ~ 0s
  2026-10-08 15:08:15 ....................................................................... ~ 0s
  2026-10-08 15:08:15 /favicon.svg .......................................................... ~ 0s
  2026-10-08 15:08:16 ....................................................................... ~ 0s
  2026-10-08 15:08:16 ....................................................................... ~ 0s
  2026-10-08 15:08:16 /favicon.svg .......................................................... ~ 0s
  2026-10-08 15:08:16 ....................................................................... ~ 1s
  2026-10-08 15:08:17 ....................................................................... ~ 0s
  2026-10-08 15:08:17 /favicon.svg .......................................................... ~ 0s
  2026-10-08 15:08:19 ....................................................................... ~ 0s
  2026-10-08 15:08:15 ....................................................................... ~ 6s
  2026-10-08 15:08:21 ....................................................................... ~ 1s
  2026-10-08 15:08:21 ....................................................................... ~ 3s
  2026-10-08 15:08:24 ....................................................................... ~ 0s
  2026-10-08 15:08:22 /image/logo/logo1x1.png ............................................... ~ 2s
  2026-10-08 15:08:24 /image/logo/logo1x1.png ............................................... ~ 0s
  2026-10-08 15:08:24 ....................................................................... ~ 0s
  2026-10-08 15:08:24 /vendor/livewire/livewire.js?id=e949cd11 .............................. ~ 0s
  2026-10-08 15:08:24 /vendor/livewire/livewire.js?id=e949cd11 .............................. ~ 0s
  2026-10-08 15:08:24 /image/logo/logo1x1.png ............................................... ~ 0s
  2026-10-08 15:08:24 /vendor/livewire/livewire.js?id=e949cd11 .............................. ~ 0s
  2026-10-08 15:08:24 ....................................................................... ~ 2s
  2026-10-08 15:08:26 ....................................................................... ~ 0s
  2026-10-08 15:08:26 ....................................................................... ~ 1s
  2026-10-08 15:08:27 ....................................................................... ~ 0s
  2026-10-08 15:08:27 ....................................................................... ~ 0s
  2026-10-08 15:08:26 /favicon.svg .......................................................... ~ 1s
  2026-10-08 15:08:27 ....................................................................... ~ 0s
  2026-10-08 15:08:27 /favicon.svg .......................................................... ~ 0s
  2026-10-08 15:08:27 /favicon.svg .......................................................... ~ 0s
  2026-10-08 15:08:47 ....................................................................... ~ 0s
  2026-10-08 15:08:47 /image/logo/logo1x1.png ............................................... ~ 0s
  2026-10-08 15:08:47 /vendor/livewire/livewire.js?id=e949cd11 .............................. ~ 0s
  2026-10-08 15:08:48 ....................................................................... ~ 0s
  2026-10-08 15:08:48 ....................................................................... ~ 0s
  2026-10-08 15:08:48 ....................................................................... ~ 1s
  2026-10-08 15:08:49 ....................................................................... ~ 0s
  2026-10-08 15:08:49 ....................................................................... ~ 1s
  2026-10-08 15:08:50 /favicon.svg .......................................................... ~ 0s
  2026-10-08 15:08:50 ....................................................................... ~ 1s
  2026-10-08 15:09:19 ....................................................................... ~ 0s
  2026-10-08 15:09:49 ....................................................................... ~ 0s
  2026-10-08 15:08:51 ...................................................................... ~ 71s
  2026-10-08 15:10:19 ....................................................................... ~ 1s
  2026-10-08 15:10:49 ....................................................................... ~ 0s
  2026-10-08 15:10:50 ....................................................................... ~ 0s
  2026-10-08 15:11:20 ....................................................................... ~ 0s
  2026-10-08 15:11:50 ....................................................................... ~ 0s
  2026-10-08 15:10:49 ...................................................................... ~ 73s
  2026-10-08 15:12:20 ....................................................................... ~ 0s
  2026-10-08 15:12:50 ....................................................................... ~ 0s
  2026-10-08 15:13:07 ....................................................................... ~ 1s
  2026-10-08 15:13:20 ....................................................................... ~ 0s
  2026-10-08 15:13:50 ....................................................................... ~ 0s
  2026-10-08 15:14:20 ....................................................................... ~ 0s
  2026-10-08 15:13:08 ...................................................................... ~ 79s
  2026-10-08 15:14:50 ....................................................................... ~ 0s
  2026-10-08 15:15:20 ....................................................................... ~ 0s
  2026-10-08 15:15:50 ....................................................................... ~ 0s
  2026-10-08 15:16:20 ....................................................................... ~ 1s
  2026-10-08 15:16:51 ....................................................................... ~ 0s
  2026-10-08 15:17:21 ....................................................................... ~ 0s
  2026-10-08 15:17:51 ....................................................................... ~ 0s
  2026-10-08 15:18:21 ....................................................................... ~ 0s
  2026-10-08 15:18:51 ....................................................................... ~ 0s
  2026-10-08 15:19:21 ....................................................................... ~ 0s
  2026-10-08 15:19:27 ....................................................................... ~ 1s
  2026-10-08 15:19:28 ....................................................................... ~ 0s
  2026-10-08 15:19:28 ....................................................................... ~ 1s
  2026-10-08 15:19:28 /image/logo/logo1x1.png ............................................... ~ 1s
  2026-10-08 15:19:29 ....................................................................... ~ 0s
  2026-10-08 15:19:28 /image/logo/logo1x1.png ............................................... ~ 1s
  2026-10-08 15:19:29 /vendor/livewire/livewire.js?id=e949cd11 .............................. ~ 0s
  2026-10-08 15:19:29 /vendor/livewire/livewire.js?id=e949cd11 .............................. ~ 0s
  2026-10-08 15:19:30 /image/logo/logo1x1.png ............................................... ~ 0s
  2026-10-08 15:19:30 /vendor/livewire/livewire.js?id=e949cd11 .............................. ~ 0s
  2026-10-08 15:19:30 ....................................................................... ~ 1s
  2026-10-08 15:19:31 ....................................................................... ~ 0s
  2026-10-08 15:19:31 ....................................................................... ~ 0s
  2026-10-08 15:19:31 /favicon.svg .......................................................... ~ 0s
  2026-10-08 15:19:31 ....................................................................... ~ 1s
  2026-10-08 15:19:31 ....................................................................... ~ 1s
  2026-10-08 15:19:32 /favicon.svg .......................................................... ~ 0s
  2026-10-08 15:19:32 ....................................................................... ~ 1s
  2026-10-08 15:19:33 ....................................................................... ~ 1s
  2026-10-08 15:19:33 ....................................................................... ~ 2s
  2026-10-08 15:19:34 ....................................................................... ~ 2s
  2026-10-08 15:19:35 ....................................................................... ~ 1s
  2026-10-08 15:19:36 /favicon.svg .......................................................... ~ 0s
  2026-10-08 15:19:36 ....................................................................... ~ 1s
  2026-10-08 15:19:36 /image/logo/logo1x1.png ............................................... ~ 1s
  2026-10-08 15:19:36 /image/logo/logo1x1.png ............................................... ~ 1s
  2026-10-08 15:19:37 ....................................................................... ~ 0s
  2026-10-08 15:19:36 /vendor/livewire/livewire.js?id=e949cd11 .............................. ~ 1s
  2026-10-08 15:19:37 /image/logo/logo1x1.png ............................................... ~ 0s
  2026-10-08 15:19:36 /vendor/livewire/livewire.js?id=e949cd11 .............................. ~ 1s
  2026-10-08 15:19:37 /vendor/livewire/livewire.js?id=e949cd11 .............................. ~ 0s
  2026-10-08 15:19:39 ....................................................................... ~ 0s
  2026-10-08 15:19:39 ....................................................................... ~ 1s
  2026-10-08 15:19:40 ....................................................................... ~ 0s
  2026-10-08 15:19:40 ....................................................................... ~ 0s
  2026-10-08 15:19:39 /favicon.svg .......................................................... ~ 1s
  2026-10-08 15:19:40 ....................................................................... ~ 0s
  2026-10-08 15:19:40 ....................................................................... ~ 1s
  2026-10-08 15:19:40 /favicon.svg .......................................................... ~ 1s
  2026-10-08 15:19:41 /favicon.svg .......................................................... ~ 0s
  2026-10-08 15:19:51 ....................................................................... ~ 0s
  2026-10-08 15:20:11 ....................................................................... ~ 0s
  2026-10-08 15:20:21 ....................................................................... ~ 0s
  2026-10-08 15:20:11 ...................................................................... ~ 30s
  2026-10-08 15:20:51 ....................................................................... ~ 0s
  2026-10-08 15:21:11 ....................................................................... ~ 0s
  2026-10-08 15:21:21 ....................................................................... ~ 1s
  2026-10-08 15:21:11 ...................................................................... ~ 30s
  2026-10-08 15:21:52 ....................................................................... ~ 0s
  2026-10-08 15:22:11 ....................................................................... ~ 0s
  2026-10-08 15:22:22 ....................................................................... ~ 0s
  2026-10-08 15:22:52 ....................................................................... ~ 0s
  2026-10-08 15:22:11 ...................................................................... ~ 67s
  2026-10-08 15:23:18 ....................................................................... ~ 0s
  2026-10-08 15:23:18 ....................................................................... ~ 1s
  2026-10-08 15:23:22 ....................................................................... ~ 0s
  2026-10-08 15:23:52 ....................................................................... ~ 0s
  2026-10-08 15:24:22 ....................................................................... ~ 0s
  2026-10-08 15:23:19 ...................................................................... ~ 73s
  2026-10-08 15:24:52 ....................................................................... ~ 0s
  2026-10-08 15:25:18 ....................................................................... ~ 0s
  2026-10-08 15:25:18 ....................................................................... ~ 0s
  2026-10-08 15:25:22 ....................................................................... ~ 0s
  2026-10-08 15:25:52 ....................................................................... ~ 1s
  2026-10-08 15:26:23 ....................................................................... ~ 0s
  2026-10-08 15:25:19 ...................................................................... ~ 73s
  2026-10-08 15:26:53 ....................................................................... ~ 0s
  2026-10-08 15:27:18 ....................................................................... ~ 0s
  2026-10-08 15:27:18 ....................................................................... ~ 1s
  2026-10-08 15:27:23 ....................................................................... ~ 0s
  2026-10-08 15:27:53 ....................................................................... ~ 0s
  2026-10-08 15:28:23 ....................................................................... ~ 0s
  2026-10-08 15:27:19 ...................................................................... ~ 73s
  2026-10-08 15:28:43 ....................................................................... ~ 0s
  2026-10-08 15:28:43 ....................................................................... ~ 0s
  2026-10-08 15:28:53 ....................................................................... ~ 0s
  2026-10-08 15:19:41 ..................................................................... ~ 570s
  2026-10-08 15:28:43 ...................................................................... ~ 29s
  2026-10-08 15:29:12 ....................................................................... ~ 1s
  2026-10-08 15:29:12 ....................................................................... ~ 2s
  2026-10-08 15:29:14 ....................................................................... ~ 0s
  2026-10-08 15:29:13 /image/logo/logo1x1.png ............................................... ~ 1s
  2026-10-08 15:29:14 /image/logo/logo1x1.png ............................................... ~ 0s
  2026-10-08 15:29:14 ....................................................................... ~ 0s
  2026-10-08 15:29:14 /vendor/livewire/livewire.js?id=e949cd11 .............................. ~ 0s
  2026-10-08 15:29:14 /vendor/livewire/livewire.js?id=e949cd11 .............................. ~ 0s
  2026-10-08 15:29:14 /image/logo/logo1x1.png ............................................... ~ 0s
  2026-10-08 15:29:14 /vendor/livewire/livewire.js?id=e949cd11 .............................. ~ 0s
  2026-10-08 15:29:16 ....................................................................... ~ 0s
  2026-10-08 15:29:16 ....................................................................... ~ 1s
  2026-10-08 15:29:17 ....................................................................... ~ 0s
  2026-10-08 15:29:17 ....................................................................... ~ 0s
  2026-10-08 15:29:16 /favicon.svg .......................................................... ~ 1s
  2026-10-08 15:29:17 ....................................................................... ~ 0s
  2026-10-08 15:29:17 ....................................................................... ~ 1s
  2026-10-08 15:29:17 ....................................................................... ~ 2s
  2026-10-08 15:29:17 /favicon.svg .......................................................... ~ 2s
  2026-10-08 15:29:19 ....................................................................... ~ 1s
  2026-10-08 15:29:19 ....................................................................... ~ 1s
  2026-10-08 15:29:18 /favicon.svg .......................................................... ~ 2s
  2026-10-08 15:29:20 ....................................................................... ~ 1s
  2026-10-08 15:29:20 /image/logo/logo1x1.png ............................................... ~ 1s
  2026-10-08 15:29:21 ....................................................................... ~ 0s
  2026-10-08 15:29:20 /vendor/livewire/livewire.js?id=e949cd11 .............................. ~ 1s
  2026-10-08 15:29:21 /image/logo/logo1x1.png ............................................... ~ 0s
  2026-10-08 15:29:21 /vendor/livewire/livewire.js?id=e949cd11 .............................. ~ 0s
  2026-10-08 15:29:21 /vendor/livewire/livewire.js?id=e949cd11 .............................. ~ 0s
  2026-10-08 15:29:21 /image/logo/logo1x1.png ............................................... ~ 0s
  2026-10-08 15:29:20 ....................................................................... ~ 2s
  2026-10-08 15:29:22 ....................................................................... ~ 1s
  2026-10-08 15:29:22 ....................................................................... ~ 1s
  2026-10-08 15:29:23 ....................................................................... ~ 0s
  2026-10-08 15:29:23 ....................................................................... ~ 0s
  2026-10-08 15:29:23 /favicon.svg .......................................................... ~ 0s
  2026-10-08 15:29:23 ....................................................................... ~ 1s
  2026-10-08 15:29:23 /favicon.svg .......................................................... ~ 1s
  2026-10-08 15:29:23 ....................................................................... ~ 1s
  2026-10-08 15:29:24 /favicon.svg .......................................................... ~ 0s
  2026-10-08 15:29:54 ....................................................................... ~ 0s
  2026-10-08 15:30:24 ....................................................................... ~ 0s
  2026-10-08 15:30:29 ....................................................................... ~ 0s
  2026-10-08 15:30:29 /image/logo/logo1x1.png ............................................... ~ 0s
  2026-10-08 15:30:29 /vendor/livewire/livewire.js?id=e949cd11 .............................. ~ 0s
  2026-10-08 15:30:30 ....................................................................... ~ 0s
  2026-10-08 15:30:30 ....................................................................... ~ 0s
  2026-10-08 15:30:32 ....................................................................... ~ 0s
  2026-10-08 15:30:32 ....................................................................... ~ 0s
  2026-10-08 15:30:32 /favicon.svg .......................................................... ~ 0s
  2026-10-08 15:30:32 ....................................................................... ~ 1s
  2026-10-08 15:30:54 ....................................................................... ~ 0s
  2026-10-08 15:31:01 ....................................................................... ~ 1s
  2026-10-08 15:31:02 ...................................................................... ~ 18s
  2026-10-08 15:31:24 ....................................................................... ~ 0s
  2026-10-08 15:31:31 ....................................................................... ~ 1s
  2026-10-08 15:31:54 ....................................................................... ~ 0s
  2026-10-08 15:31:32 ...................................................................... ~ 29s
  2026-10-08 15:32:24 ....................................................................... ~ 0s
  2026-10-08 15:32:31 ....................................................................... ~ 1s
  2026-10-08 15:32:32 ...................................................................... ~ 22s
  2026-10-08 15:32:54 ....................................................................... ~ 1s
  2026-10-08 15:32:54 ....................................................................... ~ 2s
  2026-10-08 15:32:56 ....................................................................... ~ 0s
  2026-10-08 15:32:55 /image/logo/logo1x1.png ............................................... ~ 1s
  2026-10-08 15:32:56 ....................................................................... ~ 0s
  2026-10-08 15:32:56 /image/logo/logo1x1.png ............................................... ~ 0s
  2026-10-08 15:32:56 /vendor/livewire/livewire.js?id=e949cd11 .............................. ~ 0s
  2026-10-08 15:32:56 /vendor/livewire/livewire.js?id=e949cd11 .............................. ~ 0s
  2026-10-08 15:32:56 /image/logo/logo1x1.png ............................................... ~ 0s
  2026-10-08 15:32:56 /vendor/livewire/livewire.js?id=e949cd11 .............................. ~ 0s
  2026-10-08 15:32:56 ....................................................................... ~ 0s
  2026-10-08 15:32:57 ....................................................................... ~ 0s
  2026-10-08 15:32:57 ....................................................................... ~ 1s
  2026-10-08 15:32:58 ....................................................................... ~ 0s
  2026-10-08 15:32:58 ....................................................................... ~ 0s
  2026-10-08 15:32:57 /favicon.svg .......................................................... ~ 1s
  2026-10-08 15:32:58 ....................................................................... ~ 0s
  2026-10-08 15:32:58 ....................................................................... ~ 1s
  2026-10-08 15:32:58 /favicon.svg .......................................................... ~ 1s
  2026-10-08 15:32:58 /favicon.svg .......................................................... ~ 1s
  2026-10-08 15:33:26 ....................................................................... ~ 0s
  2026-10-08 15:32:59 ...................................................................... ~ 28s
  2026-10-08 15:33:28 ....................................................................... ~ 0s
  2026-10-08 15:33:28 ...................................................................... ~ 12s
  2026-10-08 15:33:40 ....................................................................... ~ 0s
  2026-10-08 15:33:40 ....................................................................... ~ 1s
  2026-10-08 15:33:41 ....................................................................... ~ 1s
  2026-10-08 15:33:40 /image/logo/logo1x1.png ............................................... ~ 2s
  2026-10-08 15:33:41 /image/logo/logo1x1.png ............................................... ~ 1s
  2026-10-08 15:33:40 /vendor/livewire/livewire.js?id=e949cd11 .............................. ~ 2s
  2026-10-08 15:33:41 /vendor/livewire/livewire.js?id=e949cd11 .............................. ~ 1s
  2026-10-08 15:33:42 ....................................................................... ~ 0s
  2026-10-08 15:33:42 /image/logo/logo1x1.png ............................................... ~ 0s
  2026-10-08 15:33:42 /vendor/livewire/livewire.js?id=e949cd11 .............................. ~ 0s
  2026-10-08 15:33:43 ....................................................................... ~ 0s
  2026-10-08 15:33:43 ....................................................................... ~ 0s
  2026-10-08 15:33:43 ....................................................................... ~ 1s
  2026-10-08 15:33:43 ....................................................................... ~ 1s
  2026-10-08 15:33:43 /favicon.svg .......................................................... ~ 1s
  2026-10-08 15:33:44 ....................................................................... ~ 0s
  2026-10-08 15:33:44 ....................................................................... ~ 1s
  2026-10-08 15:33:44 /favicon.svg .......................................................... ~ 1s
  2026-10-08 15:33:44 /favicon.svg .......................................................... ~ 1s
  2026-10-08 15:33:56 ....................................................................... ~ 0s
  2026-10-08 15:33:45 ...................................................................... ~ 27s
  2026-10-08 15:34:14 ....................................................................... ~ 0s
  2026-10-08 15:34:26 ....................................................................... ~ 0s
  2026-10-08 15:34:35 ....................................................................... ~ 1s
  2026-10-08 15:34:14 ...................................................................... ~ 24s
  2026-10-08 15:34:38 ....................................................................... ~ 0s
  2026-10-08 15:34:38 ....................................................................... ~ 1s
  2026-10-08 15:34:36 /image/logo/logo1x1.png ............................................... ~ 3s
  2026-10-08 15:34:39 ....................................................................... ~ 0s
  2026-10-08 15:34:38 /vendor/livewire/livewire.js?id=e949cd11 .............................. ~ 1s
  2026-10-08 15:34:38 /image/logo/logo1x1.png ............................................... ~ 1s
  2026-10-08 15:34:39 /vendor/livewire/livewire.js?id=e949cd11 .............................. ~ 0s
  2026-10-08 15:34:39 /image/logo/logo1x1.png ............................................... ~ 0s
  2026-10-08 15:34:39 /vendor/livewire/livewire.js?id=e949cd11 .............................. ~ 0s
  2026-10-08 15:34:40 ....................................................................... ~ 1s
  2026-10-08 15:34:41 ....................................................................... ~ 1s
  2026-10-08 15:34:41 ....................................................................... ~ 1s
  2026-10-08 15:34:42 /favicon.svg .......................................................... ~ 0s
  2026-10-08 15:34:42 ....................................................................... ~ 0s
  2026-10-08 15:34:42 ....................................................................... ~ 0s
  2026-10-08 15:34:42 /image/logo/logo1x1.png ............................................... ~ 0s
  2026-10-08 15:34:42 ....................................................................... ~ 0s
  2026-10-08 15:34:42 ....................................................................... ~ 1s
  2026-10-08 15:34:42 /favicon.svg .......................................................... ~ 1s
  2026-10-08 15:34:43 ....................................................................... ~ 0s
  2026-10-08 15:34:42 /favicon.svg .......................................................... ~ 1s
  2026-10-08 15:34:43 /vendor/livewire/livewire.js?id=e949cd11 .............................. ~ 0s
  2026-10-08 15:34:44 ....................................................................... ~ 3s
  2026-10-08 15:34:47 ....................................................................... ~ 1s
  2026-10-08 15:34:48 ....................................................................... ~ 0s
  2026-10-08 15:34:48 ....................................................................... ~ 0s
  2026-10-08 15:34:48 ....................................................................... ~ 1s
  2026-10-08 15:34:47 /image/logo/logo1x1.png ............................................... ~ 2s
  2026-10-08 15:34:48 /favicon.svg .......................................................... ~ 1s
  2026-10-08 15:34:49 ....................................................................... ~ 0s
  2026-10-08 15:34:49 /image/logo/logo1x1.png ............................................... ~ 0s
  2026-10-08 15:34:49 ....................................................................... ~ 0s
  2026-10-08 15:34:49 /vendor/livewire/livewire.js?id=e949cd11 .............................. ~ 0s
  2026-10-08 15:34:49 /image/logo/logo1x1.png ............................................... ~ 0s
  2026-10-08 15:34:49 /vendor/livewire/livewire.js?id=e949cd11 .............................. ~ 0s
  2026-10-08 15:34:49 /vendor/livewire/livewire.js?id=e949cd11 .............................. ~ 0s
  2026-10-08 15:34:50 ....................................................................... ~ 1s
  2026-10-08 15:34:50 ....................................................................... ~ 1s
  2026-10-08 15:34:51 ....................................................................... ~ 0s
  2026-10-08 15:34:51 ....................................................................... ~ 0s
  2026-10-08 15:34:51 ....................................................................... ~ 1s
  2026-10-08 15:34:51 /favicon.svg .......................................................... ~ 1s
  2026-10-08 15:34:51 ....................................................................... ~ 1s
  2026-10-08 15:34:52 ....................................................................... ~ 1s
  2026-10-08 15:34:51 /favicon.svg .......................................................... ~ 2s
  2026-10-08 15:34:52 /favicon.svg .......................................................... ~ 1s
  2026-10-08 15:34:53 ....................................................................... ~ 1s
  2026-10-08 15:34:53 ....................................................................... ~ 2s
  2026-10-08 15:34:55 ....................................................................... ~ 0s
  2026-10-08 15:34:53 /image/logo/logo1x1.png ............................................... ~ 2s
  2026-10-08 15:34:55 ....................................................................... ~ 0s
  2026-10-08 15:34:54 /vendor/livewire/livewire.js?id=e949cd11 .............................. ~ 1s
  2026-10-08 15:34:55 /image/logo/logo1x1.png ............................................... ~ 0s
  2026-10-08 15:34:55 /vendor/livewire/livewire.js?id=e949cd11 .............................. ~ 0s
  2026-10-08 15:34:55 /vendor/livewire/livewire.js?id=e949cd11 .............................. ~ 0s
  2026-10-08 15:34:55 /image/logo/logo1x1.png ............................................... ~ 0s
  2026-10-08 15:34:56 ....................................................................... ~ 0s
  2026-10-08 15:34:57 ....................................................................... ~ 0s
  2026-10-08 15:34:57 ....................................................................... ~ 1s
  2026-10-08 15:34:58 ....................................................................... ~ 0s
  2026-10-08 15:34:57 /favicon.svg .......................................................... ~ 1s
  2026-10-08 15:34:58 ....................................................................... ~ 1s
  2026-10-08 15:34:58 ....................................................................... ~ 1s
  2026-10-08 15:34:59 ....................................................................... ~ 0s
  2026-10-08 15:35:26 ....................................................................... ~ 0s
  2026-10-08 15:34:58 ...................................................................... ~ 29s
  2026-10-08 15:35:29 ....................................................................... ~ 1s
  2026-10-08 15:35:35 ....................................................................... ~ 1s
  2026-10-08 15:35:36 /image/logo/logo1x1.png ............................................... ~ 0s
  2026-10-08 15:35:36 /vendor/livewire/livewire.js?id=e949cd11 .............................. ~ 0s
  2026-10-08 15:35:37 ....................................................................... ~ 0s
  2026-10-08 15:35:37 ....................................................................... ~ 0s
  2026-10-08 15:35:37 ....................................................................... ~ 1s
  2026-10-08 15:35:38 /favicon.svg .......................................................... ~ 0s
  2026-10-08 15:35:30 ....................................................................... ~ 9s
  2026-10-08 15:35:39 ....................................................................... ~ 1s
  2026-10-08 15:35:39 ....................................................................... ~ 2s
  2026-10-08 15:35:41 ....................................................................... ~ 0s
  2026-10-08 15:35:41 /image/logo/logo1x1.png ............................................... ~ 0s
  2026-10-08 15:35:41 /vendor/livewire/livewire.js?id=e949cd11 .............................. ~ 0s
  2026-10-08 15:35:40 /image/logo/logo1x1.png ............................................... ~ 1s
  2026-10-08 15:35:41 /vendor/livewire/livewire.js?id=e949cd11 .............................. ~ 0s
  2026-10-08 15:35:41 /image/logo/logo1x1.png ............................................... ~ 0s
  2026-10-08 15:35:41 /vendor/livewire/livewire.js?id=e949cd11 .............................. ~ 0s
  2026-10-08 15:35:41 ....................................................................... ~ 1s
  2026-10-08 15:35:42 ....................................................................... ~ 0s
  2026-10-08 15:35:42 ....................................................................... ~ 0s
  2026-10-08 15:35:42 /favicon.svg .......................................................... ~ 0s
  2026-10-08 15:35:42 ....................................................................... ~ 1s
  2026-10-08 15:35:43 ....................................................................... ~ 0s
  2026-10-08 15:35:42 ....................................................................... ~ 1s
  2026-10-08 15:35:43 ....................................................................... ~ 0s
  2026-10-08 15:35:43 /favicon.svg .......................................................... ~ 0s
  2026-10-08 15:35:43 /favicon.svg .......................................................... ~ 0s
  2026-10-08 15:35:44 ....................................................................... ~ 1s
  2026-10-08 15:35:45 ....................................................................... ~ 1s
  2026-10-08 15:35:45 ....................................................................... ~ 2s
  2026-10-08 15:35:46 /image/logo/logo1x1.png ............................................... ~ 1s
  2026-10-08 15:35:47 ....................................................................... ~ 0s
  2026-10-08 15:35:47 /image/logo/logo1x1.png ............................................... ~ 0s
  2026-10-08 15:35:47 /vendor/livewire/livewire.js?id=e949cd11 .............................. ~ 0s
  2026-10-08 15:35:47 /vendor/livewire/livewire.js?id=e949cd11 .............................. ~ 0s
  2026-10-08 15:35:47 /image/logo/logo1x1.png ............................................... ~ 0s
  2026-10-08 15:35:47 /vendor/livewire/livewire.js?id=e949cd11 .............................. ~ 0s
  2026-10-08 15:35:48 ....................................................................... ~ 0s
  2026-10-08 15:35:48 ....................................................................... ~ 0s
  2026-10-08 15:35:48 ....................................................................... ~ 1s
  2026-10-08 15:35:48 /favicon.svg .......................................................... ~ 1s
  2026-10-08 15:35:49 ....................................................................... ~ 0s
  2026-10-08 15:35:49 ....................................................................... ~ 0s
  2026-10-08 15:35:49 ....................................................................... ~ 1s
  2026-10-08 15:35:49 ....................................................................... ~ 1s
  2026-10-08 15:35:50 /favicon.svg .......................................................... ~ 0s
  2026-10-08 15:35:50 /favicon.svg .......................................................... ~ 0s
  2026-10-08 15:35:56 ....................................................................... ~ 0s
  2026-10-08 15:35:50 ...................................................................... ~ 19s
  2026-10-08 15:36:19 ....................................................................... ~ 0s
  2026-10-08 15:36:26 ....................................................................... ~ 1s
  2026-10-08 15:36:19 ...................................................................... ~ 29s
  2026-10-08 15:36:57 ....................................................................... ~ 0s
  2026-10-08 15:37:19 ....................................................................... ~ 0s
  2026-10-08 15:37:27 ....................................................................... ~ 0s
  2026-10-08 15:37:19 ...................................................................... ~ 29s
  2026-10-08 15:37:57 ....................................................................... ~ 0s
  2026-10-08 15:38:19 ....................................................................... ~ 0s
  2026-10-08 15:38:27 ....................................................................... ~ 0s
  2026-10-08 15:38:19 ...................................................................... ~ 29s
  2026-10-08 15:38:57 ....................................................................... ~ 0s
  2026-10-08 15:39:19 ....................................................................... ~ 0s
  2026-10-08 15:39:27 ....................................................................... ~ 0s
  2026-10-08 15:39:19 ...................................................................... ~ 29s
  2026-10-08 15:39:57 ....................................................................... ~ 0s
  2026-10-08 15:40:19 ....................................................................... ~ 0s
  2026-10-08 15:40:27 ....................................................................... ~ 0s
  2026-10-08 15:40:19 ...................................................................... ~ 29s
  2026-10-08 15:40:57 ....................................................................... ~ 0s
  2026-10-08 15:41:19 ....................................................................... ~ 0s
  2026-10-08 15:41:27 ....................................................................... ~ 0s
  2026-10-08 15:41:19 ...................................................................... ~ 11s
  2026-10-08 15:41:30 /image/logo/logo1x1.png ............................................... ~ 0s
  2026-10-08 15:41:30 /vendor/livewire/livewire.js?id=e949cd11 .............................. ~ 0s
  2026-10-08 15:41:30 ....................................................................... ~ 2s
  2026-10-08 15:41:32 ....................................................................... ~ 2s
  2026-10-08 15:41:32 ....................................................................... ~ 3s
  2026-10-08 15:41:35 ....................................................................... ~ 0s
  2026-10-08 15:41:34 /image/logo/logo1x1.png ............................................... ~ 1s
  2026-10-08 15:41:35 /vendor/livewire/livewire.js?id=e949cd11 .............................. ~ 0s
  2026-10-08 15:41:35 /vendor/livewire/livewire.js?id=e949cd11 .............................. ~ 0s
  2026-10-08 15:41:35 /image/logo/logo1x1.png ............................................... ~ 0s
  2026-10-08 15:41:37 ....................................................................... ~ 0s
  2026-10-08 15:41:37 ....................................................................... ~ 0s
  2026-10-08 15:41:37 ....................................................................... ~ 0s
  2026-10-08 15:41:37 ....................................................................... ~ 0s
  2026-10-08 15:41:37 /favicon.svg .......................................................... ~ 0s
  2026-10-08 15:41:37 ....................................................................... ~ 1s
  2026-10-08 15:41:37 /favicon.svg .......................................................... ~ 1s
  2026-10-08 15:41:37 ....................................................................... ~ 1s
  2026-10-08 15:41:38 /favicon.svg .......................................................... ~ 0s
  2026-10-08 15:41:57 ....................................................................... ~ 1s
  2026-10-08 15:41:37 ...................................................................... ~ 29s
  2026-10-08 15:42:08 ....................................................................... ~ 0s
  2026-10-08 15:42:28 ....................................................................... ~ 0s
  2026-10-08 15:42:32 ....................................................................... ~ 0s
  2026-10-08 15:42:32 /image/logo/logo1x1.png ............................................... ~ 0s
  2026-10-08 15:42:32 /vendor/livewire/livewire.js?id=e949cd11 .............................. ~ 1s
  2026-10-08 15:42:33 ....................................................................... ~ 0s
  2026-10-08 15:42:33 ....................................................................... ~ 0s
  2026-10-08 15:42:34 ....................................................................... ~ 0s
  2026-10-08 15:42:34 ....................................................................... ~ 0s
  2026-10-08 15:42:34 /favicon.svg .......................................................... ~ 0s
  2026-10-08 15:42:34 ....................................................................... ~ 3s
  2026-10-08 15:42:08 ...................................................................... ~ 30s
  2026-10-08 15:42:58 ....................................................................... ~ 0s
  2026-10-08 15:43:04 ....................................................................... ~ 0s
  2026-10-08 15:43:08 ....................................................................... ~ 0s
  2026-10-08 15:43:28 ....................................................................... ~ 0s
  2026-10-08 15:43:04 ...................................................................... ~ 25s
  2026-10-08 15:43:08 ...................................................................... ~ 22s
  2026-10-08 15:43:30 ....................................................................... ~ 1s
  2026-10-08 15:43:31 ....................................................................... ~ 0s
  2026-10-08 15:43:30 /image/logo/logo1x1.png ............................................... ~ 1s
  2026-10-08 15:43:31 /vendor/livewire/livewire.js?id=e949cd11 .............................. ~ 0s
  2026-10-08 15:43:31 ....................................................................... ~ 0s
  2026-10-08 15:43:31 /image/logo/logo1x1.png ............................................... ~ 0s
  2026-10-08 15:43:31 /vendor/livewire/livewire.js?id=e949cd11 .............................. ~ 0s
  2026-10-08 15:43:31 /image/logo/logo1x1.png ............................................... ~ 0s
  2026-10-08 15:43:31 /vendor/livewire/livewire.js?id=e949cd11 .............................. ~ 0s
  2026-10-08 15:43:33 ....................................................................... ~ 1s
  2026-10-08 15:43:33 ....................................................................... ~ 1s
  2026-10-08 15:43:34 ....................................................................... ~ 2s
  2026-10-08 15:43:31 ....................................................................... ~ 5s
  2026-10-08 15:43:34 /favicon.svg .......................................................... ~ 2s
  2026-10-08 15:43:36 ....................................................................... ~ 1s
  2026-10-08 15:43:37 ....................................................................... ~ 0s
  2026-10-08 15:43:37 ....................................................................... ~ 0s
  2026-10-08 15:43:36 /favicon.svg .......................................................... ~ 1s
  2026-10-08 15:43:37 /favicon.svg .......................................................... ~ 0s
  2026-10-08 15:43:37 ....................................................................... ~ 2s
  2026-10-08 15:43:37 /image/logo/logo1x1.png ............................................... ~ 2s
  2026-10-08 15:43:37 /vendor/livewire/livewire.js?id=e949cd11 .............................. ~ 2s
  2026-10-08 15:43:39 /favicon.svg .......................................................... ~ 0s
  2026-10-08 15:43:39 /image/logo/logo1x1.png ............................................... ~ 0s
  2026-10-08 15:43:39 /vendor/livewire/livewire.js?id=e949cd11 .............................. ~ 0s
  2026-10-08 15:43:39 ....................................................................... ~ 1s
  2026-10-08 15:43:40 ....................................................................... ~ 1s
  2026-10-08 15:43:41 ....................................................................... ~ 0s
  2026-10-08 15:43:41 /favicon.svg .......................................................... ~ 0s
  2026-10-08 15:43:41 ....................................................................... ~ 1s
  2026-10-08 15:43:41 ....................................................................... ~ 1s
  2026-10-08 15:43:58 ....................................................................... ~ 0s
  2026-10-08 15:44:04 ....................................................................... ~ 0s
  2026-10-08 15:43:42 ...................................................................... ~ 30s
  2026-10-08 15:44:28 ....................................................................... ~ 0s
  2026-10-08 15:44:04 ...................................................................... ~ 30s
  2026-10-08 15:44:42 ....................................................................... ~ 0s
  2026-10-08 15:44:58 ....................................................................... ~ 0s
  2026-10-08 15:45:04 ....................................................................... ~ 0s
  2026-10-08 15:44:42 ...................................................................... ~ 30s
  2026-10-08 15:45:28 ....................................................................... ~ 0s
  2026-10-08 15:45:04 ...................................................................... ~ 30s
  2026-10-08 15:45:42 ....................................................................... ~ 0s
  2026-10-08 15:45:58 ....................................................................... ~ 0s
  2026-10-08 15:46:04 ....................................................................... ~ 0s
  2026-10-08 15:45:42 ...................................................................... ~ 30s
  2026-10-08 15:46:28 ....................................................................... ~ 0s
  2026-10-08 15:46:04 ...................................................................... ~ 30s
  2026-10-08 15:46:58 ....................................................................... ~ 0s
  2026-10-08 15:47:04 ....................................................................... ~ 0s
  2026-10-08 15:47:18 ....................................................................... ~ 0s
  2026-10-08 15:47:18 ....................................................................... ~ 1s
  2026-10-08 15:47:28 ....................................................................... ~ 1s
  2026-10-08 15:47:04 ...................................................................... ~ 30s
  2026-10-08 15:47:59 ....................................................................... ~ 0s
  2026-10-08 15:48:04 ....................................................................... ~ 0s
  2026-10-08 15:48:11 ....................................................................... ~ 0s
  2026-10-08 15:48:29 ....................................................................... ~ 0s
  2026-10-08 15:48:04 ...................................................................... ~ 30s
  2026-10-08 15:48:11 ...................................................................... ~ 30s
  2026-10-08 15:48:59 ....................................................................... ~ 0s
  2026-10-08 15:49:04 ....................................................................... ~ 0s
  2026-10-08 15:49:11 ....................................................................... ~ 0s
  2026-10-08 15:49:04 ...................................................................... ~ 24s
  2026-10-08 15:49:28 /image/logo/logo1x1.png ............................................... ~ 0s
  2026-10-08 15:49:28 /vendor/livewire/livewire.js?id=e949cd11 .............................. ~ 0s
  2026-10-08 15:49:28 ....................................................................... ~ 0s
  2026-10-08 15:49:29 ....................................................................... ~ 0s
  2026-10-08 15:49:28 ....................................................................... ~ 1s
  2026-10-08 15:49:29 ....................................................................... ~ 1s
  2026-10-08 15:49:30 /favicon.svg .......................................................... ~ 0s
  2026-10-08 15:49:11 ...................................................................... ~ 29s
  2026-10-08 15:49:40 ....................................................................... ~ 1s
  2026-10-08 15:49:40 ....................................................................... ~ 2s
  2026-10-08 15:49:42 ....................................................................... ~ 0s
  2026-10-08 15:49:41 /image/logo/logo1x1.png ............................................... ~ 1s
  2026-10-08 15:49:42 /image/logo/logo1x1.png ............................................... ~ 0s
  2026-10-08 15:49:42 ....................................................................... ~ 1s
  2026-10-08 15:49:42 /vendor/livewire/livewire.js?id=e949cd11 .............................. ~ 1s
  2026-10-08 15:49:42 /vendor/livewire/livewire.js?id=e949cd11 .............................. ~ 1s
  2026-10-08 15:49:43 /vendor/livewire/livewire.js?id=e949cd11 .............................. ~ 0s
  2026-10-08 15:49:43 /image/logo/logo1x1.png ............................................... ~ 0s
  2026-10-08 15:49:44 ....................................................................... ~ 0s
  2026-10-08 15:49:44 ....................................................................... ~ 1s
  2026-10-08 15:49:45 ....................................................................... ~ 0s
  2026-10-08 15:49:45 ....................................................................... ~ 0s
  2026-10-08 15:49:45 ....................................................................... ~ 0s
  2026-10-08 15:49:44 /favicon.svg .......................................................... ~ 1s
  2026-10-08 15:49:45 ....................................................................... ~ 0s
  2026-10-08 15:49:45 ....................................................................... ~ 1s
  2026-10-08 15:49:45 /favicon.svg .......................................................... ~ 1s
  2026-10-08 15:49:46 ....................................................................... ~ 2s
  2026-10-08 15:49:46 ....................................................................... ~ 3s
  2026-10-08 15:49:45 /favicon.svg .......................................................... ~ 4s
  2026-10-08 15:49:49 ....................................................................... ~ 0s
  2026-10-08 15:49:48 /image/logo/logo1x1.png ............................................... ~ 1s
  2026-10-08 15:49:49 ....................................................................... ~ 0s
  2026-10-08 15:49:49 /vendor/livewire/livewire.js?id=e949cd11 .............................. ~ 0s
  2026-10-08 15:49:49 /image/logo/logo1x1.png ............................................... ~ 0s
  2026-10-08 15:49:49 /vendor/livewire/livewire.js?id=e949cd11 .............................. ~ 0s
  2026-10-08 15:49:49 /vendor/livewire/livewire.js?id=e949cd11 .............................. ~ 0s
  2026-10-08 15:49:49 /image/logo/logo1x1.png ............................................... ~ 0s
  2026-10-08 15:49:50 ....................................................................... ~ 1s
  2026-10-08 15:49:51 ....................................................................... ~ 0s
  2026-10-08 15:49:51 ....................................................................... ~ 1s
  2026-10-08 15:49:51 ....................................................................... ~ 1s
  2026-10-08 15:49:52 ....................................................................... ~ 0s
  2026-10-08 15:49:52 ....................................................................... ~ 1s
  2026-10-08 15:49:52 ....................................................................... ~ 2s
  2026-10-08 15:49:52 /favicon.svg .......................................................... ~ 2s
  2026-10-08 15:49:54 ....................................................................... ~ 0s
  2026-10-08 15:49:54 ....................................................................... ~ 1s
  2026-10-08 15:49:53 /favicon.svg .......................................................... ~ 2s
  2026-10-08 15:49:54 /image/logo/logo1x1.png ............................................... ~ 1s
  2026-10-08 15:49:55 /vendor/livewire/livewire.js?id=e949cd11 .............................. ~ 0s
  2026-10-08 15:49:55 /image/logo/logo1x1.png ............................................... ~ 0s
  2026-10-08 15:49:55 /vendor/livewire/livewire.js?id=e949cd11 .............................. ~ 0s
  2026-10-08 15:49:56 /image/logo/logo1x1.png ............................................... ~ 0s
  2026-10-08 15:49:56 /vendor/livewire/livewire.js?id=e949cd11 .............................. ~ 0s
  2026-10-08 15:49:56 ....................................................................... ~ 1s
  2026-10-08 15:49:55 ....................................................................... ~ 2s
  2026-10-08 15:49:57 ....................................................................... ~ 0s
  2026-10-08 15:49:57 ....................................................................... ~ 0s
  2026-10-08 15:49:57 /favicon.svg .......................................................... ~ 0s
  2026-10-08 15:49:58 ....................................................................... ~ 0s
  2026-10-08 15:49:58 ....................................................................... ~ 0s
  2026-10-08 15:49:58 /favicon.svg .......................................................... ~ 0s
  2026-10-08 15:49:59 ....................................................................... ~ 0s
  2026-10-08 15:49:59 ....................................................................... ~ 0s
  2026-10-08 15:49:59 ....................................................................... ~ 1s
  2026-10-08 15:49:58 ....................................................................... ~ 8s
  2026-10-08 15:49:59 ....................................................................... ~ 8s
  2026-10-08 15:50:07 ....................................................................... ~ 2s
  2026-10-08 15:50:09 ....................................................................... ~ 1s
  2026-10-08 15:50:07 /image/logo/logo1x1.png ............................................... ~ 3s
  2026-10-08 15:50:09 /vendor/livewire/livewire.js?id=e949cd11 .............................. ~ 1s
  2026-10-08 15:50:10 ....................................................................... ~ 0s
  2026-10-08 15:50:10 /image/logo/logo1x1.png ............................................... ~ 0s
  2026-10-08 15:50:10 /vendor/livewire/livewire.js?id=e949cd11 .............................. ~ 0s
  2026-10-08 15:50:10 /image/logo/logo1x1.png ............................................... ~ 0s
  2026-10-08 15:50:10 /vendor/livewire/livewire.js?id=e949cd11 .............................. ~ 0s
  2026-10-08 15:50:09 ....................................................................... ~ 2s
  2026-10-08 15:50:11 ....................................................................... ~ 1s
  2026-10-08 15:50:12 ....................................................................... ~ 0s
  2026-10-08 15:50:12 ....................................................................... ~ 0s
  2026-10-08 15:50:12 /favicon.svg .......................................................... ~ 0s
  2026-10-08 15:50:12 ....................................................................... ~ 1s
  2026-10-08 15:50:13 ....................................................................... ~ 0s
  2026-10-08 15:50:13 ....................................................................... ~ 0s
  2026-10-08 15:50:12 /favicon.svg .......................................................... ~ 1s
  2026-10-08 15:50:13 ....................................................................... ~ 2s
  2026-10-08 15:50:15 ....................................................................... ~ 0s
  2026-10-08 15:50:15 ....................................................................... ~ 0s
  2026-10-08 15:50:13 /image/logo/logo1x1.png ............................................... ~ 2s
  2026-10-08 15:50:15 /vendor/livewire/livewire.js?id=e949cd11 .............................. ~ 0s
  2026-10-08 15:50:15 /favicon.svg .......................................................... ~ 0s
  2026-10-08 15:50:15 /image/logo/logo1x1.png ............................................... ~ 0s
  2026-10-08 15:50:15 /vendor/livewire/livewire.js?id=e949cd11 .............................. ~ 0s
  2026-10-08 15:50:15 /image/logo/logo1x1.png ............................................... ~ 0s
  2026-10-08 15:50:15 /vendor/livewire/livewire.js?id=e949cd11 .............................. ~ 0s
  2026-10-08 15:50:15 ....................................................................... ~ 1s
  2026-10-08 15:50:16 ....................................................................... ~ 1s
  2026-10-08 15:50:16 ....................................................................... ~ 1s
  2026-10-08 15:50:15 ....................................................................... ~ 2s
  2026-10-08 15:50:17 ....................................................................... ~ 0s
  2026-10-08 15:50:17 /favicon.svg .......................................................... ~ 0s
  2026-10-08 15:50:17 ....................................................................... ~ 1s
  2026-10-08 15:50:18 ....................................................................... ~ 0s
  2026-10-08 15:50:29 ....................................................................... ~ 1s
  2026-10-08 15:50:30 ....................................................................... ~ 1s
  2026-10-08 15:50:31 ....................................................................... ~ 1s
  2026-10-08 15:50:31 ....................................................................... ~ 1s
  2026-10-08 15:50:32 ....................................................................... ~ 1s
  2026-10-08 15:50:30 /image/logo/logo1x1.png ............................................... ~ 3s
  2026-10-08 15:50:32 /image/logo/logo1x1.png ............................................... ~ 1s
  2026-10-08 15:50:32 /vendor/livewire/livewire.js?id=e949cd11 .............................. ~ 1s
  2026-10-08 15:50:32 /vendor/livewire/livewire.js?id=e949cd11 .............................. ~ 1s
  2026-10-08 15:50:33 /image/logo/logo1x1.png ............................................... ~ 0s
  2026-10-08 15:50:33 /vendor/livewire/livewire.js?id=e949cd11 .............................. ~ 0s
  2026-10-08 15:50:33 ....................................................................... ~ 0s
  2026-10-08 15:50:35 ....................................................................... ~ 0s
  2026-10-08 15:50:35 ....................................................................... ~ 0s
  2026-10-08 15:50:35 ....................................................................... ~ 0s
  2026-10-08 15:50:35 /favicon.svg .......................................................... ~ 0s
  2026-10-08 15:50:35 ....................................................................... ~ 0s
  2026-10-08 15:50:35 ....................................................................... ~ 1s
  2026-10-08 15:50:35 ....................................................................... ~ 1s
  2026-10-08 15:50:35 /favicon.svg .......................................................... ~ 1s
  2026-10-08 15:50:36 /favicon.svg .......................................................... ~ 0s
  2026-10-08 15:50:35 ...................................................................... ~ 22s
  2026-10-08 15:50:58 /image/logo/logo1x1.png ............................................... ~ 0s
  2026-10-08 15:50:58 /vendor/livewire/livewire.js?id=e949cd11 .............................. ~ 0s
  2026-10-08 15:50:58 ....................................................................... ~ 1s
  2026-10-08 15:50:59 ....................................................................... ~ 0s
  2026-10-08 15:50:59 ....................................................................... ~ 1s
  2026-10-08 15:50:59 /image/logo/logo1x1.png ............................................... ~ 1s
  2026-10-08 15:51:00 /vendor/livewire/livewire.js?id=e949cd11 .............................. ~ 0s
  2026-10-08 15:51:00 /image/logo/logo1x1.png ............................................... ~ 0s
  2026-10-08 15:51:00 /vendor/livewire/livewire.js?id=e949cd11 .............................. ~ 0s
  2026-10-08 15:50:59 ....................................................................... ~ 2s
  2026-10-08 15:51:01 ....................................................................... ~ 0s
  2026-10-08 15:51:01 ....................................................................... ~ 0s
  2026-10-08 15:51:01 ....................................................................... ~ 0s
  2026-10-08 15:51:01 ....................................................................... ~ 0s
  2026-10-08 15:51:01 ....................................................................... ~ 0s
  2026-10-08 15:51:01 /favicon.svg .......................................................... ~ 0s
  2026-10-08 15:51:01 ....................................................................... ~ 1s
  2026-10-08 15:51:01 ....................................................................... ~ 1s
  2026-10-08 15:51:01 /favicon.svg .......................................................... ~ 1s
  2026-10-08 15:51:02 /favicon.svg .......................................................... ~ 0s
  2026-10-08 15:51:03 ....................................................................... ~ 1s
  2026-10-08 15:51:04 ....................................................................... ~ 1s
  2026-10-08 15:51:05 ....................................................................... ~ 1s
  2026-10-08 15:51:04 /image/logo/logo1x1.png ............................................... ~ 2s
  2026-10-08 15:51:05 /image/logo/logo1x1.png ............................................... ~ 1s
  2026-10-08 15:51:06 /vendor/livewire/livewire.js?id=e949cd11 .............................. ~ 0s
  2026-10-08 15:51:06 /vendor/livewire/livewire.js?id=e949cd11 .............................. ~ 0s
  2026-10-08 15:51:06 /image/logo/logo1x1.png ............................................... ~ 0s
  2026-10-08 15:51:06 /vendor/livewire/livewire.js?id=e949cd11 .............................. ~ 0s
  2026-10-08 15:51:07 ....................................................................... ~ 0s
  2026-10-08 15:51:08 ....................................................................... ~ 1s
  2026-10-08 15:51:09 ....................................................................... ~ 0s
  2026-10-08 15:51:09 ....................................................................... ~ 0s
  2026-10-08 15:51:09 ....................................................................... ~ 0s
  2026-10-08 15:51:09 ....................................................................... ~ 0s
  2026-10-08 15:51:09 /favicon.svg .......................................................... ~ 0s
  2026-10-08 15:51:09 /favicon.svg .......................................................... ~ 0s
  2026-10-08 15:51:09 ....................................................................... ~ 1s
  2026-10-08 15:51:11 ....................................................................... ~ 0s
  2026-10-08 15:51:11 /favicon.svg .......................................................... ~ 0s
  2026-10-08 15:51:14 ....................................................................... ~ 1s
  2026-10-08 15:51:15 ....................................................................... ~ 1s
  2026-10-08 15:51:15 ....................................................................... ~ 3s
  2026-10-08 15:51:18 ....................................................................... ~ 0s
  2026-10-08 15:51:15 /image/logo/logo1x1.png ............................................... ~ 3s
  2026-10-08 15:51:16 /image/logo/logo1x1.png ............................................... ~ 2s
  2026-10-08 15:51:18 ....................................................................... ~ 1s
  2026-10-08 15:51:18 /vendor/livewire/livewire.js?id=e949cd11 .............................. ~ 1s
  2026-10-08 15:51:18 /image/logo/logo1x1.png ............................................... ~ 1s
  2026-10-08 15:51:18 /vendor/livewire/livewire.js?id=e949cd11 .............................. ~ 1s
  2026-10-08 15:51:19 /vendor/livewire/livewire.js?id=e949cd11 .............................. ~ 0s
  2026-10-08 15:51:20 ....................................................................... ~ 0s
  2026-10-08 15:51:20 ....................................................................... ~ 0s
  2026-10-08 15:51:20 ....................................................................... ~ 0s
  2026-10-08 15:51:20 /favicon.svg .......................................................... ~ 0s
  2026-10-08 15:51:20 ....................................................................... ~ 0s
  2026-10-08 15:51:20 ....................................................................... ~ 1s
  2026-10-08 15:51:20 ....................................................................... ~ 1s
  2026-10-08 15:51:20 /favicon.svg .......................................................... ~ 1s
  2026-10-08 15:51:21 /favicon.svg .......................................................... ~ 0s
  2026-10-08 15:51:31 ....................................................................... ~ 0s
  2026-10-08 15:51:20 ...................................................................... ~ 15s
  2026-10-08 15:51:35 ....................................................................... ~ 2s
  2026-10-08 15:51:37 ....................................................................... ~ 1s
  2026-10-08 15:51:38 ....................................................................... ~ 1s
  2026-10-08 15:51:37 /image/logo/logo1x1.png ............................................... ~ 2s
  2026-10-08 15:51:38 /image/logo/logo1x1.png ............................................... ~ 1s
  2026-10-08 15:51:39 ....................................................................... ~ 0s
  2026-10-08 15:51:38 /vendor/livewire/livewire.js?id=e949cd11 .............................. ~ 1s
  2026-10-08 15:51:38 /vendor/livewire/livewire.js?id=e949cd11 .............................. ~ 1s
  2026-10-08 15:51:39 /vendor/livewire/livewire.js?id=e949cd11 .............................. ~ 0s
  2026-10-08 15:51:39 /image/logo/logo1x1.png ............................................... ~ 0s
  2026-10-08 15:51:40 ....................................................................... ~ 0s
  2026-10-08 15:51:40 ....................................................................... ~ 0s
  2026-10-08 15:51:40 ....................................................................... ~ 2s
  2026-10-08 15:51:40 ....................................................................... ~ 2s
  2026-10-08 15:51:40 /favicon.svg .......................................................... ~ 2s
  2026-10-08 15:51:42 ....................................................................... ~ 0s
  2026-10-08 15:51:42 ....................................................................... ~ 0s
  2026-10-08 15:51:42 /favicon.svg .......................................................... ~ 0s
  2026-10-08 15:51:42 ....................................................................... ~ 0s
  2026-10-08 15:51:42 ....................................................................... ~ 1s
  2026-10-08 15:51:42 /image/logo/logo1x1.png ............................................... ~ 1s
  2026-10-08 15:51:43 ....................................................................... ~ 0s
  2026-10-08 15:51:42 /favicon.svg .......................................................... ~ 1s
  2026-10-08 15:51:43 /vendor/livewire/livewire.js?id=e949cd11 .............................. ~ 0s
  2026-10-08 15:51:43 /image/logo/logo1x1.png ............................................... ~ 0s
  2026-10-08 15:51:43 /vendor/livewire/livewire.js?id=e949cd11 .............................. ~ 0s
  2026-10-08 15:51:45 ....................................................................... ~ 0s
  2026-10-08 15:51:45 ....................................................................... ~ 0s
  2026-10-08 15:51:45 ....................................................................... ~ 2s
  2026-10-08 15:51:47 ....................................................................... ~ 1s
  2026-10-08 15:51:47 ....................................................................... ~ 2s
  2026-10-08 15:51:48 /favicon.svg .......................................................... ~ 1s
  2026-10-08 15:51:45 /image/logo/logo1x1.png ............................................... ~ 4s
  2026-10-08 15:51:49 ....................................................................... ~ 0s
  2026-10-08 15:51:49 /vendor/livewire/livewire.js?id=e949cd11 .............................. ~ 0s
  2026-10-08 15:51:49 ....................................................................... ~ 3s
  2026-10-08 15:51:52 ....................................................................... ~ 2s
  2026-10-08 15:51:52 ....................................................................... ~ 3s
  2026-10-08 15:51:54 ....................................................................... ~ 1s
  2026-10-08 15:51:55 ....................................................................... ~ 0s
  2026-10-08 15:51:55 /favicon.svg .......................................................... ~ 0s
  2026-10-08 15:51:55 ....................................................................... ~ 0s
  2026-10-08 15:51:55 /image/logo/logo1x1.png ............................................... ~ 0s
  2026-10-08 15:51:55 ....................................................................... ~ 1s
  2026-10-08 15:51:55 /image/logo/logo1x1.png ............................................... ~ 1s
  2026-10-08 15:51:55 /vendor/livewire/livewire.js?id=e949cd11 .............................. ~ 1s
  2026-10-08 15:51:55 /vendor/livewire/livewire.js?id=e949cd11 .............................. ~ 1s
  2026-10-08 15:51:55 /image/logo/logo1x1.png ............................................... ~ 1s
  2026-10-08 15:51:56 /vendor/livewire/livewire.js?id=e949cd11 .............................. ~ 0s
  2026-10-08 15:51:57 ....................................................................... ~ 0s
  2026-10-08 15:51:57 ....................................................................... ~ 0s
  2026-10-08 15:51:57 ....................................................................... ~ 0s
  2026-10-08 15:51:57 ....................................................................... ~ 1s
  2026-10-08 15:51:57 /favicon.svg .......................................................... ~ 1s
  2026-10-08 15:51:58 ....................................................................... ~ 0s
  2026-10-08 15:51:57 /favicon.svg .......................................................... ~ 1s
  2026-10-08 15:51:58 ....................................................................... ~ 0s
  2026-10-08 15:51:58 /favicon.svg .......................................................... ~ 0s
  2026-10-08 15:51:58 ....................................................................... ~ 2s
  2026-10-08 15:52:00 ....................................................................... ~ 1s
  2026-10-08 15:52:00 ....................................................................... ~ 2s
  2026-10-08 15:52:02 ....................................................................... ~ 0s
  2026-10-08 15:52:01 /image/logo/logo1x1.png ............................................... ~ 1s
  2026-10-08 15:52:02 ....................................................................... ~ 0s
  2026-10-08 15:52:02 /image/logo/logo1x1.png ............................................... ~ 0s
  2026-10-08 15:52:02 /vendor/livewire/livewire.js?id=e949cd11 .............................. ~ 0s
  2026-10-08 15:52:02 /vendor/livewire/livewire.js?id=e949cd11 .............................. ~ 0s
  2026-10-08 15:52:03 /image/logo/logo1x1.png ............................................... ~ 0s
  2026-10-08 15:52:03 /vendor/livewire/livewire.js?id=e949cd11 .............................. ~ 0s
  2026-10-08 15:52:03 ....................................................................... ~ 1s
  2026-10-08 15:52:04 ....................................................................... ~ 1s
  2026-10-08 15:52:05 ....................................................................... ~ 0s
  2026-10-08 15:52:05 ....................................................................... ~ 1s
  2026-10-08 15:52:06 ....................................................................... ~ 0s
  2026-10-08 15:52:05 /favicon.svg .......................................................... ~ 1s
  2026-10-08 15:52:06 /favicon.svg .......................................................... ~ 0s
  2026-10-08 15:52:06 ....................................................................... ~ 0s
  2026-10-08 15:52:06 ....................................................................... ~ 1s
  2026-10-08 15:52:06 /favicon.svg .......................................................... ~ 1s
  2026-10-08 15:52:06 ....................................................................... ~ 1s
  2026-10-08 15:52:07 ....................................................................... ~ 3s
  2026-10-08 15:52:07 ....................................................................... ~ 4s
  2026-10-08 15:52:11 ....................................................................... ~ 0s
  2026-10-08 15:52:10 /image/logo/logo1x1.png ............................................... ~ 1s
  2026-10-08 15:52:11 /image/logo/logo1x1.png ............................................... ~ 0s
  2026-10-08 15:52:11 ....................................................................... ~ 0s
  2026-10-08 15:52:11 /vendor/livewire/livewire.js?id=e949cd11 .............................. ~ 0s
  2026-10-08 15:52:11 /vendor/livewire/livewire.js?id=e949cd11 .............................. ~ 0s
  2026-10-08 15:52:11 /image/logo/logo1x1.png ............................................... ~ 0s
  2026-10-08 15:52:12 /vendor/livewire/livewire.js?id=e949cd11 .............................. ~ 0s
  2026-10-08 15:52:11 ....................................................................... ~ 2s
  2026-10-08 15:52:13 ....................................................................... ~ 1s
  2026-10-08 15:52:13 ....................................................................... ~ 1s
  2026-10-08 15:52:14 ....................................................................... ~ 0s
  2026-10-08 15:52:14 /favicon.svg .......................................................... ~ 0s
  2026-10-08 15:52:14 ....................................................................... ~ 2s
  2026-10-08 15:52:14 ....................................................................... ~ 4s
  2026-10-08 15:52:14 /favicon.svg .......................................................... ~ 4s
  2026-10-08 15:52:16 ....................................................................... ~ 2s
  2026-10-08 15:52:18 ....................................................................... ~ 1s
  2026-10-08 15:52:18 ....................................................................... ~ 2s
  2026-10-08 15:52:19 /favicon.svg .......................................................... ~ 1s
  2026-10-08 15:52:20 ....................................................................... ~ 1s
  2026-10-08 15:52:20 /image/logo/logo1x1.png ............................................... ~ 1s
  2026-10-08 15:52:21 ....................................................................... ~ 0s
  2026-10-08 15:52:20 /vendor/livewire/livewire.js?id=e949cd11 .............................. ~ 1s
  2026-10-08 15:52:20 /image/logo/logo1x1.png ............................................... ~ 1s
  2026-10-08 15:52:21 /vendor/livewire/livewire.js?id=e949cd11 .............................. ~ 0s
  2026-10-08 15:52:21 /vendor/livewire/livewire.js?id=e949cd11 .............................. ~ 0s
  2026-10-08 15:52:21 /image/logo/logo1x1.png ............................................... ~ 0s
  2026-10-08 15:52:22 ....................................................................... ~ 0s
  2026-10-08 15:52:22 ....................................................................... ~ 1s
  2026-10-08 15:52:23 ....................................................................... ~ 0s
  2026-10-08 15:52:23 ....................................................................... ~ 0s
  2026-10-08 15:52:22 /favicon.svg .......................................................... ~ 1s
  2026-10-08 15:52:23 /favicon.svg .......................................................... ~ 0s
  2026-10-08 15:52:23 ....................................................................... ~ 1s
  2026-10-08 15:52:24 ....................................................................... ~ 1s
  2026-10-08 15:52:23 ....................................................................... ~ 5s
  2026-10-08 15:52:28 ....................................................................... ~ 1s
  2026-10-08 15:52:28 ....................................................................... ~ 2s
  2026-10-08 15:52:30 ....................................................................... ~ 1s
  2026-10-08 15:52:29 /image/logo/logo1x1.png ............................................... ~ 2s
  2026-10-08 15:52:30 /image/logo/logo1x1.png ............................................... ~ 1s
  2026-10-08 15:52:30 /vendor/livewire/livewire.js?id=e949cd11 .............................. ~ 1s
  2026-10-08 15:52:30 /vendor/livewire/livewire.js?id=e949cd11 .............................. ~ 1s
  2026-10-08 15:52:31 /image/logo/logo1x1.png ............................................... ~ 0s
  2026-10-08 15:52:31 /vendor/livewire/livewire.js?id=e949cd11 .............................. ~ 0s
  2026-10-08 15:52:31 ....................................................................... ~ 0s
  2026-10-08 15:52:32 ....................................................................... ~ 0s
  2026-10-08 15:52:32 ....................................................................... ~ 0s
  2026-10-08 15:52:32 ....................................................................... ~ 0s
  2026-10-08 15:52:32 /favicon.svg .......................................................... ~ 0s
  2026-10-08 15:52:32 ....................................................................... ~ 1s
  2026-10-08 15:52:33 ....................................................................... ~ 0s
  2026-10-08 15:52:33 ....................................................................... ~ 0s
  2026-10-08 15:52:33 ....................................................................... ~ 0s
  2026-10-08 15:52:33 /favicon.svg .......................................................... ~ 0s
  2026-10-08 15:52:33 /favicon.svg .......................................................... ~ 0s
  2026-10-08 15:52:32 ...................................................................... ~ 30s
  2026-10-08 15:53:02 ....................................................................... ~ 0s
  2026-10-08 15:53:02 ....................................................................... ~ 0s
  2026-10-08 15:53:09 ....................................................................... ~ 1s
  2026-10-08 15:53:10 /image/logo/logo1x1.png ............................................... ~ 0s
  2026-10-08 15:53:10 /vendor/livewire/livewire.js?id=e949cd11 .............................. ~ 0s
  2026-10-08 15:53:10 ....................................................................... ~ 0s
  2026-10-08 15:53:10 ....................................................................... ~ 0s
  2026-10-08 15:53:12 ....................................................................... ~ 0s
  2026-10-08 15:53:12 ....................................................................... ~ 1s
  2026-10-08 15:53:12 /favicon.svg .......................................................... ~ 1s
  2026-10-08 15:53:32 ....................................................................... ~ 0s
  2026-10-08 15:53:13 ...................................................................... ~ 28s
  2026-10-08 15:54:02 ....................................................................... ~ 1s
  2026-10-08 15:54:12 ....................................................................... ~ 0s
  2026-10-08 15:53:02 ...................................................................... ~ 74s
  2026-10-08 15:54:33 ....................................................................... ~ 0s
  2026-10-08 15:54:12 ...................................................................... ~ 29s
  2026-10-08 15:55:03 ....................................................................... ~ 0s
  2026-10-08 15:55:12 ....................................................................... ~ 0s
  2026-10-08 15:55:33 ....................................................................... ~ 0s
  2026-10-08 15:55:12 ...................................................................... ~ 29s
  2026-10-08 15:56:03 ....................................................................... ~ 0s
  2026-10-08 15:56:12 ....................................................................... ~ 0s
  2026-10-08 15:56:12 ...................................................................... ~ 21s
  2026-10-08 15:56:33 ....................................................................... ~ 1s
  2026-10-08 15:56:34 ....................................................................... ~ 1s
  2026-10-08 15:56:34 ....................................................................... ~ 1s
  2026-10-08 15:56:35 ....................................................................... ~ 0s
  2026-10-08 15:56:35 /image/logo/logo1x1.png ............................................... ~ 0s
  2026-10-08 15:56:35 /image/logo/logo1x1.png ............................................... ~ 0s
  2026-10-08 15:56:35 ....................................................................... ~ 0s
  2026-10-08 15:56:35 /vendor/livewire/livewire.js?id=e949cd11 .............................. ~ 0s
  2026-10-08 15:56:35 /vendor/livewire/livewire.js?id=e949cd11 .............................. ~ 0s
  2026-10-08 15:56:35 /image/logo/logo1x1.png ............................................... ~ 0s
  2026-10-08 15:56:35 /vendor/livewire/livewire.js?id=e949cd11 .............................. ~ 0s
  2026-10-08 15:56:38 ....................................................................... ~ 0s
  2026-10-08 15:56:38 ....................................................................... ~ 1s
  2026-10-08 15:56:38 /favicon.svg .......................................................... ~ 1s
  2026-10-08 15:56:42 ....................................................................... ~ 1s
  2026-10-08 15:56:42 ....................................................................... ~ 1s
  2026-10-08 15:56:43 ....................................................................... ~ 0s
  2026-10-08 15:56:43 ....................................................................... ~ 0s
  2026-10-08 15:56:43 /favicon.svg .......................................................... ~ 0s
  2026-10-08 15:56:43 /favicon.svg .......................................................... ~ 0s
  2026-10-08 15:56:39 ....................................................................... ~ 5s
  2026-10-08 15:56:45 ....................................................................... ~ 1s
  2026-10-08 15:56:46 ....................................................................... ~ 1s
  2026-10-08 15:56:46 ....................................................................... ~ 2s
  2026-10-08 15:56:48 ....................................................................... ~ 0s
  2026-10-08 15:56:46 /image/logo/logo1x1.png ............................................... ~ 2s
  2026-10-08 15:56:47 /image/logo/logo1x1.png ............................................... ~ 1s
  2026-10-08 15:56:48 /vendor/livewire/livewire.js?id=e949cd11 .............................. ~ 0s
  2026-10-08 15:56:48 /vendor/livewire/livewire.js?id=e949cd11 .............................. ~ 0s
  2026-10-08 15:56:48 /image/logo/logo1x1.png ............................................... ~ 0s
  2026-10-08 15:56:48 /vendor/livewire/livewire.js?id=e949cd11 .............................. ~ 0s
  2026-10-08 15:56:48 ....................................................................... ~ 0s
  2026-10-08 15:56:49 ....................................................................... ~ 0s
  2026-10-08 15:56:49 ....................................................................... ~ 0s
  2026-10-08 15:56:49 ....................................................................... ~ 0s
  2026-10-08 15:56:49 ....................................................................... ~ 1s
  2026-10-08 15:56:49 /favicon.svg .......................................................... ~ 1s
  2026-10-08 15:56:49 /favicon.svg .......................................................... ~ 1s
  2026-10-08 15:56:50 ....................................................................... ~ 0s
  2026-10-08 15:56:50 ....................................................................... ~ 0s
  2026-10-08 15:56:50 /favicon.svg .......................................................... ~ 0s
  2026-10-08 15:56:50 ....................................................................... ~ 2s
  2026-10-08 15:57:04 ....................................................................... ~ 0s
  2026-10-08 15:57:19 ....................................................................... ~ 0s
  2026-10-08 15:57:21 ....................................................................... ~ 0s
  2026-10-08 15:57:19 ....................................................................... ~ 9s
  2026-10-08 15:57:21 ...................................................................... ~ 10s
  2026-10-08 15:57:28 ....................................................................... ~ 5s
  2026-10-08 15:57:33 ....................................................................... ~ 0s
  2026-10-08 15:57:31 /image/logo/logo1x1.png ............................................... ~ 2s
  2026-10-08 15:57:33 ....................................................................... ~ 1s
  2026-10-08 15:57:33 /vendor/livewire/livewire.js?id=e949cd11 .............................. ~ 1s
  2026-10-08 15:57:33 /image/logo/logo1x1.png ............................................... ~ 1s
  2026-10-08 15:57:33 /vendor/livewire/livewire.js?id=e949cd11 .............................. ~ 1s
  2026-10-08 15:57:34 /image/logo/logo1x1.png ............................................... ~ 0s
  2026-10-08 15:57:34 /vendor/livewire/livewire.js?id=e949cd11 .............................. ~ 0s
  2026-10-08 15:57:35 ....................................................................... ~ 0s
  2026-10-08 15:57:35 ....................................................................... ~ 0s
  2026-10-08 15:57:35 ....................................................................... ~ 1s
  2026-10-08 15:57:36 ....................................................................... ~ 0s
  2026-10-08 15:57:36 ....................................................................... ~ 0s
  2026-10-08 15:57:36 ....................................................................... ~ 0s
  2026-10-08 15:57:35 /favicon.svg .......................................................... ~ 1s
  2026-10-08 15:57:36 ....................................................................... ~ 0s
  2026-10-08 15:57:36 /favicon.svg .......................................................... ~ 0s
  2026-10-08 15:57:36 /favicon.svg .......................................................... ~ 0s
  2026-10-08 15:57:36 ...................................................................... ~ 11s
  2026-10-08 15:57:47 ....................................................................... ~ 2s
  2026-10-08 15:57:47 ....................................................................... ~ 3s
  2026-10-08 15:57:50 ....................................................................... ~ 0s
  2026-10-08 15:57:49 /image/logo/logo1x1.png ............................................... ~ 1s
  2026-10-08 15:57:50 /image/logo/logo1x1.png ............................................... ~ 0s
  2026-10-08 15:57:50 ....................................................................... ~ 0s
  2026-10-08 15:57:50 /vendor/livewire/livewire.js?id=e949cd11 .............................. ~ 0s
  2026-10-08 15:57:50 /vendor/livewire/livewire.js?id=e949cd11 .............................. ~ 0s
  2026-10-08 15:57:50 /image/logo/logo1x1.png ............................................... ~ 0s
  2026-10-08 15:57:50 /vendor/livewire/livewire.js?id=e949cd11 .............................. ~ 0s
  2026-10-08 15:57:51 ....................................................................... ~ 0s
  2026-10-08 15:57:51 ....................................................................... ~ 1s
  2026-10-08 15:57:52 ....................................................................... ~ 1s
  2026-10-08 15:57:52 ....................................................................... ~ 1s
  2026-10-08 15:57:51 /favicon.svg .......................................................... ~ 2s
  2026-10-08 15:57:53 ....................................................................... ~ 0s
  2026-10-08 15:57:53 ....................................................................... ~ 0s
  2026-10-08 15:57:53 /favicon.svg .......................................................... ~ 0s
  2026-10-08 15:57:53 /favicon.svg .......................................................... ~ 0s
  2026-10-08 15:58:05 ....................................................................... ~ 0s
  2026-10-08 15:57:53 ...................................................................... ~ 28s
  2026-10-08 15:58:23 ....................................................................... ~ 0s
  2026-10-08 15:58:35 ....................................................................... ~ 0s
  2026-10-08 15:58:51 ....................................................................... ~ 0s
  2026-10-08 15:58:51 ....................................................................... ~ 2s
  2026-10-08 15:58:23 ...................................................................... ~ 31s
  2026-10-08 15:58:53 ....................................................................... ~ 3s
  2026-10-08 15:58:54 ....................................................................... ~ 3s
  2026-10-08 15:58:57 ....................................................................... ~ 0s
  2026-10-08 15:58:56 /image/logo/logo1x1.png ............................................... ~ 1s
  2026-10-08 15:58:57 ....................................................................... ~ 0s
  2026-10-08 15:58:57 /vendor/livewire/livewire.js?id=e949cd11 .............................. ~ 0s
  2026-10-08 15:58:57 /image/logo/logo1x1.png ............................................... ~ 0s
  2026-10-08 15:58:57 /vendor/livewire/livewire.js?id=e949cd11 .............................. ~ 0s
  2026-10-08 15:58:57 /vendor/livewire/livewire.js?id=e949cd11 .............................. ~ 0s
  2026-10-08 15:58:57 /image/logo/logo1x1.png ............................................... ~ 0s
  2026-10-08 15:59:00 ....................................................................... ~ 0s
  2026-10-08 15:59:00 ....................................................................... ~ 1s
  2026-10-08 15:59:01 ....................................................................... ~ 0s
  2026-10-08 15:59:01 /favicon.svg .......................................................... ~ 0s
  2026-10-08 15:59:01 ....................................................................... ~ 1s
  2026-10-08 15:59:02 ....................................................................... ~ 0s
  2026-10-08 15:59:02 ....................................................................... ~ 2s
  2026-10-08 15:59:02 /favicon.svg .......................................................... ~ 2s
  2026-10-08 15:59:04 ....................................................................... ~ 0s
  2026-10-08 15:59:04 ....................................................................... ~ 0s
  2026-10-08 15:59:04 /image/logo/logo1x1.png ............................................... ~ 0s
  2026-10-08 15:59:04 ....................................................................... ~ 1s
  2026-10-08 15:59:04 /favicon.svg .......................................................... ~ 1s
  2026-10-08 15:59:04 /vendor/livewire/livewire.js?id=e949cd11 .............................. ~ 1s
  2026-10-08 15:59:05 /image/logo/logo1x1.png ............................................... ~ 0s
  2026-10-08 15:59:05 /vendor/livewire/livewire.js?id=e949cd11 .............................. ~ 0s
  2026-10-08 15:59:05 ....................................................................... ~ 0s
  2026-10-08 15:59:06 ....................................................................... ~ 1s
  2026-10-08 15:59:07 ....................................................................... ~ 0s
  2026-10-08 15:59:07 ....................................................................... ~ 0s
  2026-10-08 15:59:07 ....................................................................... ~ 0s
  2026-10-08 15:59:07 /favicon.svg .......................................................... ~ 0s
  2026-10-08 15:59:07 /favicon.svg .......................................................... ~ 0s
  2026-10-08 15:59:04 ...................................................................... ~ 24s
  2026-10-08 15:59:29 /image/logo/logo1x1.png ............................................... ~ 0s
  2026-10-08 15:59:29 /vendor/livewire/livewire.js?id=e949cd11 .............................. ~ 0s
  2026-10-08 15:59:29 ....................................................................... ~ 0s
  2026-10-08 15:59:29 ....................................................................... ~ 1s
  2026-10-08 15:59:31 ....................................................................... ~ 0s
  2026-10-08 15:59:31 ....................................................................... ~ 0s
  2026-10-08 15:59:31 /favicon.svg .......................................................... ~ 0s
  2026-10-08 15:59:31 ....................................................................... ~ 3s
  2026-10-08 15:59:35 ....................................................................... ~ 0s
  2026-10-08 15:59:37 ....................................................................... ~ 0s
  2026-10-08 16:00:01 ....................................................................... ~ 0s
  2026-10-08 16:00:05 ....................................................................... ~ 0s
  2026-10-08 15:59:37 ...................................................................... ~ 30s
  2026-10-08 16:00:01 ...................................................................... ~ 29s
  2026-10-08 16:00:35 ....................................................................... ~ 1s
  2026-10-08 16:00:52 ....................................................................... ~ 0s
  2026-10-08 16:00:52 ....................................................................... ~ 8s
  2026-10-08 16:01:06 ....................................................................... ~ 0s
  2026-10-08 16:01:31 ....................................................................... ~ 0s
  2026-10-08 16:01:36 ....................................................................... ~ 0s
  2026-10-08 16:01:31 ...................................................................... ~ 29s
  2026-10-08 16:02:06 ....................................................................... ~ 0s
  2026-10-08 16:02:30 ....................................................................... ~ 1s
  2026-10-08 16:02:31 ....................................................................... ~ 1s
  2026-10-08 16:02:32 ....................................................................... ~ 1s
  2026-10-08 16:02:31 /image/logo/logo1x1.png ............................................... ~ 2s
  2026-10-08 16:02:33 ....................................................................... ~ 0s
  2026-10-08 16:02:33 /vendor/livewire/livewire.js?id=e949cd11 .............................. ~ 0s
  2026-10-08 16:02:32 /image/logo/logo1x1.png ............................................... ~ 1s
  2026-10-08 16:02:33 /vendor/livewire/livewire.js?id=e949cd11 .............................. ~ 0s
  2026-10-08 16:02:33 ....................................................................... ~ 0s
  2026-10-08 16:02:34 ....................................................................... ~ 1s
  2026-10-08 16:02:34 ....................................................................... ~ 1s
  2026-10-08 16:02:35 /favicon.svg .......................................................... ~ 0s
  2026-10-08 16:02:36 ....................................................................... ~ 0s
  2026-10-08 16:02:36 ....................................................................... ~ 0s
  2026-10-08 16:02:36 /favicon.svg .......................................................... ~ 0s
  2026-10-08 16:02:36 ....................................................................... ~ 0s
  2026-10-08 16:02:36 ....................................................................... ~ 1s
  2026-10-08 16:02:35 ....................................................................... ~ 3s
  2026-10-08 16:02:38 /image/logo/logo1x1.png ............................................... ~ 0s
  2026-10-08 16:02:38 /vendor/livewire/livewire.js?id=e949cd11 .............................. ~ 0s
  2026-10-08 16:02:37 /image/logo/logo1x1.png ............................................... ~ 2s
  2026-10-08 16:02:39 ....................................................................... ~ 0s
  2026-10-08 16:02:39 /vendor/livewire/livewire.js?id=e949cd11 .............................. ~ 0s
  2026-10-08 16:02:38 ....................................................................... ~ 3s
  2026-10-08 16:02:41 ....................................................................... ~ 1s
  2026-10-08 16:02:42 ....................................................................... ~ 0s
  2026-10-08 16:02:42 /favicon.svg .......................................................... ~ 0s
  2026-10-08 16:02:42 ....................................................................... ~ 0s
  2026-10-08 16:02:42 ....................................................................... ~ 0s
  2026-10-08 16:02:42 /favicon.svg .......................................................... ~ 0s
  2026-10-08 16:02:42 ....................................................................... ~ 2s
  2026-10-08 16:02:42 ....................................................................... ~ 3s
  2026-10-08 16:02:45 ....................................................................... ~ 0s
  2026-10-08 16:02:45 /image/logo/logo1x1.png ............................................... ~ 0s
  2026-10-08 16:02:45 /vendor/livewire/livewire.js?id=e949cd11 .............................. ~ 0s
  2026-10-08 16:02:44 /image/logo/logo1x1.png ............................................... ~ 1s
  2026-10-08 16:02:46 /vendor/livewire/livewire.js?id=e949cd11 .............................. ~ 0s
  2026-10-08 16:02:46 ....................................................................... ~ 0s
  2026-10-08 16:02:46 ....................................................................... ~ 1s
  2026-10-08 16:02:46 ....................................................................... ~ 1s
  2026-10-08 16:02:47 /favicon.svg .......................................................... ~ 0s
  2026-10-08 16:02:48 ....................................................................... ~ 0s
  2026-10-08 16:02:48 ....................................................................... ~ 0s
  2026-10-08 16:02:48 /favicon.svg .......................................................... ~ 0s
  2026-10-08 16:02:47 ....................................................................... ~ 3s
  2026-10-08 16:02:48 ....................................................................... ~ 4s
  2026-10-08 16:02:52 ....................................................................... ~ 0s
  2026-10-08 16:02:52 /image/logo/logo1x1.png ............................................... ~ 0s
  2026-10-08 16:02:52 /vendor/livewire/livewire.js?id=e949cd11 .............................. ~ 0s
  2026-10-08 16:02:50 /image/logo/logo1x1.png ............................................... ~ 2s
  2026-10-08 16:02:52 /vendor/livewire/livewire.js?id=e949cd11 .............................. ~ 0s
  2026-10-08 16:02:53 ....................................................................... ~ 0s
  2026-10-08 16:02:55 ....................................................................... ~ 0s
  2026-10-08 16:02:55 ....................................................................... ~ 0s
  2026-10-08 16:02:55 /favicon.svg .......................................................... ~ 0s
  2026-10-08 16:02:56 ....................................................................... ~ 0s
  2026-10-08 16:02:56 ....................................................................... ~ 0s
  2026-10-08 16:02:56 /favicon.svg .......................................................... ~ 0s
  2026-10-08 16:02:55 ....................................................................... ~ 2s
  2026-10-08 16:02:56 ....................................................................... ~ 3s
  2026-10-08 16:02:59 /image/logo/logo1x1.png ............................................... ~ 0s
  2026-10-08 16:02:59 /vendor/livewire/livewire.js?id=e949cd11 .............................. ~ 0s
  2026-10-08 16:02:57 /image/logo/logo1x1.png ............................................... ~ 2s
  2026-10-08 16:02:59 /vendor/livewire/livewire.js?id=e949cd11 .............................. ~ 0s
  2026-10-08 16:02:59 ....................................................................... ~ 1s
  2026-10-08 16:03:00 ....................................................................... ~ 0s
  2026-10-08 16:03:02 ....................................................................... ~ 0s
  2026-10-08 16:03:02 ....................................................................... ~ 0s
  2026-10-08 16:03:02 /favicon.svg .......................................................... ~ 0s
  2026-10-08 16:03:03 ....................................................................... ~ 0s
  2026-10-08 16:03:03 ....................................................................... ~ 0s
  2026-10-08 16:03:03 /favicon.svg .......................................................... ~ 0s
  2026-10-08 16:03:06 ....................................................................... ~ 0s
  2026-10-08 16:03:02 ...................................................................... ~ 15s
  2026-10-08 16:03:17 /image/logo/logo1x1.png ............................................... ~ 0s
  2026-10-08 16:03:17 /vendor/livewire/livewire.js?id=e949cd11 .............................. ~ 0s
  2026-10-08 16:03:17 ....................................................................... ~ 0s
  2026-10-08 16:03:17 ....................................................................... ~ 1s
  2026-10-08 16:03:19 ....................................................................... ~ 0s
  2026-10-08 16:03:19 ....................................................................... ~ 0s
  2026-10-08 16:03:19 /favicon.svg .......................................................... ~ 0s
  2026-10-08 16:03:19 ....................................................................... ~ 3s
  2026-10-08 16:03:03 ...................................................................... ~ 30s
  2026-10-08 16:03:36 ....................................................................... ~ 0s
  2026-10-08 16:03:48 ....................................................................... ~ 0s
  2026-10-08 16:04:03 ....................................................................... ~ 0s
  2026-10-08 16:04:06 ....................................................................... ~ 0s
  2026-10-08 16:03:48 ...................................................................... ~ 30s
  2026-10-08 16:04:03 ...................................................................... ~ 30s
  2026-10-08 16:04:36 ....................................................................... ~ 0s
  2026-10-08 16:04:48 ....................................................................... ~ 0s
  2026-10-08 16:05:03 ....................................................................... ~ 0s
  2026-10-08 16:05:06 ....................................................................... ~ 1s
  2026-10-08 16:04:48 ...................................................................... ~ 30s
  2026-10-08 16:05:37 ....................................................................... ~ 0s
  2026-10-08 16:05:48 ....................................................................... ~ 1s
  2026-10-08 16:05:03 ...................................................................... ~ 61s
  2026-10-08 16:06:07 ....................................................................... ~ 0s
  2026-10-08 16:05:49 ...................................................................... ~ 29s
  2026-10-08 16:06:37 ....................................................................... ~ 0s
  2026-10-08 16:06:48 ....................................................................... ~ 0s
  2026-10-08 16:07:07 ....................................................................... ~ 0s
  2026-10-08 16:06:48 ...................................................................... ~ 30s
  2026-10-08 16:07:37 ....................................................................... ~ 0s
  2026-10-08 16:07:48 ....................................................................... ~ 0s
  2026-10-08 16:07:48 ...................................................................... ~ 14s
  2026-10-08 16:08:02 ....................................................................... ~ 2s
  2026-10-08 16:08:04 /image/logo/logo1x1.png ............................................... ~ 0s
  2026-10-08 16:08:04 /vendor/livewire/livewire.js?id=e949cd11 .............................. ~ 0s
  2026-10-08 16:08:04 ....................................................................... ~ 1s
  2026-10-08 16:08:05 ....................................................................... ~ 0s
  2026-10-08 16:08:02 /image/logo/logo1x1.png ............................................... ~ 3s
  2026-10-08 16:08:04 /vendor/livewire/livewire.js?id=e949cd11 .............................. ~ 1s
  2026-10-08 16:08:06 ....................................................................... ~ 0s
  2026-10-08 16:08:06 ....................................................................... ~ 0s
  2026-10-08 16:08:06 /favicon.svg .......................................................... ~ 0s
  2026-10-08 16:08:06 ....................................................................... ~ 2s
  2026-10-08 16:08:08 ....................................................................... ~ 0s
  2026-10-08 16:08:08 ....................................................................... ~ 1s
  2026-10-08 16:08:09 ....................................................................... ~ 1s
  2026-10-08 16:08:09 ....................................................................... ~ 1s
  2026-10-08 16:08:08 /favicon.svg .......................................................... ~ 2s
  2026-10-08 16:08:10 ....................................................................... ~ 0s
  2026-10-08 16:08:10 /image/logo/logo1x1.png ............................................... ~ 0s
  2026-10-08 16:08:10 /vendor/livewire/livewire.js?id=e949cd11 .............................. ~ 0s
  2026-10-08 16:08:11 /image/logo/logo1x1.png ............................................... ~ 0s
  2026-10-08 16:08:11 /vendor/livewire/livewire.js?id=e949cd11 .............................. ~ 0s
  2026-10-08 16:08:11 ....................................................................... ~ 1s
  2026-10-08 16:08:15 ....................................................................... ~ 0s
  2026-10-08 16:08:15 ....................................................................... ~ 0s
  2026-10-08 16:08:15 /favicon.svg .......................................................... ~ 0s
  2026-10-08 16:08:12 ....................................................................... ~ 3s
  2026-10-08 16:08:15 ....................................................................... ~ 1s
  2026-10-08 16:08:38 ....................................................................... ~ 1s
  2026-10-08 16:08:15 ...................................................................... ~ 29s
  2026-10-08 16:08:46 ....................................................................... ~ 0s
  2026-10-08 16:09:09 ....................................................................... ~ 0s
  2026-10-08 16:09:14 ....................................................................... ~ 0s
  2026-10-08 16:08:46 ...................................................................... ~ 30s
  2026-10-08 16:09:39 ....................................................................... ~ 0s
  2026-10-08 16:09:14 ...................................................................... ~ 30s
  2026-10-08 16:09:46 ....................................................................... ~ 0s
  2026-10-08 16:10:09 ....................................................................... ~ 0s
  2026-10-08 16:10:14 ....................................................................... ~ 0s
  2026-10-08 16:09:46 ...................................................................... ~ 30s
  2026-10-08 16:10:39 ....................................................................... ~ 0s
  2026-10-08 16:10:14 ...................................................................... ~ 30s
  2026-10-08 16:10:46 ....................................................................... ~ 0s
  2026-10-08 16:11:09 ....................................................................... ~ 0s
  2026-10-08 16:11:14 ....................................................................... ~ 0s
  2026-10-08 16:10:46 ...................................................................... ~ 32s
  2026-10-08 16:11:14 ...................................................................... ~ 24s
  2026-10-08 16:11:38 /image/logo/logo1x1.png ............................................... ~ 0s
  2026-10-08 16:11:38 /vendor/livewire/livewire.js?id=e949cd11 .............................. ~ 0s
  2026-10-08 16:11:39 ....................................................................... ~ 0s
  2026-10-08 16:11:39 ....................................................................... ~ 1s
  2026-10-08 16:11:40 ....................................................................... ~ 0s
  2026-10-08 16:11:40 ....................................................................... ~ 0s
  2026-10-08 16:11:40 /favicon.svg .......................................................... ~ 0s
  2026-10-08 16:11:40 ....................................................................... ~ 2s
  2026-10-08 16:12:09 ....................................................................... ~ 0s
  2026-10-08 16:12:09 ....................................................................... ~ 0s
  2026-10-08 16:12:09 ...................................................................... ~ 30s
  2026-10-08 16:12:39 ....................................................................... ~ 1s
